{
"type": "FeatureCollection",
"name": "spine",
"crs": { "type": "name", "properties": { "name": "urn:ogc:def:crs:OGC:1.3:CRS84" } },
"features": [
{ "type": "Feature", "properties": { "trail_name": "vermont_long_trail", "schema_version": "1.0", "geometry_id": "defined_trail_spine", "source_path": "raw/gpx/long-trail-spine.gpx", "source_kind": "Raw GPX track", "source_license_status": "UNKNOWN — needs review", "elevation_status": "complete", "elevation_unit": "m", "elevation_method": "source_embedded_gpx_ele", "elevation_coordinate_count": 19817 }, "geometry": { "type": "LineString", "coordinates": [ [ -73.1555346, 42.7438189, 712.0 ], [ -73.1553688, 42.7441642, 711.19921875 ], [ -73.1551318, 42.7444664, 709.5 ], [ -73.1550155, 42.7446609, 708.296875 ], [ -73.1547886, 42.7450126, 706.796875 ], [ -73.1544432, 42.7453115, 702.296875 ], [ -73.1542219, 42.7455346, 697.8984375 ], [ -73.1539394, 42.745756, 692.8984375 ], [ -73.1536911, 42.7459194, 688.5 ], [ -73.1534142, 42.7461987, 685.09765625 ], [ -73.1532337, 42.7464544, 686.59765625 ], [ -73.1530667, 42.7465013, 686.0 ], [ -73.1528795, 42.7464814, 683.8984375 ], [ -73.1526389, 42.7464719, 680.296875 ], [ -73.1525853, 42.7464795, 679.3984375 ], [ -73.1523082, 42.7465094, 673.8984375 ], [ -73.1520869, 42.7465456, 670.09765625 ], [ -73.151904, 42.7466277, 668.19921875 ], [ -73.1516742, 42.746695, 665.69921875 ], [ -73.1515418, 42.7466822, 661.3984375 ], [ -73.1513871, 42.7465396, 656.09765625 ], [ -73.1511542, 42.7465987, 652.296875 ], [ -73.1509331, 42.7467666, 647.8984375 ], [ -73.1507428, 42.7467749, 646.796875 ], [ -73.1505485, 42.7467663, 645.5 ], [ -73.1504113, 42.7468467, 644.19921875 ], [ -73.1502932, 42.7469019, 643.3984375 ], [ -73.1501351, 42.7469262, 644.3984375 ], [ -73.1499554, 42.7469593, 646.296875 ], [ -73.1496265, 42.7469712, 654.09765625 ], [ -73.1494188, 42.7469471, 658.296875 ], [ -73.1492133, 42.7469732, 660.5 ], [ -73.1486119, 42.747206, 663.296875 ], [ -73.1483808, 42.7473628, 659.19921875 ], [ -73.1482328, 42.7473684, 658.5 ], [ -73.1479662, 42.7475084, 658.5 ], [ -73.1476352, 42.7476957, 662.3984375 ], [ -73.1473857, 42.7478847, 664.69921875 ], [ -73.1472674, 42.7480086, 666.59765625 ], [ -73.1470746, 42.7480305, 669.796875 ], [ -73.1469646, 42.7480246, 671.3984375 ], [ -73.1467071, 42.748125, 673.59765625 ], [ -73.1465408, 42.7483161, 673.296875 ], [ -73.1462511, 42.748584, 670.19921875 ], [ -73.1460607, 42.7488184, 665.69921875 ], [ -73.1459561, 42.7488153, 665.796875 ], [ -73.1453848, 42.7485505, 663.19921875 ], [ -73.1446512, 42.7483045, 650.69921875 ], [ -73.1442744, 42.7483181, 647.296875 ], [ -73.1440893, 42.748387, 646.296875 ], [ -73.1435528, 42.7485426, 643.3984375 ], [ -73.1431237, 42.7486253, 639.5 ], [ -73.1428796, 42.7485997, 637.09765625 ], [ -73.1425781, 42.7488146, 637.19921875 ], [ -73.1423407, 42.7491634, 638.0 ], [ -73.1421286, 42.7495767, 637.0 ], [ -73.1420213, 42.7499706, 635.69921875 ], [ -73.1419516, 42.7501636, 635.09765625 ], [ -73.1419623, 42.7504039, 636.19921875 ], [ -73.1420159, 42.7505536, 637.09765625 ], [ -73.141973, 42.750786, 636.69921875 ], [ -73.1418389, 42.7510801, 636.69921875 ], [ -73.1419596, 42.7514675, 639.19921875 ], [ -73.142041, 42.7517396, 639.296875 ], [ -73.1421876, 42.7519205, 640.69921875 ], [ -73.1422407, 42.7521683, 640.796875 ], [ -73.1421597, 42.7524128, 639.796875 ], [ -73.1417682, 42.7526477, 638.3984375 ], [ -73.1417236, 42.7527792, 638.59765625 ], [ -73.1417301, 42.7529001, 639.0 ], [ -73.141804, 42.753051, 639.5 ], [ -73.1417584, 42.7532066, 640.3984375 ], [ -73.1414753, 42.753302, 643.09765625 ], [ -73.1411415, 42.7536261, 645.0 ], [ -73.1410289, 42.7538821, 645.796875 ], [ -73.1408357, 42.7540738, 647.0 ], [ -73.1406817, 42.7542811, 647.59765625 ], [ -73.140623, 42.7543915, 647.5 ], [ -73.1406337, 42.7545421, 647.09765625 ], [ -73.1406346, 42.7546876, 646.5 ], [ -73.1407097, 42.7549259, 644.796875 ], [ -73.1406856, 42.7551583, 642.69921875 ], [ -73.1405892, 42.7552711, 641.5 ], [ -73.140242, 42.7553416, 642.69921875 ], [ -73.1400255, 42.7554922, 642.59765625 ], [ -73.1398509, 42.7556255, 642.8984375 ], [ -73.1396289, 42.7558075, 643.3984375 ], [ -73.1394259, 42.75594, 644.19921875 ], [ -73.139382, 42.756084, 643.3984375 ], [ -73.1391835, 42.7562179, 643.8984375 ], [ -73.1390762, 42.7563715, 644.8984375 ], [ -73.1390843, 42.7565487, 645.796875 ], [ -73.1390199, 42.7566571, 645.8984375 ], [ -73.1389694, 42.7568262, 646.3984375 ], [ -73.138856, 42.7569055, 646.19921875 ], [ -73.1387632, 42.7570805, 646.09765625 ], [ -73.1386291, 42.7572452, 647.3984375 ], [ -73.1384898, 42.7574143, 648.0 ], [ -73.1383666, 42.7574999, 647.3984375 ], [ -73.1380168, 42.757547, 648.3984375 ], [ -73.137908, 42.7576171, 649.19921875 ], [ -73.1377141, 42.7576994, 649.796875 ], [ -73.1375723, 42.7578789, 651.19921875 ], [ -73.1375323, 42.7579683, 652.09765625 ], [ -73.1374617, 42.7582604, 656.8984375 ], [ -73.1374481, 42.758463, 660.296875 ], [ -73.1374508, 42.7585831, 664.0 ], [ -73.1373736, 42.7586978, 668.796875 ], [ -73.1372338, 42.7588006, 673.5 ], [ -73.1370923, 42.7589521, 678.5 ], [ -73.1369752, 42.7590333, 681.0 ], [ -73.1368205, 42.7591857, 679.8984375 ], [ -73.1367818, 42.7593722, 682.296875 ], [ -73.1367749, 42.7595264, 684.19921875 ], [ -73.1367052, 42.7597194, 686.19921875 ], [ -73.1366678, 42.7598464, 688.69921875 ], [ -73.1366649, 42.7600246, 689.3984375 ], [ -73.1367239, 42.7601428, 690.796875 ], [ -73.1368259, 42.760324, 692.5 ], [ -73.1368866, 42.7604252, 693.69921875 ], [ -73.1368741, 42.7605878, 691.3984375 ], [ -73.1369147, 42.760741, 689.3984375 ], [ -73.1370272, 42.7607928, 689.09765625 ], [ -73.1372293, 42.7608565, 690.296875 ], [ -73.1373608, 42.7609734, 691.5 ], [ -73.1376368, 42.7611774, 694.59765625 ], [ -73.1377672, 42.7613578, 695.09765625 ], [ -73.1377848, 42.7614929, 694.296875 ], [ -73.1377489, 42.7616744, 692.0 ], [ -73.1377378, 42.7618856, 688.8984375 ], [ -73.137719, 42.7623523, 680.796875 ], [ -73.1376388, 42.7625134, 679.19921875 ], [ -73.1374669, 42.762628, 676.69921875 ], [ -73.1372094, 42.7629194, 672.8984375 ], [ -73.1372121, 42.763075, 673.5 ], [ -73.137277, 42.763191, 674.59765625 ], [ -73.137365, 42.7633428, 676.8984375 ], [ -73.1373864, 42.7635496, 679.0 ], [ -73.1373604, 42.7638006, 681.59765625 ], [ -73.1372225, 42.7639274, 682.59765625 ], [ -73.1371799, 42.7640812, 684.09765625 ], [ -73.1372979, 42.7643234, 686.19921875 ], [ -73.136946, 42.7646631, 683.19921875 ], [ -73.1369659, 42.764793, 681.8984375 ], [ -73.1368806, 42.7652182, 676.796875 ], [ -73.1368442, 42.765454, 673.796875 ], [ -73.1368651, 42.76563, 671.3984375 ], [ -73.1369118, 42.7657502, 669.796875 ], [ -73.1368902, 42.7658259, 668.19921875 ], [ -73.1369197, 42.7659716, 665.8984375 ], [ -73.1369251, 42.7660917, 663.3984375 ], [ -73.1369117, 42.7662709, 659.296875 ], [ -73.136844, 42.7664139, 656.0 ], [ -73.1369332, 42.7665781, 652.59765625 ], [ -73.1370753, 42.7667435, 648.69921875 ], [ -73.1372427, 42.766811, 646.8984375 ], [ -73.1373569, 42.7670506, 640.796875 ], [ -73.1374589, 42.7671589, 639.0 ], [ -73.1375071, 42.7673007, 636.796875 ], [ -73.1376761, 42.7675075, 634.5 ], [ -73.1377674, 42.7676911, 633.19921875 ], [ -73.1377082, 42.767759, 633.8984375 ], [ -73.1375945, 42.7678197, 635.0 ], [ -73.1375659, 42.7679264, 635.5 ], [ -73.1374231, 42.7680635, 636.796875 ], [ -73.1374325, 42.7682202, 637.3984375 ], [ -73.1372106, 42.768465, 640.0 ], [ -73.1370351, 42.7687401, 643.19921875 ], [ -73.1368819, 42.7689983, 646.8984375 ], [ -73.1367568, 42.7691731, 649.5 ], [ -73.1365481, 42.769462, 655.09765625 ], [ -73.1363028, 42.7695631, 658.296875 ], [ -73.1358952, 42.7697002, 662.0 ], [ -73.1352782, 42.7697305, 664.59765625 ], [ -73.1350368, 42.7698919, 670.796875 ], [ -73.1348169, 42.7701204, 678.296875 ], [ -73.1347096, 42.7703527, 680.796875 ], [ -73.1347445, 42.770715, 679.796875 ], [ -73.1347686, 42.770837, 679.0 ], [ -73.1346641, 42.7714808, 672.5 ], [ -73.1346345, 42.7716994, 671.59765625 ], [ -73.1346758, 42.7718345, 671.19921875 ], [ -73.1344467, 42.7720361, 672.0 ], [ -73.1341115, 42.7721331, 672.3984375 ], [ -73.1339724, 42.7723453, 673.69921875 ], [ -73.1338574, 42.7726803, 676.3984375 ], [ -73.1337886, 42.7729203, 678.69921875 ], [ -73.1335375, 42.7733179, 682.796875 ], [ -73.13328, 42.7735955, 686.796875 ], [ -73.1331881, 42.7737721, 689.19921875 ], [ -73.1331466, 42.7738867, 690.69921875 ], [ -73.1331112, 42.7740101, 692.19921875 ], [ -73.1330583, 42.7740319, 693.0 ], [ -73.1330393, 42.7740675, 693.8984375 ], [ -73.1330397, 42.7741513, 695.296875 ], [ -73.1330111, 42.7742654, 697.69921875 ], [ -73.1329938, 42.7742982, 698.3984375 ], [ -73.1329474, 42.7744913, 700.296875 ], [ -73.1329986, 42.7746336, 701.09765625 ], [ -73.1330872, 42.7747467, 701.59765625 ], [ -73.1330946, 42.774836, 702.5 ], [ -73.1331168, 42.7749387, 703.0 ], [ -73.1330951, 42.7750139, 703.69921875 ], [ -73.1327755, 42.7751195, 707.796875 ], [ -73.1323863, 42.7752399, 715.796875 ], [ -73.132131, 42.7753193, 722.0 ], [ -73.1315782, 42.7751677, 726.69921875 ], [ -73.1313074, 42.7752076, 730.59765625 ], [ -73.1311271, 42.7755235, 740.3984375 ], [ -73.1309268, 42.7757992, 749.5 ], [ -73.1306953, 42.7759535, 754.59765625 ], [ -73.1303568, 42.775954, 757.0 ], [ -73.1297197, 42.776213, 762.296875 ], [ -73.1291993, 42.7763389, 763.09765625 ], [ -73.1288791, 42.7764644, 764.796875 ], [ -73.1284836, 42.7767413, 769.69921875 ], [ -73.1276637, 42.7768883, 772.296875 ], [ -73.1271021, 42.7770312, 775.09765625 ], [ -73.1266365, 42.7770685, 777.8984375 ], [ -73.12634, 42.7773932, 777.09765625 ], [ -73.1261419, 42.7775289, 777.8984375 ], [ -73.1261069, 42.7777777, 781.0 ], [ -73.1259789, 42.778159, 784.69921875 ], [ -73.1257526, 42.7787003, 792.5 ], [ -73.1254744, 42.7797603, 809.796875 ], [ -73.1254534, 42.7799769, 812.5 ], [ -73.1254632, 42.780251, 815.296875 ], [ -73.1255092, 42.7805699, 817.8984375 ], [ -73.1257187, 42.7808953, 821.796875 ], [ -73.1258952, 42.7810598, 823.5 ], [ -73.1259503, 42.7817224, 832.796875 ], [ -73.1255503, 42.7820461, 836.5 ], [ -73.1251485, 42.7825566, 843.0 ], [ -73.1251976, 42.7828554, 847.5 ], [ -73.125, 42.7830866, 850.19921875 ], [ -73.1246109, 42.783176, 853.09765625 ], [ -73.1240558, 42.7832562, 858.8984375 ], [ -73.1239585, 42.7835235, 863.796875 ], [ -73.1239137, 42.7836575, 868.19921875 ], [ -73.1236184, 42.7841775, 881.19921875 ], [ -73.1235302, 42.7846181, 886.296875 ], [ -73.1237731, 42.7850183, 890.0 ], [ -73.1240585, 42.7851269, 889.69921875 ], [ -73.1242076, 42.785408, 887.59765625 ], [ -73.1240443, 42.7855253, 889.296875 ], [ -73.1237502, 42.7856882, 894.5 ], [ -73.1235667, 42.785727, 898.19921875 ], [ -73.1234194, 42.7858124, 901.796875 ], [ -73.1230283, 42.7859685, 910.19921875 ], [ -73.1227191, 42.7861357, 914.0 ], [ -73.1225602, 42.7862885, 917.59765625 ], [ -73.1225432, 42.78647, 919.796875 ], [ -73.1225835, 42.7866285, 920.5 ], [ -73.1223699, 42.7867901, 924.69921875 ], [ -73.1219968, 42.7868641, 929.3984375 ], [ -73.1219659, 42.787017, 929.796875 ], [ -73.1219933, 42.7872706, 929.69921875 ], [ -73.1217706, 42.7874879, 929.09765625 ], [ -73.1213262, 42.7876486, 923.8984375 ], [ -73.1207155, 42.7878644, 915.296875 ], [ -73.12049, 42.7879465, 911.69921875 ], [ -73.1201976, 42.7880118, 906.5 ], [ -73.1199299, 42.7880056, 901.0 ], [ -73.1197088, 42.7880818, 895.796875 ], [ -73.1196145, 42.7882046, 894.796875 ], [ -73.1194817, 42.7884958, 895.5 ], [ -73.1195165, 42.7886197, 897.0 ], [ -73.1196108, 42.7888335, 899.09765625 ], [ -73.1197875, 42.7891143, 901.796875 ], [ -73.1198227, 42.7893532, 901.5 ], [ -73.1196631, 42.7895053, 899.796875 ], [ -73.1192684, 42.7897554, 896.09765625 ], [ -73.1188293, 42.7899806, 889.296875 ], [ -73.1188976, 42.7901929, 889.0 ], [ -73.119066, 42.7904138, 888.69921875 ], [ -73.1190178, 42.7906263, 888.09765625 ], [ -73.1189365, 42.7908596, 886.59765625 ], [ -73.1187831, 42.7910186, 885.3984375 ], [ -73.1186975, 42.7911632, 884.8984375 ], [ -73.118625, 42.7912992, 884.59765625 ], [ -73.1185868, 42.7913849, 884.09765625 ], [ -73.1184747, 42.7914506, 883.59765625 ], [ -73.1182881, 42.7915848, 882.796875 ], [ -73.1179637, 42.7917645, 883.09765625 ], [ -73.117651, 42.791927, 882.296875 ], [ -73.1175532, 42.7920709, 882.09765625 ], [ -73.1175932, 42.7924244, 881.8984375 ], [ -73.1176066, 42.792563, 881.3984375 ], [ -73.1175156, 42.7927465, 882.296875 ], [ -73.1175288, 42.7928756, 882.69921875 ], [ -73.1174621, 42.7931336, 883.796875 ], [ -73.1173923, 42.7933401, 884.09765625 ], [ -73.1173384, 42.793485, 884.69921875 ], [ -73.1172781, 42.7936558, 885.3984375 ], [ -73.117195, 42.7938112, 886.5 ], [ -73.1171502, 42.7940026, 888.0 ], [ -73.1171315, 42.7941708, 888.19921875 ], [ -73.1171298, 42.7944101, 887.59765625 ], [ -73.1171878, 42.7946501, 886.296875 ], [ -73.1172408, 42.7947331, 885.296875 ], [ -73.1172758, 42.7948551, 883.59765625 ], [ -73.1173068, 42.7949861, 881.796875 ], [ -73.1173178, 42.7951451, 879.796875 ], [ -73.1173708, 42.7952971, 876.5 ], [ -73.1173908, 42.7954501, 873.19921875 ], [ -73.1173258, 42.7955341, 871.3984375 ], [ -73.1173093, 42.795709, 867.19921875 ], [ -73.1172318, 42.7958179, 864.3984375 ], [ -73.1171846, 42.7958947, 862.296875 ], [ -73.1171413, 42.79599, 859.09765625 ], [ -73.1171481, 42.7961372, 854.09765625 ], [ -73.1171854, 42.7963194, 849.0 ], [ -73.1172086, 42.7965727, 843.0 ], [ -73.1172072, 42.7968542, 837.09765625 ], [ -73.1173048, 42.7971311, 833.19921875 ], [ -73.1173992, 42.7975767, 827.796875 ], [ -73.1175344, 42.7979698, 821.59765625 ], [ -73.1176094, 42.7983702, 815.3984375 ], [ -73.1176184, 42.7985306, 812.0 ], [ -73.1177601, 42.798986, 802.8984375 ], [ -73.1178969, 42.7994119, 797.09765625 ], [ -73.1179875, 42.7996244, 794.59765625 ], [ -73.1179977, 42.7998334, 792.19921875 ], [ -73.1179883, 42.7999844, 789.0 ], [ -73.1181059, 42.800197, 784.09765625 ], [ -73.1180763, 42.8004106, 780.09765625 ], [ -73.1180269, 42.8005472, 776.8984375 ], [ -73.117941, 42.8006619, 773.59765625 ], [ -73.117782, 42.8008192, 769.59765625 ], [ -73.1177275, 42.8008914, 768.296875 ], [ -73.1177158, 42.8009277, 767.69921875 ], [ -73.1176987, 42.8009687, 766.8984375 ], [ -73.1176726, 42.8010112, 766.09765625 ], [ -73.1175945, 42.8011009, 765.0 ], [ -73.1173574, 42.8013143, 763.69921875 ], [ -73.1172841, 42.8013986, 762.796875 ], [ -73.1172648, 42.8015158, 762.8984375 ], [ -73.11727, 42.801552, 762.5 ], [ -73.1172777, 42.8015829, 762.09765625 ], [ -73.1173064, 42.801597, 761.69921875 ], [ -73.1173643, 42.80162, 761.0 ], [ -73.1174415, 42.8016426, 760.09765625 ], [ -73.1174675, 42.8016696, 759.19921875 ], [ -73.1174667, 42.8017056, 758.3984375 ], [ -73.1174459, 42.801741, 758.0 ], [ -73.1173709, 42.8018046, 758.0 ], [ -73.1171301, 42.8020382, 762.3984375 ], [ -73.1169697, 42.8022297, 764.3984375 ], [ -73.1169566, 42.8025009, 765.8984375 ], [ -73.1169641, 42.8027417, 767.09765625 ], [ -73.1169411, 42.803097, 769.3984375 ], [ -73.1168343, 42.8032947, 772.59765625 ], [ -73.1166199, 42.8034529, 778.69921875 ], [ -73.1165367, 42.8038259, 786.19921875 ], [ -73.1162893, 42.8040552, 795.59765625 ], [ -73.1163174, 42.8044232, 798.5 ], [ -73.1164504, 42.8050339, 803.5 ], [ -73.116428, 42.805292, 805.0 ], [ -73.1162714, 42.8057819, 802.796875 ], [ -73.1162266, 42.8060412, 798.8984375 ], [ -73.1163362, 42.8062914, 793.19921875 ], [ -73.1165205, 42.8066127, 790.59765625 ], [ -73.116754, 42.8068408, 792.3984375 ], [ -73.1170473, 42.8071168, 795.0 ], [ -73.1171746, 42.8072275, 796.09765625 ], [ -73.1171564, 42.8074004, 798.296875 ], [ -73.117141, 42.8076958, 802.8984375 ], [ -73.1170953, 42.8078766, 807.19921875 ], [ -73.1172648, 42.8080814, 810.5 ], [ -73.1173215, 42.8083287, 813.296875 ], [ -73.1173209, 42.8085325, 816.0 ], [ -73.1173206, 42.808646, 818.8984375 ], [ -73.1172814, 42.8088479, 823.69921875 ], [ -73.1174877, 42.8091936, 830.3984375 ], [ -73.1174717, 42.8096614, 838.5 ], [ -73.1173728, 42.8098659, 841.3984375 ], [ -73.1172161, 42.8100953, 845.796875 ], [ -73.1173796, 42.8103183, 844.69921875 ], [ -73.1175774, 42.8105835, 841.796875 ], [ -73.1176741, 42.8106854, 841.09765625 ], [ -73.1180349, 42.8106457, 832.796875 ], [ -73.1182813, 42.8106683, 830.3984375 ], [ -73.118832, 42.810865, 831.0 ], [ -73.1193326, 42.8108318, 830.09765625 ], [ -73.1202483, 42.8111624, 829.296875 ], [ -73.1205139, 42.8113104, 830.69921875 ], [ -73.1204682, 42.8118252, 838.59765625 ], [ -73.1205485, 42.8121562, 842.09765625 ], [ -73.1211296, 42.8125059, 846.0 ], [ -73.1211605, 42.8126473, 846.8984375 ], [ -73.1212355, 42.8136864, 857.0 ], [ -73.121488, 42.8139248, 859.69921875 ], [ -73.1216943, 42.8147659, 865.0 ], [ -73.1222579, 42.8150238, 857.69921875 ], [ -73.12254, 42.8152157, 856.3984375 ], [ -73.1225172, 42.8153979, 856.8984375 ], [ -73.1223654, 42.8157485, 853.19921875 ], [ -73.122631, 42.8165894, 841.8984375 ], [ -73.122611, 42.8177959, 815.69921875 ], [ -73.1224873, 42.8182591, 806.796875 ], [ -73.1222876, 42.8188323, 796.8984375 ], [ -73.1221648, 42.8194595, 787.09765625 ], [ -73.1220555, 42.8199138, 779.796875 ], [ -73.1222864, 42.8204843, 773.09765625 ], [ -73.1222439, 42.8210452, 766.09765625 ], [ -73.1225338, 42.8215385, 758.796875 ], [ -73.1225531, 42.8219832, 753.09765625 ], [ -73.122642, 42.822255, 749.09765625 ], [ -73.1225203, 42.822564, 746.69921875 ], [ -73.1225546, 42.82281, 743.0 ], [ -73.1226874, 42.8232546, 734.296875 ], [ -73.1228969, 42.8237374, 724.796875 ], [ -73.1230121, 42.824132, 718.3984375 ], [ -73.1230114, 42.8245181, 715.69921875 ], [ -73.1230927, 42.824877, 713.3984375 ], [ -73.1232661, 42.8252434, 709.0 ], [ -73.1233931, 42.8254554, 706.59765625 ], [ -73.1237477, 42.8260118, 705.59765625 ], [ -73.123972, 42.826298, 705.5 ], [ -73.1239006, 42.8267247, 706.0 ], [ -73.1240005, 42.8269635, 705.3984375 ], [ -73.1238327, 42.8274567, 701.59765625 ], [ -73.1238627, 42.8277653, 695.796875 ], [ -73.1239817, 42.8281618, 690.0 ], [ -73.1243043, 42.8283735, 687.09765625 ], [ -73.1245109, 42.8285621, 685.796875 ], [ -73.1244499, 42.8288239, 684.796875 ], [ -73.1246633, 42.8295095, 684.59765625 ], [ -73.1245807, 42.8300886, 685.59765625 ], [ -73.1248784, 42.8304873, 687.09765625 ], [ -73.1251004, 42.8307334, 687.8984375 ], [ -73.1250747, 42.8311945, 686.19921875 ], [ -73.1244703, 42.8318088, 683.19921875 ], [ -73.1240183, 42.8326468, 677.8984375 ], [ -73.1239928, 42.8333378, 672.69921875 ], [ -73.1238702, 42.8335822, 669.0 ], [ -73.1238151, 42.8337945, 665.69921875 ], [ -73.1237901, 42.8338104, 665.59765625 ], [ -73.1235139, 42.8339484, 665.3984375 ], [ -73.1233479, 42.8342325, 668.296875 ], [ -73.1232, 42.8344583, 669.8984375 ], [ -73.1228871, 42.834512, 669.5 ], [ -73.1226834, 42.8346642, 670.5 ], [ -73.122173, 42.8348183, 671.69921875 ], [ -73.1215802, 42.8350026, 669.8984375 ], [ -73.1208565, 42.8357505, 668.59765625 ], [ -73.1193599, 42.8371102, 662.59765625 ], [ -73.1190013, 42.8375514, 662.3984375 ], [ -73.1188498, 42.8377432, 663.09765625 ], [ -73.1184161, 42.8380846, 665.8984375 ], [ -73.1181301, 42.8383287, 670.0 ], [ -73.1180502, 42.8385184, 673.0 ], [ -73.1182353, 42.838707, 672.796875 ], [ -73.1181234, 42.8389664, 672.0 ], [ -73.1178412, 42.8391207, 670.796875 ], [ -73.1173903, 42.8391815, 668.0 ], [ -73.117043, 42.8392148, 665.19921875 ], [ -73.1165047, 42.8395366, 668.0 ], [ -73.116215, 42.8399844, 670.5 ], [ -73.1157697, 42.8402901, 665.796875 ], [ -73.1154482, 42.8404028, 666.296875 ], [ -73.115037, 42.840414, 666.69921875 ], [ -73.1147096, 42.8404091, 669.8984375 ], [ -73.1138839, 42.8404443, 673.59765625 ], [ -73.1131449, 42.8404157, 672.09765625 ], [ -73.1126778, 42.8407523, 674.09765625 ], [ -73.1124243, 42.8409759, 668.8984375 ], [ -73.111656, 42.8410786, 655.19921875 ], [ -73.111177, 42.8409836, 651.69921875 ], [ -73.1107519, 42.841088, 648.796875 ], [ -73.1105639, 42.8413455, 646.796875 ], [ -73.1102302, 42.8413548, 644.5 ], [ -73.1100208, 42.8416077, 643.3984375 ], [ -73.1099673, 42.8418577, 643.5 ], [ -73.1100812, 42.8419776, 642.19921875 ], [ -73.1103291, 42.842039, 641.796875 ], [ -73.1106377, 42.8422601, 641.09765625 ], [ -73.1107676, 42.8426829, 639.796875 ], [ -73.1109203, 42.8428866, 638.3984375 ], [ -73.1109517, 42.8431425, 638.296875 ], [ -73.1107003, 42.8435244, 637.796875 ], [ -73.1104598, 42.8437275, 636.5 ], [ -73.1103882, 42.8438368, 635.796875 ], [ -73.1104327, 42.8440697, 636.8984375 ], [ -73.1102199, 42.8443387, 636.5 ], [ -73.1098243, 42.8445936, 635.796875 ], [ -73.1097958, 42.8450153, 638.5 ], [ -73.1099025, 42.8453527, 640.09765625 ], [ -73.1098262, 42.8456756, 639.3984375 ], [ -73.1096251, 42.8463287, 633.796875 ], [ -73.1094822, 42.8467178, 632.5 ], [ -73.1091765, 42.8469356, 627.69921875 ], [ -73.109217, 42.8470707, 629.5 ], [ -73.1093253, 42.8471972, 629.69921875 ], [ -73.1093916, 42.8474945, 629.3984375 ], [ -73.1095718, 42.84768, 631.8984375 ], [ -73.1099332, 42.8479303, 634.796875 ], [ -73.1100637, 42.8480522, 636.5 ], [ -73.1103558, 42.8481297, 639.09765625 ], [ -73.1106374, 42.8481996, 641.296875 ], [ -73.110925, 42.848258, 643.8984375 ], [ -73.1116068, 42.8484319, 652.796875 ], [ -73.1118969, 42.8484978, 653.59765625 ], [ -73.1122487, 42.8484055, 654.796875 ], [ -73.1125239, 42.8483543, 655.0 ], [ -73.1127678, 42.8482944, 655.59765625 ], [ -73.1131045, 42.8483907, 656.19921875 ], [ -73.1133059, 42.848397, 656.8984375 ], [ -73.113493, 42.8483102, 657.8984375 ], [ -73.1136869, 42.8483418, 659.19921875 ], [ -73.1139112, 42.8485216, 660.59765625 ], [ -73.1141321, 42.8486685, 661.19921875 ], [ -73.1144734, 42.8487427, 662.19921875 ], [ -73.1148029, 42.8488584, 661.296875 ], [ -73.1152233, 42.8489028, 660.59765625 ], [ -73.115597, 42.8490638, 660.19921875 ], [ -73.1160477, 42.8493996, 666.796875 ], [ -73.1163502, 42.849548, 668.796875 ], [ -73.1165087, 42.8497622, 670.3984375 ], [ -73.1165566, 42.8498451, 670.59765625 ], [ -73.116706, 42.8499177, 671.19921875 ], [ -73.1168803, 42.84991, 671.19921875 ], [ -73.1170479, 42.849837, 671.69921875 ], [ -73.1172777, 42.8498469, 673.19921875 ], [ -73.1175018, 42.8498913, 674.09765625 ], [ -73.1177242, 42.8498209, 675.296875 ], [ -73.1183546, 42.8500315, 678.3984375 ], [ -73.1186261, 42.850199, 679.0 ], [ -73.1188513, 42.8503318, 679.0 ], [ -73.119466, 42.8503568, 677.296875 ], [ -73.1197862, 42.8503388, 676.796875 ], [ -73.120072, 42.8503598, 676.5 ], [ -73.1203679, 42.8504754, 675.59765625 ], [ -73.1205602, 42.8505982, 675.0 ], [ -73.1209092, 42.8506547, 675.5 ], [ -73.1214073, 42.8506398, 676.59765625 ], [ -73.1216052, 42.8505861, 677.09765625 ], [ -73.1219667, 42.8507843, 677.3984375 ], [ -73.1223007, 42.8507876, 678.09765625 ], [ -73.1224381, 42.8508856, 677.3984375 ], [ -73.1225112, 42.8509679, 677.09765625 ], [ -73.1227164, 42.8509789, 677.69921875 ], [ -73.1229469, 42.8510598, 677.796875 ], [ -73.1231552, 42.8513221, 678.796875 ], [ -73.1234198, 42.8515056, 681.8984375 ], [ -73.1236381, 42.8516736, 685.19921875 ], [ -73.1238622, 42.8519884, 689.09765625 ], [ -73.1240441, 42.8521219, 691.296875 ], [ -73.1243703, 42.8522309, 694.5 ], [ -73.1247432, 42.8524476, 700.09765625 ], [ -73.1250422, 42.8525777, 703.8984375 ], [ -73.1253478, 42.8527926, 708.0 ], [ -73.1257256, 42.852994, 718.796875 ], [ -73.126007, 42.8531376, 725.09765625 ], [ -73.1263119, 42.8532398, 728.69921875 ], [ -73.1264501, 42.8532869, 730.5 ], [ -73.1266189, 42.8534207, 733.296875 ], [ -73.1267038, 42.8535341, 734.69921875 ], [ -73.1275942, 42.8541131, 746.19921875 ], [ -73.1277519, 42.8543134, 748.796875 ], [ -73.1279439, 42.8544283, 750.796875 ], [ -73.1280614, 42.8545503, 751.8984375 ], [ -73.1282238, 42.8547919, 754.19921875 ], [ -73.1283894, 42.8552448, 757.59765625 ], [ -73.1285584, 42.8555823, 759.5 ], [ -73.1285994, 42.8558239, 760.8984375 ], [ -73.1288459, 42.8562429, 760.0 ], [ -73.1291742, 42.8566628, 755.59765625 ], [ -73.1294533, 42.856796, 754.0 ], [ -73.1295432, 42.8569078, 752.5 ], [ -73.1296304, 42.857196, 750.296875 ], [ -73.129799, 42.8576225, 752.5 ], [ -73.1299913, 42.8579414, 752.8984375 ], [ -73.1300569, 42.8582624, 750.796875 ], [ -73.1302094, 42.8584813, 747.0 ], [ -73.1302194, 42.8586824, 748.19921875 ], [ -73.1304372, 42.8589292, 747.796875 ], [ -73.1308042, 42.8590778, 744.796875 ], [ -73.1309801, 42.8592755, 742.796875 ], [ -73.1313816, 42.8598921, 734.19921875 ], [ -73.1316069, 42.8606523, 730.3984375 ], [ -73.1315787, 42.8614316, 725.296875 ], [ -73.131309, 42.8618981, 726.19921875 ], [ -73.1311137, 42.8622837, 725.19921875 ], [ -73.1309685, 42.862547, 722.59765625 ], [ -73.1308322, 42.8627481, 721.69921875 ], [ -73.1307654, 42.8628574, 720.296875 ], [ -73.1308127, 42.8632458, 711.8984375 ], [ -73.1308916, 42.8635927, 703.09765625 ], [ -73.1309476, 42.8637213, 699.8984375 ], [ -73.1307611, 42.8640326, 697.796875 ], [ -73.1308136, 42.8641992, 694.19921875 ], [ -73.1308133, 42.8646471, 688.59765625 ], [ -73.131234, 42.8653256, 678.69921875 ], [ -73.1315579, 42.8664944, 674.19921875 ], [ -73.13179, 42.8667946, 673.5 ], [ -73.132033, 42.8671089, 677.3984375 ], [ -73.1323624, 42.8674153, 681.3984375 ], [ -73.1325397, 42.8676519, 686.3984375 ], [ -73.1326919, 42.8679911, 690.3984375 ], [ -73.1326169, 42.8682023, 690.8984375 ], [ -73.1327828, 42.8685691, 693.69921875 ], [ -73.1328397, 42.8689321, 695.19921875 ], [ -73.1327549, 42.8694152, 693.5 ], [ -73.132558, 42.8696257, 694.09765625 ], [ -73.1325715, 42.8699042, 696.3984375 ], [ -73.1326862, 42.8701326, 699.0 ], [ -73.1328627, 42.8703816, 700.3984375 ], [ -73.1328782, 42.8705376, 702.19921875 ], [ -73.132839, 42.8707015, 704.59765625 ], [ -73.1324633, 42.8711199, 709.8984375 ], [ -73.1321665, 42.8715055, 709.19921875 ], [ -73.1321267, 42.8716728, 708.796875 ], [ -73.131852, 42.8720427, 706.3984375 ], [ -73.1318385, 42.8724745, 701.59765625 ], [ -73.1316925, 42.8725729, 700.69921875 ], [ -73.1311749, 42.8727627, 697.69921875 ], [ -73.1304884, 42.8731022, 692.19921875 ], [ -73.1300642, 42.8734716, 686.19921875 ], [ -73.1298623, 42.8737581, 680.8984375 ], [ -73.1298166, 42.8739892, 678.69921875 ], [ -73.1298478, 42.8743586, 673.8984375 ], [ -73.1297107, 42.8745176, 671.59765625 ], [ -73.1291267, 42.8748526, 665.0 ], [ -73.1286688, 42.875276, 660.59765625 ], [ -73.1280906, 42.8753743, 655.19921875 ], [ -73.1279246, 42.8755192, 653.19921875 ], [ -73.1274088, 42.875739, 646.59765625 ], [ -73.1269825, 42.8761733, 639.8984375 ], [ -73.1269585, 42.8765298, 636.296875 ], [ -73.1269227, 42.8771008, 632.59765625 ], [ -73.1267672, 42.8774879, 629.8984375 ], [ -73.1264905, 42.8777153, 627.8984375 ], [ -73.126118, 42.8780558, 629.0 ], [ -73.1260027, 42.8784943, 630.19921875 ], [ -73.1259081, 42.8791204, 630.8984375 ], [ -73.1259709, 42.8797355, 636.3984375 ], [ -73.1257126, 42.8800105, 640.0 ], [ -73.1256627, 42.8803039, 641.8984375 ], [ -73.1255562, 42.8808137, 643.8984375 ], [ -73.1250085, 42.8812842, 642.09765625 ], [ -73.1248713, 42.8815326, 640.59765625 ], [ -73.1249112, 42.8817043, 640.3984375 ], [ -73.1246899, 42.8820179, 638.5 ], [ -73.1242799, 42.8823504, 635.3984375 ], [ -73.1240277, 42.8828247, 634.796875 ], [ -73.1237061, 42.8833107, 635.796875 ], [ -73.1235103, 42.8835766, 637.796875 ], [ -73.1231635, 42.8838838, 642.0 ], [ -73.1227237, 42.8841633, 642.69921875 ], [ -73.1226716, 42.8844171, 637.59765625 ], [ -73.1228598, 42.8846554, 629.796875 ], [ -73.1226072, 42.8847812, 620.0 ], [ -73.1216617, 42.8849427, 596.3984375 ], [ -73.1213636, 42.8854026, 569.5 ], [ -73.1204887, 42.8856152, 548.09765625 ], [ -73.1207385, 42.8857244, 546.296875 ], [ -73.1208577, 42.885929, 536.5 ], [ -73.1198312, 42.8861711, 505.69921875 ], [ -73.1186931, 42.8859761, 486.796875 ], [ -73.1177459, 42.8855363, 467.796875 ], [ -73.117242, 42.885146, 451.69921875 ], [ -73.1167281, 42.8849305, 432.0 ], [ -73.1161139, 42.8848087, 411.19921875 ], [ -73.1160264, 42.8849801, 410.69921875 ], [ -73.1158745, 42.8850325, 410.69921875 ], [ -73.11565, 42.8851052, 410.8984375 ], [ -73.1152154, 42.8851498, 411.09765625 ], [ -73.1151243, 42.8850819, 411.296875 ], [ -73.1151268, 42.8850209, 411.0 ], [ -73.115159, 42.8849413, 411.0 ], [ -73.1153518, 42.8845349, 411.0 ], [ -73.1154414, 42.8843889, 412.296875 ], [ -73.1151893, 42.8843261, 411.09765625 ], [ -73.1150374, 42.8844601, 411.0 ], [ -73.1149123, 42.884537, 411.19921875 ], [ -73.1147755, 42.8846425, 411.296875 ], [ -73.1146224, 42.8846274, 415.5 ], [ -73.1145422, 42.8844858, 420.69921875 ], [ -73.1142789, 42.8844445, 428.796875 ], [ -73.1139324, 42.8845344, 438.0 ], [ -73.1136801, 42.8846208, 443.3984375 ], [ -73.1134445, 42.8847996, 449.296875 ], [ -73.1132865, 42.8850184, 454.09765625 ], [ -73.1131898, 42.8852658, 458.59765625 ], [ -73.1131356, 42.8854306, 461.8984375 ], [ -73.1131195, 42.885614, 465.796875 ], [ -73.1130746, 42.885871, 471.296875 ], [ -73.1129913, 42.8859182, 474.296875 ], [ -73.1129076, 42.8858439, 476.5 ], [ -73.1128362, 42.8857079, 479.296875 ], [ -73.112626, 42.8855058, 484.69921875 ], [ -73.1122834, 42.8851321, 495.296875 ], [ -73.112061, 42.8855375, 508.296875 ], [ -73.1119057, 42.8857692, 512.296875 ], [ -73.1117767, 42.8859162, 513.8984375 ], [ -73.1116579, 42.8860026, 514.59765625 ], [ -73.111575, 42.8860718, 512.69921875 ], [ -73.1114307, 42.8861169, 513.8984375 ], [ -73.1113522, 42.8861407, 514.796875 ], [ -73.1112404, 42.8861643, 516.09765625 ], [ -73.1111056, 42.8861505, 519.3984375 ], [ -73.1109453, 42.8859851, 530.8984375 ], [ -73.1107388, 42.8859591, 535.796875 ], [ -73.1105877, 42.8859679, 537.59765625 ], [ -73.1103035, 42.88592, 543.8984375 ], [ -73.1100947, 42.8858318, 551.59765625 ], [ -73.1101267, 42.8856511, 559.3984375 ], [ -73.1101561, 42.8854607, 565.796875 ], [ -73.1100007, 42.8853133, 572.796875 ], [ -73.1097626, 42.8852638, 579.3984375 ], [ -73.1095771, 42.8852856, 584.09765625 ], [ -73.1093866, 42.8853109, 589.19921875 ], [ -73.109215, 42.8853467, 592.0 ], [ -73.1090695, 42.8853838, 593.8984375 ], [ -73.1089683, 42.8854018, 595.09765625 ], [ -73.1088662, 42.885421, 595.8984375 ], [ -73.108799, 42.885434, 595.796875 ], [ -73.108671, 42.885409, 597.69921875 ], [ -73.1084793, 42.8852806, 600.5 ], [ -73.1083661, 42.8852355, 601.19921875 ], [ -73.1082547, 42.885221, 601.796875 ], [ -73.1080487, 42.8852264, 602.09765625 ], [ -73.1078356, 42.8852261, 604.09765625 ], [ -73.1076918, 42.8852445, 605.5 ], [ -73.1075532, 42.8852412, 606.8984375 ], [ -73.107441, 42.8852367, 608.19921875 ], [ -73.1073109, 42.8852273, 610.19921875 ], [ -73.1071951, 42.885213, 612.09765625 ], [ -73.1070534, 42.8851575, 614.09765625 ], [ -73.1069531, 42.8850123, 617.296875 ], [ -73.1069354, 42.884859, 620.0 ], [ -73.1069188, 42.8847216, 621.5 ], [ -73.1068396, 42.884599, 623.09765625 ], [ -73.1067628, 42.8845762, 623.69921875 ], [ -73.1065231, 42.8845961, 624.69921875 ], [ -73.1062802, 42.8846528, 625.5 ], [ -73.1060046, 42.8846917, 627.0 ], [ -73.1057785, 42.8847132, 627.5 ], [ -73.105602, 42.8847173, 627.09765625 ], [ -73.1053736, 42.8846764, 627.19921875 ], [ -73.1051916, 42.8846404, 627.3984375 ], [ -73.1050119, 42.88457, 628.19921875 ], [ -73.1048032, 42.8845522, 629.296875 ], [ -73.1045662, 42.884635, 631.296875 ], [ -73.1044003, 42.8846918, 633.09765625 ], [ -73.1042688, 42.8847406, 633.59765625 ], [ -73.1041108, 42.8847917, 634.59765625 ], [ -73.1039069, 42.8848355, 635.8984375 ], [ -73.1037332, 42.8848408, 637.09765625 ], [ -73.103592, 42.884846, 638.19921875 ], [ -73.1033167, 42.8849293, 640.59765625 ], [ -73.1031906, 42.8849548, 641.3984375 ], [ -73.103014, 42.8849281, 643.0 ], [ -73.1027241, 42.884855, 646.3984375 ], [ -73.10247, 42.8848567, 648.3984375 ], [ -73.1022544, 42.8849, 651.296875 ], [ -73.1020553, 42.8849907, 653.09765625 ], [ -73.101897, 42.8850389, 654.8984375 ], [ -73.1017576, 42.8850542, 656.796875 ], [ -73.1016484, 42.8850489, 658.19921875 ], [ -73.1014651, 42.8850023, 660.09765625 ], [ -73.1012868, 42.8849237, 661.796875 ], [ -73.1011631, 42.8849021, 662.796875 ], [ -73.1009908, 42.884934, 666.296875 ], [ -73.1008424, 42.8849982, 669.3984375 ], [ -73.1006827, 42.8850481, 672.296875 ], [ -73.100438, 42.8851314, 676.59765625 ], [ -73.1001163, 42.885164, 682.69921875 ], [ -73.0998702, 42.8853368, 686.69921875 ], [ -73.0996653, 42.8856856, 692.69921875 ], [ -73.099504, 42.885855, 694.69921875 ], [ -73.0993316, 42.8859409, 698.0 ], [ -73.0991572, 42.8859691, 701.09765625 ], [ -73.0990377, 42.8860249, 702.3984375 ], [ -73.0987772, 42.8861965, 705.8984375 ], [ -73.0984172, 42.8864677, 711.8984375 ], [ -73.0980413, 42.8867702, 717.09765625 ], [ -73.0979349, 42.8869242, 718.796875 ], [ -73.0977269, 42.886987, 722.5 ], [ -73.0970463, 42.887324, 735.19921875 ], [ -73.0967052, 42.887642, 739.19921875 ], [ -73.0965245, 42.8879868, 740.09765625 ], [ -73.0967033, 42.8883402, 740.69921875 ], [ -73.0965822, 42.8885732, 741.59765625 ], [ -73.0964356, 42.8887768, 742.3984375 ], [ -73.0962084, 42.88912, 741.19921875 ], [ -73.0961391, 42.8894689, 740.09765625 ], [ -73.0959316, 42.8897506, 739.59765625 ], [ -73.0955763, 42.8899998, 740.3984375 ], [ -73.0952422, 42.8901928, 743.09765625 ], [ -73.0951212, 42.8904608, 743.19921875 ], [ -73.0951047, 42.8908156, 743.796875 ], [ -73.0951639, 42.8913185, 743.3984375 ], [ -73.0948797, 42.891723, 749.69921875 ], [ -73.0947124, 42.8918397, 753.19921875 ], [ -73.0943459, 42.8921334, 761.0 ], [ -73.094065, 42.8923634, 767.3984375 ], [ -73.0937902, 42.8925074, 772.69921875 ], [ -73.0934153, 42.8927139, 780.0 ], [ -73.0931258, 42.89291, 786.09765625 ], [ -73.0930122, 42.8929984, 788.5 ], [ -73.0927902, 42.8930544, 790.796875 ], [ -73.0924024, 42.8931476, 794.19921875 ], [ -73.0921925, 42.8931531, 795.59765625 ], [ -73.0920597, 42.8932466, 797.3984375 ], [ -73.0920571, 42.8934077, 799.69921875 ], [ -73.0920277, 42.8936376, 803.69921875 ], [ -73.0920102, 42.893839, 806.296875 ], [ -73.0920062, 42.8940131, 807.3984375 ], [ -73.0920899, 42.8942751, 806.0 ], [ -73.0921672, 42.8944841, 809.296875 ], [ -73.0920913, 42.8948699, 813.5 ], [ -73.0920481, 42.8951033, 813.296875 ], [ -73.0920793, 42.8953678, 813.3984375 ], [ -73.092343, 42.8960444, 813.09765625 ], [ -73.0923533, 42.8962153, 811.59765625 ], [ -73.0923473, 42.8964283, 809.09765625 ], [ -73.0925094, 42.8966552, 806.19921875 ], [ -73.0926184, 42.8967588, 805.09765625 ], [ -73.092593, 42.897057, 799.09765625 ], [ -73.0924533, 42.8974262, 792.59765625 ], [ -73.0926524, 42.8977162, 789.19921875 ], [ -73.0928115, 42.8982225, 783.8984375 ], [ -73.0928477, 42.8985533, 778.69921875 ], [ -73.0928339, 42.8988104, 776.19921875 ], [ -73.092728, 42.8990635, 776.5 ], [ -73.092441, 42.8993535, 772.0 ], [ -73.0922192, 42.8995103, 767.0 ], [ -73.0920783, 42.8998648, 761.5 ], [ -73.0920211, 42.9000715, 758.69921875 ], [ -73.0918851, 42.9003377, 755.8984375 ], [ -73.0918804, 42.9005442, 754.5 ], [ -73.0919023, 42.9008336, 752.0 ], [ -73.0919936, 42.9011384, 748.5 ], [ -73.0921556, 42.9015164, 743.296875 ], [ -73.0921406, 42.9016684, 741.09765625 ], [ -73.0921056, 42.9017394, 739.796875 ], [ -73.0919566, 42.9020024, 734.09765625 ], [ -73.0919286, 42.9021414, 731.5 ], [ -73.0919176, 42.9023014, 727.5 ], [ -73.0919136, 42.9025744, 723.69921875 ], [ -73.0919416, 42.9026604, 722.69921875 ], [ -73.0919006, 42.9028994, 719.19921875 ], [ -73.0917946, 42.9029864, 718.796875 ], [ -73.0917028, 42.9030754, 718.8984375 ], [ -73.0915488, 42.9032464, 718.796875 ], [ -73.0913938, 42.9033994, 718.296875 ], [ -73.0911268, 42.9036274, 717.19921875 ], [ -73.0908538, 42.9039134, 719.19921875 ], [ -73.0906346, 42.9041203, 720.3984375 ], [ -73.0904956, 42.9042653, 721.296875 ], [ -73.0902929, 42.9044594, 720.796875 ], [ -73.0900909, 42.9045241, 721.69921875 ], [ -73.0899345, 42.9045896, 721.59765625 ], [ -73.0897638, 42.9046435, 719.8984375 ], [ -73.0895308, 42.9047745, 716.5 ], [ -73.0893928, 42.9048645, 715.19921875 ], [ -73.0892078, 42.9049405, 714.09765625 ], [ -73.0889539, 42.9051235, 711.09765625 ], [ -73.0885182, 42.9053167, 708.59765625 ], [ -73.0883072, 42.9054357, 708.796875 ], [ -73.0879642, 42.9056117, 709.5 ], [ -73.0877542, 42.9057807, 710.296875 ], [ -73.0876554, 42.9059207, 709.796875 ], [ -73.0874866, 42.9060972, 709.796875 ], [ -73.0873152, 42.9063857, 709.796875 ], [ -73.0871902, 42.9065487, 709.59765625 ], [ -73.0872774, 42.9066355, 709.09765625 ], [ -73.0873734, 42.906673, 708.69921875 ], [ -73.0875262, 42.9067327, 708.3984375 ], [ -73.0874572, 42.9068877, 710.59765625 ], [ -73.0875078, 42.9071507, 715.19921875 ], [ -73.0875154, 42.9073407, 718.59765625 ], [ -73.0874701, 42.9075324, 720.796875 ], [ -73.0873943, 42.9078357, 724.59765625 ], [ -73.0874473, 42.9080327, 726.796875 ], [ -73.0872573, 42.9081727, 728.5 ], [ -73.0872073, 42.9085072, 731.09765625 ], [ -73.0871033, 42.9088812, 733.3984375 ], [ -73.087011, 42.9089901, 734.59765625 ], [ -73.0867944, 42.9091301, 735.0 ], [ -73.0863953, 42.9092866, 735.0 ], [ -73.0861913, 42.9093822, 736.0 ], [ -73.0859963, 42.9094652, 736.3984375 ], [ -73.0856613, 42.9096482, 736.5 ], [ -73.0855053, 42.9098502, 738.09765625 ], [ -73.0852889, 42.9100015, 739.0 ], [ -73.0850769, 42.9101625, 739.09765625 ], [ -73.0848329, 42.9103745, 741.296875 ], [ -73.0846129, 42.9104225, 742.796875 ], [ -73.0844379, 42.9106055, 744.0 ], [ -73.0842759, 42.9106975, 745.796875 ], [ -73.0841689, 42.9108965, 748.5 ], [ -73.0840959, 42.9111715, 751.19921875 ], [ -73.0836179, 42.9115335, 756.0 ], [ -73.083171, 42.9117486, 760.296875 ], [ -73.082894, 42.9118016, 762.09765625 ], [ -73.082757, 42.9119266, 764.3984375 ], [ -73.0824366, 42.9120793, 767.69921875 ], [ -73.082286, 42.9125026, 772.5 ], [ -73.082023, 42.9126576, 775.0 ], [ -73.081709, 42.9127526, 778.796875 ], [ -73.0813207, 42.9128881, 781.796875 ], [ -73.0806187, 42.9133381, 790.09765625 ], [ -73.0803841, 42.9134838, 790.796875 ], [ -73.0802447, 42.9137078, 792.59765625 ], [ -73.0803165, 42.9141325, 798.5 ], [ -73.0803246, 42.9143499, 801.796875 ], [ -73.0802629, 42.914722, 807.3984375 ], [ -73.0800623, 42.9149453, 810.19921875 ], [ -73.0801266, 42.9157036, 821.09765625 ], [ -73.0802608, 42.9161475, 832.0 ], [ -73.0800283, 42.9174696, 850.796875 ], [ -73.0796952, 42.9176996, 855.0 ], [ -73.0791342, 42.9183043, 855.8984375 ], [ -73.0787534, 42.9185164, 858.09765625 ], [ -73.0778017, 42.9187794, 854.19921875 ], [ -73.0780078, 42.91925, 852.296875 ], [ -73.0778448, 42.919425, 847.8984375 ], [ -73.0776468, 42.9196565, 843.3984375 ], [ -73.0774876, 42.9200398, 838.3984375 ], [ -73.0770797, 42.9204453, 833.59765625 ], [ -73.076398, 42.920763, 828.296875 ], [ -73.076337, 42.9207773, 828.5 ], [ -73.0758741, 42.9209322, 832.19921875 ], [ -73.0752702, 42.9215729, 843.5 ], [ -73.0749341, 42.9218712, 850.0 ], [ -73.0747381, 42.9220422, 853.296875 ], [ -73.0745641, 42.9221384, 854.69921875 ], [ -73.0742918, 42.9224246, 857.5 ], [ -73.0739959, 42.9227051, 855.09765625 ], [ -73.0736485, 42.9229061, 855.796875 ], [ -73.0734347, 42.9230239, 857.8984375 ], [ -73.0732558, 42.9230784, 859.8984375 ], [ -73.0728171, 42.9231318, 865.0 ], [ -73.0723588, 42.923395, 870.09765625 ], [ -73.0722308, 42.923548, 871.5 ], [ -73.0720657, 42.9238108, 873.0 ], [ -73.0717918, 42.924109, 874.3984375 ], [ -73.0716398, 42.92444, 877.5 ], [ -73.0716348, 42.92463, 878.59765625 ], [ -73.0715498, 42.924858, 878.19921875 ], [ -73.0714968, 42.925114, 876.5 ], [ -73.0714708, 42.925308, 876.5 ], [ -73.0713637, 42.9257982, 879.296875 ], [ -73.0714817, 42.9259682, 879.296875 ], [ -73.0716307, 42.9261482, 878.69921875 ], [ -73.0718767, 42.9264212, 880.8984375 ], [ -73.0719197, 42.9265632, 882.19921875 ], [ -73.0718947, 42.9266562, 883.0 ], [ -73.0720687, 42.9272632, 893.296875 ], [ -73.0721377, 42.9273782, 895.69921875 ], [ -73.0722837, 42.9275072, 898.8984375 ], [ -73.0724437, 42.9276222, 901.3984375 ], [ -73.0724487, 42.9277702, 902.69921875 ], [ -73.0723817, 42.9278282, 902.59765625 ], [ -73.0723337, 42.9280132, 903.8984375 ], [ -73.0722097, 42.9281132, 905.296875 ], [ -73.0721587, 42.9282622, 907.09765625 ], [ -73.0722047, 42.9283972, 909.69921875 ], [ -73.0722547, 42.9285312, 911.0 ], [ -73.0723557, 42.9286912, 911.8984375 ], [ -73.0725517, 42.9288182, 913.296875 ], [ -73.0725617, 42.9289932, 914.5 ], [ -73.0725807, 42.9291862, 915.8984375 ], [ -73.0725707, 42.9292532, 916.296875 ], [ -73.0725357, 42.9294802, 918.09765625 ], [ -73.0724197, 42.9296862, 921.3984375 ], [ -73.0723197, 42.9297762, 923.796875 ], [ -73.0723068, 42.9298096, 924.296875 ], [ -73.0722118, 42.9299036, 926.796875 ], [ -73.0720298, 42.9300146, 930.09765625 ], [ -73.0719348, 42.9300986, 932.296875 ], [ -73.0718818, 42.9302156, 934.3984375 ], [ -73.0717318, 42.9304976, 939.19921875 ], [ -73.0715888, 42.9306416, 942.0 ], [ -73.0714448, 42.9307786, 943.69921875 ], [ -73.0711838, 42.9308796, 942.59765625 ], [ -73.0710268, 42.9310156, 942.19921875 ], [ -73.0709503, 42.9310227, 941.69921875 ], [ -73.0708687, 42.9310489, 941.19921875 ], [ -73.0706442, 42.9311181, 940.0 ], [ -73.0703601, 42.9313103, 937.5 ], [ -73.0701811, 42.9315895, 933.3984375 ], [ -73.0700421, 42.9318192, 930.19921875 ], [ -73.0698817, 42.9319602, 928.09765625 ], [ -73.0697137, 42.9321092, 928.0 ], [ -73.0695621, 42.9322142, 927.69921875 ], [ -73.0693197, 42.9323277, 926.8984375 ], [ -73.0692151, 42.9324352, 927.09765625 ], [ -73.0691425, 42.932586, 926.59765625 ], [ -73.0690068, 42.9328105, 925.796875 ], [ -73.0689451, 42.9329037, 926.3984375 ], [ -73.0688955, 42.9329638, 926.59765625 ], [ -73.0688531, 42.9330157, 925.59765625 ], [ -73.0687919, 42.9331273, 924.3984375 ], [ -73.0687326, 42.933194, 923.8984375 ], [ -73.0686959, 42.9332407, 923.796875 ], [ -73.0686286, 42.9332869, 924.0 ], [ -73.0685163, 42.9333931, 924.8984375 ], [ -73.0684444, 42.9334621, 926.8984375 ], [ -73.0683064, 42.9334905, 928.0 ], [ -73.0681083, 42.9335519, 928.8984375 ], [ -73.0678473, 42.9336491, 931.0 ], [ -73.0677086, 42.9337616, 932.796875 ], [ -73.0676313, 42.9338989, 932.796875 ], [ -73.0675227, 42.9339954, 934.296875 ], [ -73.06737, 42.9340956, 936.0 ], [ -73.0671443, 42.9342437, 937.0 ], [ -73.0669222, 42.9344287, 936.09765625 ], [ -73.0668176, 42.9345365, 934.8984375 ], [ -73.0667387, 42.9346746, 934.0 ], [ -73.0665734, 42.9347838, 932.0 ], [ -73.066395, 42.9348975, 931.09765625 ], [ -73.0662423, 42.9350178, 928.5 ], [ -73.0660637, 42.9351274, 930.59765625 ], [ -73.0658503, 42.9353661, 929.296875 ], [ -73.0655857, 42.9356602, 926.8984375 ], [ -73.0652966, 42.9357838, 927.296875 ], [ -73.0648356, 42.9359084, 930.8984375 ], [ -73.064402, 42.9360583, 933.3984375 ], [ -73.0641817, 42.9361637, 934.296875 ], [ -73.0638566, 42.9361522, 936.0 ], [ -73.0635936, 42.9362122, 937.5 ], [ -73.0634376, 42.9362512, 938.59765625 ], [ -73.0632646, 42.9363412, 940.19921875 ], [ -73.0630996, 42.9364112, 941.796875 ], [ -73.0627746, 42.9365234, 945.0 ], [ -73.0622439, 42.9367365, 949.5 ], [ -73.0619369, 42.9368843, 954.09765625 ], [ -73.0615613, 42.9370057, 961.19921875 ], [ -73.0613536, 42.9371792, 965.5 ], [ -73.0612276, 42.9372202, 967.0 ], [ -73.0607806, 42.9374242, 975.296875 ], [ -73.060535, 42.9374679, 979.59765625 ], [ -73.060294, 42.9376439, 982.8984375 ], [ -73.060069, 42.9377799, 986.8984375 ], [ -73.059872, 42.9378519, 990.296875 ], [ -73.0597472, 42.9379319, 992.5 ], [ -73.0594189, 42.9379843, 997.3984375 ], [ -73.0592049, 42.9380583, 1000.5 ], [ -73.0590649, 42.9381123, 1001.8984375 ], [ -73.0589309, 42.9382423, 1002.69921875 ], [ -73.0590569, 42.9383553, 1001.0 ], [ -73.0592454, 42.9384846, 997.796875 ], [ -73.0594379, 42.9387123, 994.19921875 ], [ -73.0596939, 42.9387873, 990.19921875 ], [ -73.0600055, 42.9389055, 985.296875 ], [ -73.0607359, 42.9392465, 976.5 ], [ -73.0612739, 42.9396178, 972.0 ], [ -73.0616399, 42.9398058, 970.0 ], [ -73.0618329, 42.9399448, 968.8984375 ], [ -73.0622426, 42.9401845, 965.0 ], [ -73.0625095, 42.9403017, 963.0 ], [ -73.0628255, 42.9407266, 961.296875 ], [ -73.0629336, 42.9408495, 960.69921875 ], [ -73.0630796, 42.9410635, 961.5 ], [ -73.0635724, 42.9413333, 958.3984375 ], [ -73.0639106, 42.9416959, 959.59765625 ], [ -73.0639855, 42.9419914, 961.5 ], [ -73.0642931, 42.9425539, 960.69921875 ], [ -73.0642931, 42.9427788, 959.69921875 ], [ -73.0641401, 42.9429087, 960.3984375 ], [ -73.0640241, 42.9431067, 960.3984375 ], [ -73.0639277, 42.9435292, 956.8984375 ], [ -73.0639166, 42.943718, 954.8984375 ], [ -73.0637433, 42.9438693, 954.19921875 ], [ -73.0634537, 42.9442196, 950.3984375 ], [ -73.0632787, 42.9443642, 949.19921875 ], [ -73.06302, 42.9445919, 947.0 ], [ -73.0628326, 42.9448568, 941.59765625 ], [ -73.0625368, 42.9450429, 939.19921875 ], [ -73.0623888, 42.9452422, 934.69921875 ], [ -73.0623324, 42.9455364, 928.8984375 ], [ -73.0623261, 42.9457903, 924.5 ], [ -73.0623743, 42.9459771, 921.3984375 ], [ -73.0625138, 42.9460598, 920.0 ], [ -73.0628893, 42.9462243, 917.3984375 ], [ -73.063141, 42.9463654, 914.09765625 ], [ -73.0633083, 42.9467413, 908.8984375 ], [ -73.0633441, 42.9471681, 906.59765625 ], [ -73.063313, 42.9474906, 906.59765625 ], [ -73.063374, 42.9478446, 906.69921875 ], [ -73.0633641, 42.9480458, 907.296875 ], [ -73.0635071, 42.9483388, 907.59765625 ], [ -73.0637054, 42.948435, 906.59765625 ], [ -73.0636982, 42.9486268, 908.19921875 ], [ -73.0635796, 42.9490027, 913.69921875 ], [ -73.0634679, 42.9491899, 915.69921875 ], [ -73.0633895, 42.9495376, 916.796875 ], [ -73.0631475, 42.9497376, 915.69921875 ], [ -73.0628774, 42.9500838, 912.5 ], [ -73.0626983, 42.9502727, 909.796875 ], [ -73.0625582, 42.9504392, 907.59765625 ], [ -73.0624159, 42.9505657, 904.59765625 ], [ -73.0623567, 42.9506606, 902.5 ], [ -73.0622852, 42.9507554, 899.59765625 ], [ -73.0621486, 42.9508775, 895.0 ], [ -73.0621344, 42.9510092, 892.3984375 ], [ -73.0621292, 42.9511804, 889.5 ], [ -73.0621364, 42.9513268, 886.5 ], [ -73.0619807, 42.9516274, 879.8984375 ], [ -73.0618943, 42.9519015, 876.19921875 ], [ -73.0617589, 42.9521655, 872.59765625 ], [ -73.0616586, 42.9524256, 870.3984375 ], [ -73.0615676, 42.9528035, 867.8984375 ], [ -73.0613816, 42.9536285, 868.0 ], [ -73.0610714, 42.954165, 865.796875 ], [ -73.0608054, 42.954904, 861.59765625 ], [ -73.0607987, 42.9550876, 860.296875 ], [ -73.0607406, 42.9553406, 859.0 ], [ -73.0609444, 42.9555765, 857.796875 ], [ -73.0611534, 42.955746, 856.796875 ], [ -73.0612728, 42.9561292, 854.59765625 ], [ -73.0613698, 42.9563632, 853.59765625 ], [ -73.0612738, 42.9566562, 851.796875 ], [ -73.0611408, 42.9569122, 850.5 ], [ -73.0611728, 42.9572082, 849.0 ], [ -73.0611618, 42.9573422, 848.09765625 ], [ -73.0611218, 42.9574782, 846.69921875 ], [ -73.0611337, 42.9575198, 846.296875 ], [ -73.0611798, 42.9576812, 845.796875 ], [ -73.0612018, 42.9580362, 850.0 ], [ -73.0609922, 42.9585039, 853.19921875 ], [ -73.0608812, 42.9587979, 854.59765625 ], [ -73.0607712, 42.9591549, 856.8984375 ], [ -73.0606182, 42.9594639, 858.0 ], [ -73.0604442, 42.9598719, 861.59765625 ], [ -73.0599482, 42.9605489, 866.0 ], [ -73.0597819, 42.960738, 867.8984375 ], [ -73.0595112, 42.9610904, 869.296875 ], [ -73.0592389, 42.9612504, 870.0 ], [ -73.0591625, 42.961377, 870.5 ], [ -73.059137, 42.96164, 871.5 ], [ -73.0590284, 42.9618736, 872.796875 ], [ -73.0587439, 42.962159, 876.0 ], [ -73.0584869, 42.962449, 879.5 ], [ -73.058331, 42.9627275, 882.69921875 ], [ -73.0582056, 42.9629726, 885.69921875 ], [ -73.0580853, 42.9632079, 888.796875 ], [ -73.0578547, 42.9633633, 892.59765625 ], [ -73.0576909, 42.9634594, 894.796875 ], [ -73.0575004, 42.9635639, 898.59765625 ], [ -73.0572467, 42.9637225, 905.0 ], [ -73.0570368, 42.9638301, 907.8984375 ], [ -73.056907, 42.9640239, 912.0 ], [ -73.056821, 42.964239, 915.796875 ], [ -73.056796, 42.9643159, 917.3984375 ], [ -73.0567182, 42.9644073, 920.19921875 ], [ -73.0566351, 42.9645457, 924.296875 ], [ -73.0565578, 42.9647611, 929.3984375 ], [ -73.056466, 42.9648729, 932.59765625 ], [ -73.0562448, 42.9651168, 939.09765625 ], [ -73.0562018, 42.9652208, 941.0 ], [ -73.0561298, 42.9654118, 944.69921875 ], [ -73.0561222, 42.9655019, 945.5 ], [ -73.056109, 42.9655798, 946.19921875 ], [ -73.0560919, 42.9657408, 947.09765625 ], [ -73.0561288, 42.9660148, 948.0 ], [ -73.0563178, 42.9662138, 948.59765625 ], [ -73.0564928, 42.9665768, 950.59765625 ], [ -73.0566307, 42.9668467, 953.0 ], [ -73.0566687, 42.9669637, 954.09765625 ], [ -73.0567187, 42.9671887, 955.5 ], [ -73.0567697, 42.9674727, 956.796875 ], [ -73.0568847, 42.9676087, 957.69921875 ], [ -73.0573577, 42.9681527, 957.59765625 ], [ -73.0575377, 42.9683857, 956.8984375 ], [ -73.0577187, 42.9686617, 954.8984375 ], [ -73.0577097, 42.9688397, 953.59765625 ], [ -73.0578036, 42.9692391, 950.3984375 ], [ -73.0581308, 42.9698536, 944.09765625 ], [ -73.0583408, 42.9701476, 943.0 ], [ -73.0586038, 42.9706936, 944.8984375 ], [ -73.058993, 42.9709803, 948.3984375 ], [ -73.0591833, 42.971146, 951.59765625 ], [ -73.0593116, 42.9714278, 955.8984375 ], [ -73.059364, 42.9716703, 959.69921875 ], [ -73.059637, 42.9719173, 964.59765625 ], [ -73.059864, 42.9722283, 969.59765625 ], [ -73.0597328, 42.9725318, 974.3984375 ], [ -73.0598571, 42.9728097, 978.0 ], [ -73.0599403, 42.9729746, 979.3984375 ], [ -73.060112, 42.9730354, 979.69921875 ], [ -73.0607005, 42.9730954, 979.09765625 ], [ -73.0608729, 42.9731213, 978.3984375 ], [ -73.0610243, 42.9732183, 977.3984375 ], [ -73.0612291, 42.9733296, 975.3984375 ], [ -73.0615207, 42.9733543, 974.0 ], [ -73.0618789, 42.9733355, 973.5 ], [ -73.0620821, 42.9733993, 974.09765625 ], [ -73.062349, 42.973371, 974.59765625 ], [ -73.062588, 42.973416, 975.69921875 ], [ -73.0627693, 42.9734979, 977.09765625 ], [ -73.0630953, 42.9735729, 979.0 ], [ -73.0633743, 42.9736979, 982.5 ], [ -73.0635427, 42.9737926, 984.59765625 ], [ -73.0638939, 42.9738165, 987.5 ], [ -73.0643392, 42.9737654, 989.5 ], [ -73.0646596, 42.9737995, 992.3984375 ], [ -73.0649145, 42.9738723, 996.19921875 ], [ -73.0651285, 42.9738853, 998.8984375 ], [ -73.0652815, 42.9739273, 1001.296875 ], [ -73.0654785, 42.9739673, 1004.09765625 ], [ -73.0656485, 42.9740173, 1007.19921875 ], [ -73.0658125, 42.9740413, 1009.796875 ], [ -73.0660458, 42.9741168, 1015.0 ], [ -73.0663417, 42.9741225, 1019.296875 ], [ -73.0664729, 42.9741133, 1021.09765625 ], [ -73.0666362, 42.9740694, 1023.296875 ], [ -73.0668336, 42.9740441, 1026.19921875 ], [ -73.0669688, 42.9740473, 1029.0 ], [ -73.0671765, 42.9740867, 1034.59765625 ], [ -73.0673406, 42.9741586, 1039.5 ], [ -73.0673819, 42.9742145, 1041.3984375 ], [ -73.0675073, 42.9742826, 1045.59765625 ], [ -73.0676448, 42.9742888, 1048.59765625 ], [ -73.0677149, 42.9742963, 1050.3984375 ], [ -73.0679511, 42.9742269, 1053.09765625 ], [ -73.0682174, 42.9741984, 1056.69921875 ], [ -73.0683537, 42.9741794, 1058.09765625 ], [ -73.0685716, 42.9741491, 1061.296875 ], [ -73.0687611, 42.9742294, 1066.59765625 ], [ -73.0689563, 42.9742641, 1070.5 ], [ -73.0690859, 42.9742525, 1071.69921875 ], [ -73.0692519, 42.9742785, 1074.296875 ], [ -73.0694622, 42.9743424, 1078.19921875 ], [ -73.0696739, 42.9744595, 1084.19921875 ], [ -73.0698799, 42.9744625, 1086.0 ], [ -73.0700459, 42.9744975, 1088.19921875 ], [ -73.0702667, 42.9744452, 1088.09765625 ], [ -73.0705127, 42.9743947, 1087.796875 ], [ -73.0708011, 42.974286, 1087.3984375 ], [ -73.0710475, 42.974286, 1088.3984375 ], [ -73.0715093, 42.9741922, 1087.796875 ], [ -73.071855, 42.974103, 1085.796875 ], [ -73.0721445, 42.9741186, 1086.59765625 ], [ -73.0722266, 42.9742472, 1089.0 ], [ -73.0722655, 42.9744063, 1092.296875 ], [ -73.0723727, 42.9746342, 1096.8984375 ], [ -73.0723563, 42.9748095, 1100.5 ], [ -73.0722758, 42.9749567, 1104.0 ], [ -73.07219, 42.9751588, 1108.5 ], [ -73.0719191, 42.9757338, 1120.59765625 ], [ -73.0717565, 42.9761835, 1128.0 ], [ -73.0717367, 42.9765541, 1134.296875 ], [ -73.0716857, 42.976766, 1137.3984375 ], [ -73.0716643, 42.9770133, 1139.5 ], [ -73.0716562, 42.9773704, 1142.0 ], [ -73.0716696, 42.9776373, 1143.0 ], [ -73.0715677, 42.9780101, 1142.296875 ], [ -73.0715155, 42.9783492, 1139.796875 ], [ -73.0714175, 42.9785439, 1137.3984375 ], [ -73.0712083, 42.9787244, 1134.59765625 ], [ -73.0711016, 42.9790729, 1130.296875 ], [ -73.0709522, 42.9793301, 1125.5 ], [ -73.0706906, 42.9796153, 1120.0 ], [ -73.0706692, 42.9798057, 1117.5 ], [ -73.0705297, 42.9799705, 1114.296875 ], [ -73.0705321, 42.9802324, 1110.8984375 ], [ -73.0704573, 42.9805415, 1107.0 ], [ -73.0702352, 42.9806845, 1103.796875 ], [ -73.0699638, 42.9807417, 1100.09765625 ], [ -73.0696875, 42.9807809, 1096.69921875 ], [ -73.0695319, 42.9809242, 1093.5 ], [ -73.0695266, 42.9811969, 1091.0 ], [ -73.069599, 42.9814206, 1090.0 ], [ -73.0696365, 42.9815894, 1089.3984375 ], [ -73.0696419, 42.9817758, 1088.0 ], [ -73.0696261, 42.9823269, 1084.5 ], [ -73.0694526, 42.9824751, 1082.59765625 ], [ -73.0694729, 42.9827392, 1081.8984375 ], [ -73.0693898, 42.9829963, 1080.796875 ], [ -73.0692449, 42.983522, 1080.3984375 ], [ -73.0692075, 42.9837968, 1081.796875 ], [ -73.0688828, 42.9845032, 1082.296875 ], [ -73.068679, 42.9850055, 1084.796875 ], [ -73.0685341, 42.9856308, 1089.69921875 ], [ -73.0681694, 42.9862142, 1092.5 ], [ -73.0679301, 42.986779, 1093.0 ], [ -73.0678165, 42.9872825, 1090.69921875 ], [ -73.0678073, 42.9874934, 1088.796875 ], [ -73.0681541, 42.9877463, 1087.3984375 ], [ -73.0684795, 42.9879836, 1085.5 ], [ -73.0685477, 42.9883117, 1082.09765625 ], [ -73.0685712, 42.988425, 1080.5 ], [ -73.0683351, 42.9886868, 1075.09765625 ], [ -73.0683491, 42.9888727, 1072.0 ], [ -73.068426, 42.9890575, 1069.09765625 ], [ -73.0688434, 42.9894958, 1063.19921875 ], [ -73.0692249, 42.9898588, 1057.19921875 ], [ -73.0695359, 42.9901517, 1052.09765625 ], [ -73.0697146, 42.9904492, 1046.296875 ], [ -73.0697619, 42.9907448, 1041.69921875 ], [ -73.0698041, 42.9909579, 1038.69921875 ], [ -73.0699755, 42.9911085, 1037.3984375 ], [ -73.0698946, 42.9913924, 1032.19921875 ], [ -73.0696921, 42.9916502, 1026.8984375 ], [ -73.0693999, 42.9919672, 1020.19921875 ], [ -73.0689464, 42.9922492, 1010.5 ], [ -73.0687679, 42.9927007, 1003.296875 ], [ -73.0685669, 42.9930773, 997.69921875 ], [ -73.0685071, 42.993442, 993.19921875 ], [ -73.068768, 42.9935705, 994.796875 ], [ -73.0689611, 42.9937866, 994.59765625 ], [ -73.0691473, 42.9939263, 993.296875 ], [ -73.0693104, 42.9944449, 991.796875 ], [ -73.0692375, 42.9948569, 985.796875 ], [ -73.0691497, 42.9950415, 983.59765625 ], [ -73.0694658, 42.9954272, 983.09765625 ], [ -73.069318, 42.9957502, 978.5 ], [ -73.0691607, 42.9959043, 975.69921875 ], [ -73.0689938, 42.9962148, 969.0 ], [ -73.0689245, 42.9962686, 967.296875 ], [ -73.0688654, 42.9963549, 966.09765625 ], [ -73.0687591, 42.9964179, 964.09765625 ], [ -73.0686816, 42.9964749, 962.59765625 ], [ -73.0685736, 42.9965426, 960.3984375 ], [ -73.0684834, 42.9966107, 959.09765625 ], [ -73.0684202, 42.996663, 958.19921875 ], [ -73.0683746, 42.9966849, 957.5 ], [ -73.0683448, 42.9967305, 957.09765625 ], [ -73.068163, 42.9967138, 956.796875 ], [ -73.0678859, 42.9967638, 956.59765625 ], [ -73.0677549, 42.9969134, 957.0 ], [ -73.0678289, 42.9971, 958.296875 ], [ -73.0679098, 42.9972801, 960.19921875 ], [ -73.0679128, 42.9974214, 961.796875 ], [ -73.0679115, 42.9975683, 964.0 ], [ -73.0678271, 42.9977355, 966.09765625 ], [ -73.0677335, 42.9978464, 967.796875 ], [ -73.0675865, 42.9979083, 969.5 ], [ -73.0673907, 42.9979839, 970.09765625 ], [ -73.0671574, 42.9982407, 972.59765625 ], [ -73.0669183, 42.9984717, 974.0 ], [ -73.0667409, 42.9987007, 979.5 ], [ -73.0666736, 42.9989148, 983.8984375 ], [ -73.0665387, 42.9991291, 988.8984375 ], [ -73.0661263, 42.9993501, 994.796875 ], [ -73.0657341, 42.9994659, 999.296875 ], [ -73.0654798, 42.9995998, 1002.796875 ], [ -73.0652512, 42.9996621, 1002.796875 ], [ -73.0651673, 42.9998661, 1009.3984375 ], [ -73.0650382, 43.0000292, 1013.3984375 ], [ -73.0647522, 43.000112, 1015.19921875 ], [ -73.0645001, 43.0000865, 1015.09765625 ], [ -73.0643881, 43.0001059, 1015.3984375 ], [ -73.0642104, 43.0001787, 1015.69921875 ], [ -73.0640361, 43.0001493, 1014.69921875 ], [ -73.0638225, 43.0001878, 1015.5 ], [ -73.0635006, 43.00038, 1015.296875 ], [ -73.0633986, 43.0006618, 1018.8984375 ], [ -73.0633937, 43.0008953, 1019.0 ], [ -73.0632882, 43.0011656, 1015.19921875 ], [ -73.0629441, 43.0018355, 996.59765625 ], [ -73.0628598, 43.0020422, 992.0 ], [ -73.0626802, 43.0022157, 986.796875 ], [ -73.0624406, 43.0023165, 983.3984375 ], [ -73.0623714, 43.0024267, 981.0 ], [ -73.062362, 43.0026583, 978.796875 ], [ -73.0623378, 43.0028589, 976.3984375 ], [ -73.0621353, 43.0031292, 975.5 ], [ -73.0621207, 43.00333, 977.09765625 ], [ -73.0622422, 43.0038443, 978.5 ], [ -73.0623087, 43.0040057, 979.59765625 ], [ -73.0623466, 43.0042069, 980.59765625 ], [ -73.0623358, 43.0043559, 981.296875 ], [ -73.062068, 43.004506, 983.796875 ], [ -73.061926, 43.00457, 985.0 ], [ -73.061314, 43.004741, 984.69921875 ], [ -73.0610016, 43.0047148, 984.0 ], [ -73.0606343, 43.0046643, 984.19921875 ], [ -73.060142, 43.004655, 988.8984375 ], [ -73.05954, 43.004778, 992.296875 ], [ -73.0592296, 43.0047687, 992.296875 ], [ -73.0588784, 43.0048641, 990.0 ], [ -73.0584917, 43.0050407, 987.796875 ], [ -73.0578405, 43.0054103, 983.69921875 ], [ -73.0575357, 43.0058007, 978.09765625 ], [ -73.0569275, 43.0061518, 972.5 ], [ -73.0564167, 43.0064333, 967.19921875 ], [ -73.0559499, 43.0065932, 963.09765625 ], [ -73.0553641, 43.0066805, 955.59765625 ], [ -73.0547881, 43.0068581, 959.5 ], [ -73.0545106, 43.0070237, 960.3984375 ], [ -73.0539872, 43.0069882, 961.19921875 ], [ -73.0531878, 43.0069676, 965.296875 ], [ -73.0527025, 43.007073, 967.59765625 ], [ -73.0521747, 43.0072673, 967.69921875 ], [ -73.0519117, 43.0072595, 969.5 ], [ -73.051358, 43.007417, 973.09765625 ], [ -73.0511452, 43.0072858, 973.09765625 ], [ -73.0508144, 43.0072985, 972.8984375 ], [ -73.0505355, 43.0074662, 975.59765625 ], [ -73.0503852, 43.0075596, 977.296875 ], [ -73.0498686, 43.0077193, 980.8984375 ], [ -73.0495357, 43.0080191, 983.8984375 ], [ -73.0493826, 43.0080573, 984.59765625 ], [ -73.048827, 43.0081405, 985.59765625 ], [ -73.0483585, 43.0079014, 984.8984375 ], [ -73.0477327, 43.0076569, 988.796875 ], [ -73.0475233, 43.0076537, 989.0 ], [ -73.0473606, 43.007745, 988.59765625 ], [ -73.0472483, 43.0078684, 988.19921875 ], [ -73.0470634, 43.008118, 983.59765625 ], [ -73.0470495, 43.0083711, 978.69921875 ], [ -73.0471029, 43.008584, 975.8984375 ], [ -73.047066, 43.008817, 972.0 ], [ -73.0470705, 43.0089767, 968.796875 ], [ -73.0471063, 43.0090447, 967.8984375 ], [ -73.047203, 43.0091067, 966.69921875 ], [ -73.0473544, 43.0093031, 964.3984375 ], [ -73.0473373, 43.0094475, 962.3984375 ], [ -73.0473155, 43.0095138, 961.5 ], [ -73.0473059, 43.0095786, 960.69921875 ], [ -73.04742, 43.009813, 957.09765625 ], [ -73.0475121, 43.0100111, 954.3984375 ], [ -73.0475134, 43.0100997, 952.796875 ], [ -73.0474903, 43.0101869, 951.09765625 ], [ -73.0473508, 43.0103928, 947.19921875 ], [ -73.047256, 43.010534, 944.19921875 ], [ -73.0470309, 43.010745, 938.09765625 ], [ -73.0468639, 43.0109896, 933.09765625 ], [ -73.0467015, 43.011153, 928.59765625 ], [ -73.0465777, 43.0113595, 925.0 ], [ -73.0460314, 43.0118118, 913.796875 ], [ -73.045888, 43.0120245, 911.0 ], [ -73.0457507, 43.0122521, 906.8984375 ], [ -73.0454673, 43.0124017, 903.69921875 ], [ -73.0451922, 43.0124498, 901.0 ], [ -73.0450737, 43.0125003, 900.296875 ], [ -73.0449919, 43.012585, 899.296875 ], [ -73.0447073, 43.0126639, 897.5 ], [ -73.0445638, 43.012717, 895.3984375 ], [ -73.0444366, 43.0128162, 892.69921875 ], [ -73.0443534, 43.0129631, 889.09765625 ], [ -73.0443398, 43.0130858, 885.5 ], [ -73.044373, 43.0131951, 882.69921875 ], [ -73.0442554, 43.0133383, 879.8984375 ], [ -73.0438611, 43.0138281, 864.19921875 ], [ -73.0437286, 43.0140379, 859.0 ], [ -73.0435959, 43.0141814, 854.59765625 ], [ -73.04356, 43.0142168, 853.19921875 ], [ -73.0435432, 43.0142482, 852.3984375 ], [ -73.0435383, 43.0142835, 851.796875 ], [ -73.0435264, 43.0143086, 851.09765625 ], [ -73.043511, 43.0143325, 850.8984375 ], [ -73.0434872, 43.0143411, 850.59765625 ], [ -73.0434368, 43.0143712, 849.796875 ], [ -73.0434028, 43.0144014, 849.0 ], [ -73.0433845, 43.0144505, 848.296875 ], [ -73.043373, 43.0144793, 847.796875 ], [ -73.0433533, 43.0145038, 847.19921875 ], [ -73.043331, 43.0145399, 846.3984375 ], [ -73.0433338, 43.0146048, 845.796875 ], [ -73.0433204, 43.014692, 845.0 ], [ -73.043308, 43.0147652, 844.296875 ], [ -73.0432886, 43.0148076, 843.69921875 ], [ -73.0432684, 43.0148482, 843.19921875 ], [ -73.0432686, 43.0149077, 843.0 ], [ -73.0432737, 43.0149868, 843.0 ], [ -73.0432381, 43.0150323, 842.5 ], [ -73.0431922, 43.0150417, 841.59765625 ], [ -73.0431294, 43.0150272, 840.59765625 ], [ -73.0430828, 43.0150203, 839.796875 ], [ -73.0430362, 43.0150575, 839.0 ], [ -73.0429929, 43.015129, 837.796875 ], [ -73.0429424, 43.0151903, 837.69921875 ], [ -73.0428748, 43.0152549, 837.796875 ], [ -73.0428441, 43.0152982, 838.5 ], [ -73.0428206, 43.0153138, 838.59765625 ], [ -73.0427908, 43.0153458, 839.3984375 ], [ -73.0427621, 43.0153721, 839.796875 ], [ -73.0427442, 43.0154058, 840.69921875 ], [ -73.0424804, 43.0155174, 838.796875 ], [ -73.0420189, 43.0159447, 830.69921875 ], [ -73.0417608, 43.016135, 829.59765625 ], [ -73.041538, 43.0163564, 830.69921875 ], [ -73.0412835, 43.0166755, 834.3984375 ], [ -73.0410627, 43.0170065, 842.09765625 ], [ -73.040813, 43.0172396, 846.59765625 ], [ -73.0406198, 43.0174831, 851.0 ], [ -73.0403934, 43.017606, 853.59765625 ], [ -73.0401681, 43.0178208, 857.796875 ], [ -73.0400242, 43.018064, 861.296875 ], [ -73.0397413, 43.0183112, 863.296875 ], [ -73.0395505, 43.018579, 868.59765625 ], [ -73.039306, 43.0186801, 870.5 ], [ -73.0389747, 43.0190381, 875.0 ], [ -73.0386682, 43.0193987, 886.19921875 ], [ -73.0381116, 43.0197299, 894.3984375 ], [ -73.0378956, 43.0199498, 900.796875 ], [ -73.0376258, 43.0201932, 909.19921875 ], [ -73.0373312, 43.0203574, 916.3984375 ], [ -73.0370741, 43.0203414, 919.0 ], [ -73.036906, 43.0203618, 922.0 ], [ -73.0367996, 43.0204038, 924.3984375 ], [ -73.0369049, 43.0205405, 928.59765625 ], [ -73.0370477, 43.0206557, 930.8984375 ], [ -73.037387, 43.0209303, 934.5 ], [ -73.0376556, 43.0211789, 941.0 ], [ -73.0378785, 43.0212719, 942.5 ], [ -73.038053, 43.0213943, 944.09765625 ], [ -73.0381943, 43.0215207, 946.296875 ], [ -73.0382222, 43.0215608, 946.69921875 ], [ -73.0382287, 43.0216087, 947.19921875 ], [ -73.0381473, 43.021661, 949.0 ], [ -73.0378174, 43.0216609, 952.5 ], [ -73.0374795, 43.0216509, 955.8984375 ], [ -73.0368415, 43.0214956, 959.0 ], [ -73.0364174, 43.0213764, 959.3984375 ], [ -73.0359655, 43.0214025, 963.09765625 ], [ -73.035712, 43.0214045, 965.3984375 ], [ -73.0354804, 43.0213937, 967.19921875 ], [ -73.0354058, 43.0214261, 969.19921875 ], [ -73.0353836, 43.0214787, 971.3984375 ], [ -73.0356147, 43.0217427, 975.69921875 ], [ -73.0356805, 43.0218775, 978.69921875 ], [ -73.0358616, 43.0221423, 983.0 ], [ -73.0360818, 43.0222895, 984.0 ], [ -73.0363453, 43.0224483, 983.09765625 ], [ -73.0365185, 43.0225268, 982.5 ], [ -73.036786, 43.0227142, 980.09765625 ], [ -73.0370132, 43.0227856, 976.296875 ], [ -73.0371633, 43.0229133, 974.296875 ], [ -73.0372343, 43.0230367, 973.296875 ], [ -73.0372683, 43.0231917, 973.0 ], [ -73.0374225, 43.0233756, 971.09765625 ], [ -73.0375128, 43.0235991, 969.69921875 ], [ -73.0375724, 43.0237013, 968.19921875 ], [ -73.0376516, 43.0238197, 966.5 ], [ -73.0377245, 43.0239386, 965.09765625 ], [ -73.0377467, 43.0240624, 964.796875 ], [ -73.0379157, 43.0242069, 961.19921875 ], [ -73.0379738, 43.0243604, 960.19921875 ], [ -73.0380569, 43.0246351, 958.09765625 ], [ -73.0381644, 43.0250175, 956.19921875 ], [ -73.0381295, 43.0253482, 955.296875 ], [ -73.0380039, 43.0259795, 953.296875 ], [ -73.0380117, 43.0265353, 949.8984375 ], [ -73.0379107, 43.0267634, 950.8984375 ], [ -73.0377481, 43.0269466, 952.0 ], [ -73.0375809, 43.0273055, 953.796875 ], [ -73.0374347, 43.0277629, 959.0 ], [ -73.0374868, 43.0280738, 958.8984375 ], [ -73.0376251, 43.0282924, 959.5 ], [ -73.0376956, 43.0285537, 961.296875 ], [ -73.0378, 43.0287791, 960.69921875 ], [ -73.037926, 43.0290548, 961.0 ], [ -73.0381322, 43.0293193, 961.69921875 ], [ -73.0381339, 43.0296085, 967.0 ], [ -73.038193, 43.0297637, 967.796875 ], [ -73.0383414, 43.0299031, 966.796875 ], [ -73.038436, 43.0300553, 969.09765625 ], [ -73.0385531, 43.0301706, 970.09765625 ], [ -73.0387532, 43.0302352, 969.09765625 ], [ -73.0389353, 43.0304288, 970.0 ], [ -73.0390857, 43.0306181, 971.09765625 ], [ -73.0392449, 43.0306696, 972.8984375 ], [ -73.0394288, 43.0306625, 974.09765625 ], [ -73.0397146, 43.0306756, 974.69921875 ], [ -73.0399741, 43.030743, 974.796875 ], [ -73.0402351, 43.030789, 975.09765625 ], [ -73.0404261, 43.0307913, 974.5 ], [ -73.0405894, 43.0308116, 974.3984375 ], [ -73.0408588, 43.0308874, 975.8984375 ], [ -73.0410819, 43.0310127, 977.69921875 ], [ -73.0412254, 43.0310631, 976.796875 ], [ -73.0413842, 43.0310978, 975.8984375 ], [ -73.0418242, 43.0310634, 974.19921875 ], [ -73.0421509, 43.0311586, 975.0 ], [ -73.042456, 43.0312721, 975.296875 ], [ -73.0426932, 43.0313983, 974.3984375 ], [ -73.0428981, 43.0316578, 975.5 ], [ -73.0430401, 43.0318167, 976.19921875 ], [ -73.0431512, 43.0319733, 975.69921875 ], [ -73.0431653, 43.0320972, 975.796875 ], [ -73.0431117, 43.0322323, 976.5 ], [ -73.0430568, 43.0325093, 976.3984375 ], [ -73.043028, 43.0327584, 975.296875 ], [ -73.0428635, 43.0329296, 974.5 ], [ -73.0425881, 43.0330624, 973.3984375 ], [ -73.0423648, 43.0332223, 971.3984375 ], [ -73.042176, 43.0333283, 969.796875 ], [ -73.0420303, 43.0334479, 968.09765625 ], [ -73.0417647, 43.0336326, 965.09765625 ], [ -73.0414639, 43.0338292, 962.3984375 ], [ -73.0411821, 43.0339629, 960.5 ], [ -73.0405922, 43.0342409, 958.09765625 ], [ -73.0401906, 43.0344509, 954.69921875 ], [ -73.0399944, 43.0346259, 951.0 ], [ -73.0397459, 43.034731, 949.69921875 ], [ -73.0393566, 43.0350089, 944.59765625 ], [ -73.0388262, 43.0352403, 940.796875 ], [ -73.0382286, 43.0352929, 938.8984375 ], [ -73.0379791, 43.035285, 937.8984375 ], [ -73.0376525, 43.0353131, 935.19921875 ], [ -73.0373833, 43.035249, 933.0 ], [ -73.0371542, 43.0351668, 930.69921875 ], [ -73.0367114, 43.0349574, 929.19921875 ], [ -73.0363439, 43.0347343, 928.5 ], [ -73.036097, 43.0346666, 928.0 ], [ -73.0358562, 43.0345471, 927.5 ], [ -73.0355677, 43.0341536, 926.8984375 ], [ -73.0350127, 43.0337669, 926.59765625 ], [ -73.0349412, 43.0336014, 927.8984375 ], [ -73.0348297, 43.033445, 928.5 ], [ -73.0344464, 43.0331253, 928.0 ], [ -73.0342815, 43.0331125, 926.5 ], [ -73.0341135, 43.0331246, 924.296875 ], [ -73.0338484, 43.0330789, 923.0 ], [ -73.033445, 43.0329839, 922.69921875 ], [ -73.0329245, 43.0329138, 924.59765625 ], [ -73.0326238, 43.0329521, 924.796875 ], [ -73.0323512, 43.0330353, 923.59765625 ], [ -73.0320169, 43.033105, 922.3984375 ], [ -73.0315359, 43.0330146, 923.59765625 ], [ -73.0311266, 43.0331149, 923.296875 ], [ -73.0308123, 43.0331041, 924.0 ], [ -73.0305258, 43.0330709, 924.5 ], [ -73.0303534, 43.0330793, 923.69921875 ], [ -73.0302304, 43.0330404, 924.09765625 ], [ -73.0300209, 43.0329374, 925.5 ], [ -73.029674, 43.0329612, 924.69921875 ], [ -73.0292389, 43.0328684, 925.09765625 ], [ -73.0288019, 43.0327492, 924.19921875 ], [ -73.0285285, 43.0326972, 924.19921875 ], [ -73.0281966, 43.0327443, 923.19921875 ], [ -73.0278816, 43.0327464, 923.296875 ], [ -73.0275666, 43.032762, 923.69921875 ], [ -73.0272648, 43.0328458, 923.3984375 ], [ -73.0269568, 43.0329995, 921.09765625 ], [ -73.0265442, 43.0332304, 919.19921875 ], [ -73.0261909, 43.0334136, 917.3984375 ], [ -73.0258006, 43.0335496, 917.3984375 ], [ -73.0252503, 43.0339351, 915.3984375 ], [ -73.0250824, 43.0341684, 914.5 ], [ -73.024769, 43.0347459, 911.296875 ], [ -73.0247098, 43.0348921, 909.8984375 ], [ -73.0246877, 43.0350339, 908.59765625 ], [ -73.0247804, 43.035539, 899.09765625 ], [ -73.0247084, 43.0357695, 896.0 ], [ -73.024769, 43.0359679, 892.5 ], [ -73.0246131, 43.0361451, 890.59765625 ], [ -73.0245675, 43.0362472, 889.09765625 ], [ -73.0245619, 43.0363516, 888.0 ], [ -73.0245651, 43.0367336, 882.796875 ], [ -73.0245151, 43.037113, 877.5 ], [ -73.0244223, 43.037833, 868.19921875 ], [ -73.0242602, 43.0382221, 862.296875 ], [ -73.0240745, 43.0385569, 855.59765625 ], [ -73.0240051, 43.0387301, 851.5 ], [ -73.0239921, 43.0388936, 847.796875 ], [ -73.0240777, 43.0389945, 845.19921875 ], [ -73.0243305, 43.0390823, 841.3984375 ], [ -73.0244523, 43.0391694, 838.3984375 ], [ -73.0244767, 43.039275, 835.59765625 ], [ -73.0244141, 43.0394206, 834.8984375 ], [ -73.0243237, 43.0396012, 834.296875 ], [ -73.0243432, 43.0397994, 831.296875 ], [ -73.0243185, 43.0399878, 829.09765625 ], [ -73.0243286, 43.0401762, 827.19921875 ], [ -73.0244019, 43.0403693, 825.5 ], [ -73.024413, 43.0406754, 823.8984375 ], [ -73.0242991, 43.0409311, 821.3984375 ], [ -73.0241964, 43.0410773, 820.59765625 ], [ -73.0240562, 43.0411863, 819.0 ], [ -73.0238906, 43.0412011, 817.69921875 ], [ -73.0237277, 43.0411865, 816.296875 ], [ -73.023402, 43.041173, 815.0 ], [ -73.0225879, 43.0411868, 810.8984375 ], [ -73.0215593, 43.0411544, 802.69921875 ], [ -73.0206217, 43.0409982, 796.296875 ], [ -73.0204339, 43.0409635, 794.8984375 ], [ -73.0202864, 43.0410111, 792.796875 ], [ -73.0200836, 43.040984, 792.19921875 ], [ -73.0198587, 43.0409074, 793.296875 ], [ -73.0197293, 43.0408904, 793.796875 ], [ -73.0196026, 43.040899, 794.69921875 ], [ -73.0195172, 43.0409547, 794.5 ], [ -73.0195096, 43.0410457, 795.0 ], [ -73.0195234, 43.041205, 796.296875 ], [ -73.0194909, 43.0413165, 796.09765625 ], [ -73.0193627, 43.041396, 795.8984375 ], [ -73.0192917, 43.0414735, 795.5 ], [ -73.0192621, 43.0415417, 795.0 ], [ -73.0192911, 43.0416201, 795.0 ], [ -73.0193142, 43.0417105, 795.09765625 ], [ -73.0193066, 43.0417726, 795.3984375 ], [ -73.0192896, 43.0418469, 795.59765625 ], [ -73.0192664, 43.041916, 795.796875 ], [ -73.0191504, 43.0419591, 796.0 ], [ -73.0189724, 43.041997, 796.19921875 ], [ -73.0186584, 43.0420889, 796.69921875 ], [ -73.0184548, 43.0422145, 797.796875 ], [ -73.0182906, 43.0423269, 801.19921875 ], [ -73.0180888, 43.0425214, 805.59765625 ], [ -73.018032, 43.0426856, 806.3984375 ], [ -73.0179505, 43.0427902, 805.3984375 ], [ -73.0177956, 43.0429734, 803.59765625 ], [ -73.017523, 43.0431327, 801.59765625 ], [ -73.0169427, 43.0436309, 803.0 ], [ -73.0166823, 43.0439207, 800.59765625 ], [ -73.0160737, 43.0442397, 799.69921875 ], [ -73.0155947, 43.0444753, 801.796875 ], [ -73.0154687, 43.044525, 802.09765625 ], [ -73.0153448, 43.0445404, 803.296875 ], [ -73.0152371, 43.0445819, 803.59765625 ], [ -73.0151395, 43.0446442, 804.19921875 ], [ -73.0147227, 43.0450124, 804.5 ], [ -73.0143675, 43.0452398, 807.0 ], [ -73.0142376, 43.0454715, 808.5 ], [ -73.0141677, 43.04562, 809.69921875 ], [ -73.0141594, 43.0457698, 810.09765625 ], [ -73.0137836, 43.0461211, 813.59765625 ], [ -73.0137447, 43.0463297, 812.796875 ], [ -73.0138606, 43.0465872, 811.19921875 ], [ -73.0137484, 43.0470939, 814.09765625 ], [ -73.013683, 43.047428, 820.09765625 ], [ -73.0136738, 43.0476714, 827.3984375 ], [ -73.0137703, 43.0479071, 834.09765625 ], [ -73.0138796, 43.0480256, 834.69921875 ], [ -73.0140047, 43.048286, 837.59765625 ], [ -73.0139612, 43.0485434, 839.69921875 ], [ -73.0135113, 43.0492193, 842.09765625 ], [ -73.0133204, 43.04956, 845.0 ], [ -73.0131352, 43.0497934, 844.8984375 ], [ -73.0127955, 43.0502551, 848.0 ], [ -73.0125349, 43.050431, 853.3984375 ], [ -73.0123883, 43.0504191, 855.19921875 ], [ -73.0124332, 43.0508064, 854.09765625 ], [ -73.0123311, 43.0508426, 855.796875 ], [ -73.0119315, 43.0511229, 861.59765625 ], [ -73.0114299, 43.0514306, 870.19921875 ], [ -73.0109029, 43.0518094, 879.19921875 ], [ -73.0108301, 43.0521368, 888.8984375 ], [ -73.0106388, 43.0523718, 895.59765625 ], [ -73.0106422, 43.052677, 900.09765625 ], [ -73.010413, 43.052828, 906.69921875 ], [ -73.010272, 43.05307, 909.09765625 ], [ -73.0098581, 43.0533631, 913.69921875 ], [ -73.0092054, 43.053667, 916.8984375 ], [ -73.0084204, 43.054209, 910.59765625 ], [ -73.0078588, 43.0545801, 905.09765625 ], [ -73.0071104, 43.0548909, 896.09765625 ], [ -73.0067382, 43.0550386, 889.796875 ], [ -73.0060776, 43.0550039, 887.3984375 ], [ -73.005738, 43.0550969, 885.69921875 ], [ -73.0055222, 43.0550988, 884.296875 ], [ -73.0054734, 43.0550937, 884.19921875 ], [ -73.0053653, 43.0550883, 883.69921875 ], [ -73.0052638, 43.0550825, 883.296875 ], [ -73.004849, 43.0549292, 882.0 ], [ -73.0043291, 43.0544808, 882.09765625 ], [ -73.0038436, 43.0542861, 879.59765625 ], [ -73.0037824, 43.0542581, 879.296875 ], [ -73.0037251, 43.0542471, 878.8984375 ], [ -73.0036263, 43.0542597, 877.69921875 ], [ -73.0035707, 43.054269, 876.8984375 ], [ -73.0035409, 43.0543038, 876.296875 ], [ -73.0034827, 43.0543121, 875.5 ], [ -73.002961, 43.0543389, 869.69921875 ], [ -73.0028927, 43.0543566, 868.69921875 ], [ -73.0028645, 43.0543903, 868.09765625 ], [ -73.0028401, 43.0544282, 867.3984375 ], [ -73.0027908, 43.0544487, 866.59765625 ], [ -73.0027434, 43.0544815, 865.796875 ], [ -73.0027156, 43.0545431, 865.0 ], [ -73.0027043, 43.0545685, 864.59765625 ], [ -73.0026447, 43.0545931, 863.8984375 ], [ -73.0025015, 43.0546324, 862.5 ], [ -73.0024649, 43.0546536, 861.59765625 ], [ -73.0023972, 43.0546717, 860.5 ], [ -73.0023768, 43.0546914, 860.0 ], [ -73.0023487, 43.0547198, 859.3984375 ], [ -73.0023412, 43.0547512, 859.0 ], [ -73.0023344, 43.0548231, 858.3984375 ], [ -73.0023166, 43.0548644, 858.09765625 ], [ -73.0022935, 43.054917, 857.0 ], [ -73.0022801, 43.0549588, 856.5 ], [ -73.0022906, 43.0550063, 856.0 ], [ -73.0022846, 43.0550765, 855.09765625 ], [ -73.0022651, 43.0551055, 854.69921875 ], [ -73.0022636, 43.0551532, 854.19921875 ], [ -73.0022613, 43.0552162, 853.796875 ], [ -73.0022756, 43.0552491, 853.796875 ], [ -73.0022876, 43.0552817, 853.69921875 ], [ -73.0022563, 43.0553173, 853.09765625 ], [ -73.0022373, 43.055365, 852.59765625 ], [ -73.0022403, 43.0554226, 852.19921875 ], [ -73.0022831, 43.055498, 852.69921875 ], [ -73.0023807, 43.0555869, 854.3984375 ], [ -73.0023835, 43.0556548, 854.3984375 ], [ -73.0023562, 43.0556818, 854.0 ], [ -73.0022951, 43.0557555, 853.0 ], [ -73.0022666, 43.0558119, 852.69921875 ], [ -73.0022031, 43.0558397, 851.8984375 ], [ -73.0021555, 43.0558451, 851.69921875 ], [ -73.0020905, 43.0558914, 851.5 ], [ -73.0020147, 43.0559357, 851.19921875 ], [ -73.0019616, 43.0559603, 851.0 ], [ -73.0018505, 43.0559564, 850.8984375 ], [ -73.0017105, 43.0559329, 850.3984375 ], [ -73.0015801, 43.0559085, 849.19921875 ], [ -73.0014551, 43.0558661, 847.296875 ], [ -73.0012888, 43.0558352, 845.296875 ], [ -73.0012298, 43.0558164, 844.796875 ], [ -73.0012183, 43.0557584, 844.3984375 ], [ -73.0012047, 43.0556597, 843.59765625 ], [ -73.0011776, 43.0556551, 843.59765625 ], [ -73.0011185, 43.0556756, 843.796875 ], [ -73.0010643, 43.0556874, 843.3984375 ], [ -73.0009815, 43.0557354, 842.796875 ], [ -73.0009216, 43.0557444, 842.296875 ], [ -73.0008545, 43.0557534, 841.69921875 ], [ -73.0007792, 43.0557443, 841.09765625 ], [ -73.0005858, 43.0556488, 838.8984375 ], [ -73.0004221, 43.0556355, 836.796875 ], [ -73.0004027, 43.0556071, 836.296875 ], [ -73.000398, 43.055555, 836.09765625 ], [ -73.0003707, 43.0554262, 835.09765625 ], [ -73.0003283, 43.0553944, 834.3984375 ], [ -73.0001986, 43.0553972, 833.69921875 ], [ -73.0001559, 43.0553854, 833.5 ], [ -73.0001552, 43.0553238, 833.3984375 ], [ -73.0001528, 43.0552478, 833.19921875 ], [ -73.0000885, 43.0552019, 833.09765625 ], [ -72.9998947, 43.0551102, 830.59765625 ], [ -72.9998163, 43.0550696, 829.0 ], [ -72.9997914, 43.055109, 828.8984375 ], [ -72.9997515, 43.0551651, 828.5 ], [ -72.9996988, 43.0552338, 827.8984375 ], [ -72.9996415, 43.0552425, 827.796875 ], [ -72.9995595, 43.0552468, 827.59765625 ], [ -72.9995082, 43.0552806, 827.59765625 ], [ -72.9994557, 43.0552824, 827.5 ], [ -72.9994192, 43.0552803, 827.296875 ], [ -72.9993968, 43.0552296, 827.09765625 ], [ -72.9992681, 43.055153, 826.3984375 ], [ -72.9991642, 43.0551126, 825.59765625 ], [ -72.9990775, 43.0551067, 824.796875 ], [ -72.9990054, 43.0551084, 824.0 ], [ -72.998891, 43.0550941, 822.5 ], [ -72.9987936, 43.0550993, 820.796875 ], [ -72.9987312, 43.0551009, 819.69921875 ], [ -72.9986829, 43.0551035, 818.796875 ], [ -72.9986446, 43.0551134, 818.19921875 ], [ -72.998588, 43.0551123, 817.796875 ], [ -72.9984182, 43.0550781, 818.296875 ], [ -72.9983616, 43.0550604, 818.59765625 ], [ -72.9982025, 43.0549221, 817.59765625 ], [ -72.9981444, 43.0548649, 817.296875 ], [ -72.9980959, 43.0548109, 816.8984375 ], [ -72.9980494, 43.0547737, 816.59765625 ], [ -72.9979902, 43.054766, 816.3984375 ], [ -72.9979248, 43.05478, 816.09765625 ], [ -72.9978703, 43.0547784, 815.796875 ], [ -72.9978397, 43.054794, 815.796875 ], [ -72.9978187, 43.0548173, 815.8984375 ], [ -72.9977915, 43.0548454, 816.0 ], [ -72.9977604, 43.054872, 815.796875 ], [ -72.9977336, 43.0548878, 815.3984375 ], [ -72.9976926, 43.054893, 814.8984375 ], [ -72.9976487, 43.0548942, 814.5 ], [ -72.9976096, 43.0549027, 814.0 ], [ -72.9975824, 43.0549307, 813.59765625 ], [ -72.9975575, 43.0549664, 813.296875 ], [ -72.9975396, 43.0549959, 812.8984375 ], [ -72.9975018, 43.0550319, 812.3984375 ], [ -72.9974885, 43.0550435, 812.296875 ], [ -72.9974753, 43.0550761, 812.09765625 ], [ -72.9974679, 43.0551287, 811.8984375 ], [ -72.997453, 43.0552, 811.59765625 ], [ -72.9974403, 43.0552248, 811.3984375 ], [ -72.9974255, 43.0552668, 811.19921875 ], [ -72.997417, 43.055312, 810.8984375 ], [ -72.9973873, 43.0553352, 810.59765625 ], [ -72.9973598, 43.0553592, 810.296875 ], [ -72.997345, 43.0553856, 810.09765625 ], [ -72.9973386, 43.0554281, 809.8984375 ], [ -72.9973323, 43.0554699, 809.8984375 ], [ -72.9972719, 43.0555458, 809.3984375 ], [ -72.9972252, 43.0555876, 809.09765625 ], [ -72.9971691, 43.0556279, 808.3984375 ], [ -72.9971172, 43.0556403, 807.8984375 ], [ -72.9970493, 43.0556564, 807.09765625 ], [ -72.9969854, 43.0556768, 806.5 ], [ -72.9968972, 43.0557151, 805.796875 ], [ -72.9968044, 43.0557257, 805.0 ], [ -72.9966734, 43.0557374, 804.0 ], [ -72.9965538, 43.0557493, 803.19921875 ], [ -72.9964555, 43.055753, 802.69921875 ], [ -72.9963863, 43.0557849, 802.296875 ], [ -72.9963401, 43.0558081, 802.0 ], [ -72.9962847, 43.0558249, 801.5 ], [ -72.9962428, 43.0558219, 801.09765625 ], [ -72.9961568, 43.0557827, 800.3984375 ], [ -72.9960611, 43.0557582, 799.3984375 ], [ -72.9959734, 43.0557207, 798.09765625 ], [ -72.9958805, 43.055691, 796.69921875 ], [ -72.9957644, 43.0556631, 795.69921875 ], [ -72.995672, 43.0556499, 795.296875 ], [ -72.9955627, 43.0556118, 794.69921875 ], [ -72.9954739, 43.0555745, 793.796875 ], [ -72.9953722, 43.0555608, 792.8984375 ], [ -72.9952654, 43.0555626, 792.0 ], [ -72.9951692, 43.0555602, 791.09765625 ], [ -72.9950609, 43.0555526, 790.0 ], [ -72.9949094, 43.0555341, 789.19921875 ], [ -72.9947975, 43.0555255, 789.0 ], [ -72.9945715, 43.0555234, 788.19921875 ], [ -72.9944389, 43.0555214, 787.69921875 ], [ -72.9942088, 43.0554985, 786.796875 ], [ -72.9940861, 43.055485, 786.0 ], [ -72.993991, 43.0554824, 785.19921875 ], [ -72.9938609, 43.0554765, 784.3984375 ], [ -72.9937233, 43.0554653, 783.796875 ], [ -72.9936707, 43.055456, 783.5 ], [ -72.9936156, 43.0554375, 783.19921875 ], [ -72.9935655, 43.0554364, 783.19921875 ], [ -72.9935204, 43.0554469, 783.296875 ], [ -72.9934577, 43.0554516, 783.296875 ], [ -72.993356, 43.0554394, 783.19921875 ], [ -72.99327, 43.0554154, 783.0 ], [ -72.9931803, 43.0554316, 783.09765625 ], [ -72.9931376, 43.0554527, 783.19921875 ], [ -72.9930892, 43.0554695, 783.19921875 ], [ -72.9930375, 43.0554739, 783.0 ], [ -72.9929688, 43.0554738, 782.19921875 ], [ -72.9928825, 43.0554554, 781.19921875 ], [ -72.9927676, 43.0554489, 779.8984375 ], [ -72.9926524, 43.055439, 779.09765625 ], [ -72.9925425, 43.0554247, 778.296875 ], [ -72.9924353, 43.0554033, 777.69921875 ], [ -72.9922935, 43.0553707, 777.0 ], [ -72.9921022, 43.055348, 776.296875 ], [ -72.9919371, 43.0552667, 775.5 ], [ -72.9918496, 43.0552212, 775.3984375 ], [ -72.9917495, 43.0551678, 775.69921875 ], [ -72.9916505, 43.0551242, 775.796875 ], [ -72.9915967, 43.0550833, 775.19921875 ], [ -72.9915574, 43.0550172, 774.8984375 ], [ -72.991511, 43.0549512, 774.69921875 ], [ -72.9914666, 43.054894, 774.69921875 ], [ -72.9914166, 43.054838, 774.69921875 ], [ -72.9913677, 43.0547692, 773.796875 ], [ -72.9913223, 43.0546776, 772.5 ], [ -72.9912725, 43.0545812, 771.5 ], [ -72.9911844, 43.0544776, 770.5 ], [ -72.9910653, 43.054333, 768.8984375 ], [ -72.9909453, 43.0541798, 766.5 ], [ -72.9908933, 43.0540948, 765.09765625 ], [ -72.9908372, 43.0540227, 764.0 ], [ -72.9907397, 43.0539895, 763.0 ], [ -72.9905714, 43.0539489, 761.796875 ], [ -72.9904149, 43.0539067, 761.09765625 ], [ -72.9903224, 43.0538724, 760.59765625 ], [ -72.9902033, 43.0538252, 760.19921875 ], [ -72.9901322, 43.0537779, 759.69921875 ], [ -72.9900351, 43.0537563, 759.19921875 ], [ -72.9898061, 43.0536865, 757.8984375 ], [ -72.9892885, 43.0534702, 752.3984375 ], [ -72.9888192, 43.0534567, 749.0 ], [ -72.9886439, 43.0534491, 748.8984375 ], [ -72.9885634, 43.0534355, 748.59765625 ], [ -72.9883816, 43.0534259, 748.09765625 ], [ -72.9881547, 43.053375, 747.296875 ], [ -72.9879697, 43.053301, 746.296875 ], [ -72.9877647, 43.053284, 744.59765625 ], [ -72.9876434, 43.0532719, 743.796875 ], [ -72.9874761, 43.053249, 742.59765625 ], [ -72.987304, 43.0532296, 742.09765625 ], [ -72.9872123, 43.0532118, 742.0 ], [ -72.9871526, 43.0531722, 741.69921875 ], [ -72.9870789, 43.0531915, 741.5 ], [ -72.9869885, 43.0531976, 741.19921875 ], [ -72.986903, 43.0531788, 741.0 ], [ -72.9867277, 43.053071, 740.296875 ], [ -72.9865797, 43.052966, 738.59765625 ], [ -72.9864517, 43.052843, 737.3984375 ], [ -72.9862907, 43.052782, 736.5 ], [ -72.9861754, 43.0526381, 737.0 ], [ -72.9859941, 43.0525033, 736.8984375 ], [ -72.9858877, 43.0524909, 736.09765625 ], [ -72.9858323, 43.0524543, 736.0 ], [ -72.9857283, 43.0523501, 735.8984375 ], [ -72.9854847, 43.052222, 733.796875 ], [ -72.9854175, 43.0521606, 733.3984375 ], [ -72.98536, 43.0520494, 732.8984375 ], [ -72.9853412, 43.0519718, 732.69921875 ], [ -72.9853175, 43.0518694, 732.5 ], [ -72.9852318, 43.0517943, 732.0 ], [ -72.9849776, 43.0517275, 731.8984375 ], [ -72.9846391, 43.0516999, 731.3984375 ], [ -72.9843839, 43.0516665, 731.796875 ], [ -72.9841389, 43.0516255, 733.296875 ], [ -72.9839926, 43.0515978, 733.5 ], [ -72.9839073, 43.0515579, 733.796875 ], [ -72.9837757, 43.0515518, 733.8984375 ], [ -72.9834998, 43.0515705, 733.3984375 ], [ -72.9833931, 43.0515721, 733.09765625 ], [ -72.9832419, 43.05154, 732.59765625 ], [ -72.9831127, 43.051531, 732.19921875 ], [ -72.983003, 43.0515399, 732.19921875 ], [ -72.982927, 43.0515823, 732.5 ], [ -72.9828205, 43.0515899, 733.0 ], [ -72.9825585, 43.0516074, 734.8984375 ], [ -72.9824717, 43.051632, 735.59765625 ], [ -72.9824332, 43.0516774, 736.19921875 ], [ -72.9823825, 43.0517263, 736.8984375 ], [ -72.9823153, 43.0517814, 737.796875 ], [ -72.9822586, 43.0518312, 738.3984375 ], [ -72.9822134, 43.0518597, 738.5 ], [ -72.9821718, 43.0519095, 737.8984375 ], [ -72.9821661, 43.0519558, 737.59765625 ], [ -72.9821677, 43.0520306, 737.19921875 ], [ -72.9821532, 43.0520898, 736.69921875 ], [ -72.9821347, 43.0521538, 736.0 ], [ -72.9820865, 43.0522124, 735.3984375 ], [ -72.9820064, 43.0522471, 734.8984375 ], [ -72.981975, 43.0522782, 734.59765625 ], [ -72.9819203, 43.052331, 734.09765625 ], [ -72.9817793, 43.0524623, 733.59765625 ], [ -72.9817342, 43.0525218, 733.69921875 ], [ -72.9817208, 43.0525564, 733.796875 ], [ -72.9816658, 43.0525866, 733.796875 ], [ -72.9815968, 43.0525946, 733.296875 ], [ -72.9815575, 43.0526163, 733.19921875 ], [ -72.9815306, 43.0526646, 733.0 ], [ -72.9815182, 43.0527128, 733.0 ], [ -72.9814565, 43.0528183, 732.796875 ], [ -72.9814024, 43.0528825, 732.8984375 ], [ -72.9813531, 43.0529431, 732.69921875 ], [ -72.9812205, 43.0530573, 731.69921875 ], [ -72.9811335, 43.0531256, 731.19921875 ], [ -72.9811122, 43.0531672, 731.09765625 ], [ -72.9810161, 43.0532043, 731.0 ], [ -72.9809601, 43.0532464, 730.59765625 ], [ -72.9808641, 43.053302, 730.19921875 ], [ -72.9807631, 43.0533576, 729.69921875 ], [ -72.980571, 43.0534313, 729.19921875 ], [ -72.9803785, 43.0534713, 727.69921875 ], [ -72.9801596, 43.0535308, 725.59765625 ], [ -72.9799361, 43.0535648, 723.19921875 ], [ -72.979813, 43.0535656, 721.19921875 ], [ -72.9797068, 43.0535487, 720.09765625 ], [ -72.9794749, 43.0534786, 715.59765625 ], [ -72.9792797, 43.0534297, 714.796875 ], [ -72.9790447, 43.0533979, 712.8984375 ], [ -72.9789436, 43.0533951, 711.8984375 ], [ -72.9788595, 43.0534189, 710.69921875 ], [ -72.9788081, 43.0534062, 710.59765625 ], [ -72.9787201, 43.0534198, 709.69921875 ], [ -72.9786375, 43.0534388, 708.796875 ], [ -72.9785599, 43.0534294, 708.19921875 ], [ -72.9784839, 43.0533867, 708.09765625 ], [ -72.9782455, 43.0532759, 706.3984375 ], [ -72.9781093, 43.0531615, 703.796875 ], [ -72.9779618, 43.0530273, 701.796875 ], [ -72.9779121, 43.0530166, 701.19921875 ], [ -72.9778711, 43.0530352, 700.3984375 ], [ -72.9778031, 43.0530469, 699.3984375 ], [ -72.9776915, 43.0530397, 698.5 ], [ -72.9776045, 43.0530177, 698.0 ], [ -72.9775282, 43.0530222, 697.5 ], [ -72.9774977, 43.0530005, 697.3984375 ], [ -72.9774472, 43.0530005, 697.09765625 ], [ -72.9774098, 43.0530224, 696.796875 ], [ -72.9773616, 43.0529965, 696.69921875 ], [ -72.9773009, 43.0530434, 696.296875 ], [ -72.9772768, 43.0530815, 696.19921875 ], [ -72.9772172, 43.0530903, 696.0 ], [ -72.9771254, 43.0530916, 695.5 ], [ -72.9769974, 43.0531024, 694.69921875 ], [ -72.9769062, 43.0531069, 693.69921875 ], [ -72.9768228, 43.0531091, 692.19921875 ], [ -72.976755, 43.0531103, 691.19921875 ], [ -72.976735, 43.0530879, 691.0 ], [ -72.9767041, 43.0530614, 690.5 ], [ -72.976652, 43.0530621, 689.796875 ], [ -72.9766138, 43.0530808, 689.296875 ], [ -72.9765957, 43.0530746, 689.296875 ], [ -72.976574, 43.0529945, 689.5 ], [ -72.976529, 43.0529911, 689.09765625 ], [ -72.9764668, 43.0529971, 688.5 ], [ -72.9764194, 43.0530243, 687.8984375 ], [ -72.9763697, 43.0530532, 687.5 ], [ -72.9763395, 43.0530997, 687.296875 ], [ -72.9763111, 43.0531054, 687.19921875 ], [ -72.9762856, 43.0531193, 687.19921875 ], [ -72.9762521, 43.0531751, 687.0 ], [ -72.9762025, 43.0532256, 686.59765625 ], [ -72.9761767, 43.0532476, 686.3984375 ], [ -72.976113, 43.0532667, 686.19921875 ], [ -72.9760777, 43.0532749, 686.19921875 ], [ -72.9759028, 43.0532194, 686.69921875 ], [ -72.9757963, 43.0531611, 686.3984375 ], [ -72.975703, 43.0531286, 685.19921875 ], [ -72.9756878, 43.0531008, 685.09765625 ], [ -72.9756819, 43.0530372, 685.19921875 ], [ -72.9756371, 43.0530156, 684.8984375 ], [ -72.9755693, 43.0530214, 684.3984375 ], [ -72.9755144, 43.0530268, 683.796875 ], [ -72.9754678, 43.0530155, 683.5 ], [ -72.9753898, 43.0529634, 683.3984375 ], [ -72.9751572, 43.0528593, 681.19921875 ], [ -72.9750492, 43.0528496, 679.69921875 ], [ -72.9749727, 43.052873, 678.5 ], [ -72.9749579, 43.0528916, 678.3984375 ], [ -72.9749395, 43.0529801, 677.59765625 ], [ -72.9748992, 43.0530419, 676.8984375 ], [ -72.9748848, 43.0530988, 676.3984375 ], [ -72.9748752, 43.0531646, 676.19921875 ], [ -72.9748561, 43.0532108, 676.09765625 ], [ -72.9748331, 43.0532543, 676.19921875 ], [ -72.9748368, 43.0533192, 676.5 ], [ -72.974824, 43.0533511, 676.59765625 ], [ -72.9746469, 43.053347, 677.296875 ], [ -72.9746106, 43.0533268, 677.5 ], [ -72.9745487, 43.0532811, 677.5 ], [ -72.9744868, 43.0532426, 677.3984375 ], [ -72.9743912, 43.0532022, 677.8984375 ], [ -72.9742785, 43.053149, 678.8984375 ], [ -72.974059, 43.0530192, 680.09765625 ], [ -72.9737714, 43.0528005, 682.796875 ], [ -72.9736997, 43.0527284, 682.69921875 ], [ -72.9736208, 43.0526865, 682.69921875 ], [ -72.9735017, 43.0526667, 682.8984375 ], [ -72.9734, 43.0526806, 683.59765625 ], [ -72.9733041, 43.0527139, 684.69921875 ], [ -72.973196, 43.0527703, 686.09765625 ], [ -72.9730563, 43.0528185, 687.0 ], [ -72.9729604, 43.052881, 687.09765625 ], [ -72.9728305, 43.0529772, 686.8984375 ], [ -72.9727274, 43.0530396, 686.5 ], [ -72.972558, 43.0531243, 685.8984375 ], [ -72.9723473, 43.0532073, 685.0 ], [ -72.9720867, 43.0532936, 683.3984375 ], [ -72.9718967, 43.0533645, 682.19921875 ], [ -72.9717645, 43.0535348, 682.0 ], [ -72.971715, 43.05363, 682.69921875 ], [ -72.9716558, 43.0537448, 682.8984375 ], [ -72.9716346, 43.0538393, 683.09765625 ], [ -72.9715436, 43.0538792, 682.59765625 ], [ -72.9714335, 43.0539593, 682.09765625 ], [ -72.9713743, 43.0540276, 681.8984375 ], [ -72.9713285, 43.054038, 681.5 ], [ -72.9712657, 43.0540454, 681.09765625 ], [ -72.9711884, 43.054049, 680.5 ], [ -72.9711823, 43.0540822, 680.296875 ], [ -72.9711571, 43.0541398, 679.8984375 ], [ -72.9711563, 43.0542464, 679.59765625 ], [ -72.9711796, 43.0543245, 679.5 ], [ -72.9712265, 43.0543993, 679.8984375 ], [ -72.9713994, 43.0546167, 680.0 ], [ -72.9713975, 43.0546569, 679.796875 ], [ -72.9714039, 43.0547073, 679.59765625 ], [ -72.9714869, 43.0548081, 680.0 ], [ -72.9715107, 43.0548822, 679.69921875 ], [ -72.9715049, 43.054911, 679.3984375 ], [ -72.9715007, 43.054985, 678.8984375 ], [ -72.9714824, 43.0550846, 678.09765625 ], [ -72.971467, 43.0551864, 677.3984375 ], [ -72.9714466, 43.0552383, 677.0 ], [ -72.9714335, 43.0552937, 676.5 ], [ -72.9714314, 43.0553797, 676.09765625 ], [ -72.9714185, 43.0554605, 675.5 ], [ -72.9713898, 43.0555239, 674.69921875 ], [ -72.9713818, 43.0555852, 674.19921875 ], [ -72.9713864, 43.0556342, 674.296875 ], [ -72.9713844, 43.0556771, 673.8984375 ], [ -72.9713721, 43.0557134, 673.796875 ], [ -72.9713087, 43.0557498, 672.8984375 ], [ -72.9712838, 43.0557841, 672.5 ], [ -72.9712359, 43.0558432, 672.09765625 ], [ -72.97119, 43.0558985, 671.3984375 ], [ -72.9711396, 43.0559808, 670.59765625 ], [ -72.9711171, 43.0560404, 670.3984375 ], [ -72.9710911, 43.0560735, 670.09765625 ], [ -72.9710367, 43.0560976, 669.69921875 ], [ -72.9710317, 43.0561344, 669.69921875 ], [ -72.9710351, 43.0561939, 670.0 ], [ -72.9710294, 43.0562647, 670.19921875 ], [ -72.9709896, 43.056286, 670.0 ], [ -72.9709254, 43.0563183, 669.5 ], [ -72.9709011, 43.0563549, 669.3984375 ], [ -72.9708611, 43.0563997, 669.3984375 ], [ -72.9708412, 43.0564427, 669.3984375 ], [ -72.9708519, 43.0565041, 670.0 ], [ -72.9708439, 43.056537, 670.19921875 ], [ -72.9708075, 43.0565815, 670.19921875 ], [ -72.9707828, 43.0566843, 670.796875 ], [ -72.970713, 43.0567463, 671.09765625 ], [ -72.9706663, 43.0567838, 671.19921875 ], [ -72.9705543, 43.056808, 671.09765625 ], [ -72.9704556, 43.0568429, 671.09765625 ], [ -72.970417, 43.0568812, 671.5 ], [ -72.9703843, 43.0569338, 672.0 ], [ -72.9702941, 43.0570951, 673.296875 ], [ -72.970266, 43.0571246, 673.19921875 ], [ -72.9702544, 43.0571866, 673.3984375 ], [ -72.9702058, 43.0572263, 673.09765625 ], [ -72.970146, 43.0572461, 672.3984375 ], [ -72.9701058, 43.0572776, 672.0 ], [ -72.9700842, 43.0573236, 671.8984375 ], [ -72.9700335, 43.05738, 671.5 ], [ -72.9699815, 43.057432, 671.09765625 ], [ -72.9699393, 43.0574623, 670.8984375 ], [ -72.9698753, 43.057471, 670.3984375 ], [ -72.9698542, 43.0574991, 670.3984375 ], [ -72.9698347, 43.05755, 670.69921875 ], [ -72.9697983, 43.0575689, 670.69921875 ], [ -72.9697181, 43.0575892, 670.5 ], [ -72.9696763, 43.0576202, 670.8984375 ], [ -72.969618, 43.0576636, 671.59765625 ], [ -72.969534, 43.0576769, 672.19921875 ], [ -72.9694205, 43.0577088, 673.0 ], [ -72.9692331, 43.0577721, 673.5 ], [ -72.9691656, 43.0577972, 673.69921875 ], [ -72.9691164, 43.0578194, 673.59765625 ], [ -72.9690505, 43.0578701, 673.59765625 ], [ -72.9690265, 43.0579056, 673.8984375 ], [ -72.9689922, 43.0579606, 674.19921875 ], [ -72.9689591, 43.0579863, 674.3984375 ], [ -72.9688927, 43.0580247, 674.5 ], [ -72.9688324, 43.058078, 675.0 ], [ -72.9687927, 43.0581162, 675.296875 ], [ -72.9687813, 43.0581969, 676.19921875 ], [ -72.968861, 43.0583661, 677.296875 ], [ -72.9688993, 43.0584596, 678.0 ], [ -72.9689109, 43.0585302, 676.5 ], [ -72.9689478, 43.0585574, 676.0 ], [ -72.9690335, 43.058591, 676.0 ], [ -72.9690748, 43.0586195, 675.796875 ], [ -72.9691455, 43.0586222, 676.69921875 ], [ -72.9692488, 43.0586303, 677.796875 ], [ -72.9693548, 43.0586551, 679.0 ], [ -72.9694545, 43.0586638, 680.296875 ], [ -72.9695281, 43.0586997, 680.296875 ], [ -72.9695456, 43.0587543, 680.59765625 ], [ -72.9695381, 43.058837, 680.3984375 ], [ -72.9695357, 43.0588951, 680.19921875 ], [ -72.9695877, 43.0589381, 681.3984375 ], [ -72.9697106, 43.0589941, 685.59765625 ], [ -72.9698011, 43.0590648, 686.3984375 ], [ -72.9698975, 43.0591571, 686.19921875 ], [ -72.9699889, 43.0592958, 688.59765625 ], [ -72.9700169, 43.0593511, 688.19921875 ], [ -72.9700242, 43.0594453, 686.5 ], [ -72.970052, 43.0595089, 685.796875 ], [ -72.9700726, 43.0595618, 685.296875 ], [ -72.9700904, 43.0595953, 684.796875 ], [ -72.9700904, 43.0596439, 683.5 ], [ -72.9701229, 43.0596806, 682.59765625 ], [ -72.9702193, 43.059741, 681.796875 ], [ -72.970257, 43.0597711, 681.09765625 ], [ -72.9699931, 43.0597616, 678.69921875 ], [ -72.9699006, 43.0597995, 675.69921875 ], [ -72.9697106, 43.0599044, 672.296875 ], [ -72.9697834, 43.0600385, 673.69921875 ], [ -72.9697886, 43.0600829, 674.0 ], [ -72.9698266, 43.0601554, 674.59765625 ], [ -72.969885, 43.0601997, 675.296875 ], [ -72.9699468, 43.0602281, 675.796875 ], [ -72.9699535, 43.0602535, 676.0 ], [ -72.9699402, 43.0602972, 676.5 ], [ -72.9698986, 43.0603705, 677.09765625 ], [ -72.9698594, 43.0604383, 677.69921875 ], [ -72.9697986, 43.0605136, 678.296875 ], [ -72.9697345, 43.0605709, 678.69921875 ], [ -72.9696856, 43.0606224, 679.09765625 ], [ -72.9696454, 43.0606455, 679.3984375 ], [ -72.9696001, 43.0606717, 679.59765625 ], [ -72.9695646, 43.0606801, 679.796875 ], [ -72.9695199, 43.0606976, 680.09765625 ], [ -72.9695078, 43.0607188, 680.19921875 ], [ -72.9694636, 43.0607759, 680.69921875 ], [ -72.9694552, 43.0608058, 680.8984375 ], [ -72.9694434, 43.0608475, 681.09765625 ], [ -72.9694099, 43.0609015, 681.19921875 ], [ -72.9693854, 43.060942, 681.3984375 ], [ -72.9693777, 43.0609779, 681.59765625 ], [ -72.9693575, 43.0610851, 683.09765625 ], [ -72.9693396, 43.0611698, 684.09765625 ], [ -72.9692213, 43.0612669, 684.796875 ], [ -72.9682411, 43.0611257, 676.3984375 ], [ -72.9681435, 43.0611107, 675.59765625 ], [ -72.9680031, 43.061087, 675.19921875 ], [ -72.9679062, 43.0610738, 675.5 ], [ -72.9678093, 43.0610605, 675.8984375 ], [ -72.9676569, 43.0610367, 676.5 ], [ -72.9675989, 43.0611459, 677.0 ], [ -72.9675685, 43.0612005, 677.3984375 ], [ -72.9675092, 43.0612571, 678.0 ], [ -72.967301, 43.0614923, 682.5 ], [ -72.9671425, 43.0617502, 686.8984375 ], [ -72.967037, 43.061967, 688.296875 ], [ -72.9668144, 43.0621859, 690.0 ], [ -72.9665374, 43.0623377, 690.8984375 ], [ -72.9664299, 43.0623621, 691.0 ], [ -72.9656453, 43.0622907, 693.3984375 ], [ -72.9651146, 43.0622187, 697.19921875 ], [ -72.964672, 43.0619919, 695.5 ], [ -72.9642656, 43.0618739, 695.796875 ], [ -72.9640692, 43.0618629, 696.296875 ], [ -72.9636933, 43.061734, 695.8984375 ], [ -72.9634573, 43.061761, 697.8984375 ], [ -72.9622893, 43.0620179, 706.796875 ], [ -72.9621, 43.061955, 707.69921875 ], [ -72.9614534, 43.062012, 713.296875 ], [ -72.9604725, 43.0624631, 725.3984375 ], [ -72.960008, 43.062582, 728.0 ], [ -72.9593534, 43.0625657, 729.796875 ], [ -72.9583787, 43.0629653, 732.796875 ], [ -72.9579963, 43.0629241, 735.19921875 ], [ -72.9577206, 43.0629839, 736.3984375 ], [ -72.956656, 43.0634165, 732.0 ], [ -72.9552825, 43.0638651, 729.3984375 ], [ -72.9549877, 43.063915, 728.69921875 ], [ -72.9546503, 43.0639721, 730.3984375 ], [ -72.9541133, 43.0641806, 732.8984375 ], [ -72.9535533, 43.0646506, 738.5 ], [ -72.9535125, 43.0649875, 743.0 ], [ -72.9532427, 43.0656789, 748.19921875 ], [ -72.9531607, 43.0661567, 750.09765625 ], [ -72.95287, 43.0665555, 753.69921875 ], [ -72.9526396, 43.0665709, 757.0 ], [ -72.95234, 43.0663887, 760.59765625 ], [ -72.9519507, 43.0663688, 765.3984375 ], [ -72.9515213, 43.0665399, 766.0 ], [ -72.9509239, 43.0665463, 768.796875 ], [ -72.9507537, 43.0666993, 770.5 ], [ -72.9506104, 43.0668018, 771.796875 ], [ -72.9503265, 43.0668223, 772.8984375 ], [ -72.9499975, 43.0670247, 773.796875 ], [ -72.9496038, 43.0672188, 776.09765625 ], [ -72.9490411, 43.0674173, 779.296875 ], [ -72.9489267, 43.0676021, 781.5 ], [ -72.9489601, 43.0678, 782.69921875 ], [ -72.9491305, 43.0679192, 783.8984375 ], [ -72.9491248, 43.0682771, 785.3984375 ], [ -72.9489862, 43.0686675, 786.796875 ], [ -72.9485778, 43.069027, 790.19921875 ], [ -72.9481181, 43.0691713, 795.69921875 ], [ -72.9477081, 43.0692738, 797.296875 ], [ -72.9472815, 43.0692723, 798.796875 ], [ -72.9468962, 43.0691156, 799.0 ], [ -72.9464761, 43.0690071, 803.8984375 ], [ -72.9458864, 43.0690041, 808.796875 ], [ -72.9455153, 43.0689073, 810.59765625 ], [ -72.9453058, 43.068941, 812.296875 ], [ -72.9450507, 43.0691232, 815.59765625 ], [ -72.9447118, 43.0694681, 824.09765625 ], [ -72.9445231, 43.0698868, 834.796875 ], [ -72.9445729, 43.0701229, 841.0 ], [ -72.9445349, 43.0702541, 843.69921875 ], [ -72.9443475, 43.0703982, 847.0 ], [ -72.9441545, 43.0705818, 849.09765625 ], [ -72.9438977, 43.0707274, 848.69921875 ], [ -72.9436546, 43.0708044, 849.796875 ], [ -72.9432364, 43.0709841, 857.19921875 ], [ -72.9431432, 43.0709853, 857.5 ], [ -72.9427434, 43.0708764, 859.0 ], [ -72.9423848, 43.0707853, 864.5 ], [ -72.9422357, 43.0708071, 866.69921875 ], [ -72.9422102, 43.0709189, 870.0 ], [ -72.9422716, 43.0712142, 878.59765625 ], [ -72.9424826, 43.0714928, 880.59765625 ], [ -72.9426378, 43.0719034, 892.19921875 ], [ -72.9427591, 43.0722836, 902.59765625 ], [ -72.9427463, 43.0723579, 905.296875 ], [ -72.9426909, 43.0723821, 906.3984375 ], [ -72.9426329, 43.0723738, 906.796875 ], [ -72.9423871, 43.0722989, 907.69921875 ], [ -72.9422486, 43.072345, 910.5 ], [ -72.941826, 43.0723506, 913.09765625 ], [ -72.9417503, 43.0723756, 914.09765625 ], [ -72.9415589, 43.0726482, 921.59765625 ], [ -72.9412507, 43.0727957, 927.0 ], [ -72.9411551, 43.0729638, 931.09765625 ], [ -72.9410269, 43.0731189, 934.59765625 ], [ -72.9409242, 43.0733937, 940.3984375 ], [ -72.9409392, 43.0736665, 943.19921875 ], [ -72.9409012, 43.0737746, 944.59765625 ], [ -72.9408411, 43.0738608, 946.8984375 ], [ -72.940643, 43.0739329, 951.296875 ], [ -72.9405397, 43.0740419, 953.5 ], [ -72.9403309, 43.0741742, 959.59765625 ], [ -72.9395762, 43.0748513, 970.59765625 ], [ -72.9386737, 43.0757225, 979.09765625 ], [ -72.938382, 43.0759059, 982.09765625 ], [ -72.9375869, 43.0762361, 988.8984375 ], [ -72.9366774, 43.0765965, 990.0 ], [ -72.9357642, 43.0769011, 992.5 ], [ -72.9345692, 43.0772121, 995.59765625 ], [ -72.9339291, 43.0773858, 999.0 ], [ -72.9330113, 43.0776561, 1006.296875 ], [ -72.932807, 43.0776981, 1008.0 ], [ -72.9324281, 43.0777126, 1009.796875 ], [ -72.9320578, 43.0779235, 1012.09765625 ], [ -72.9317193, 43.0782887, 1017.69921875 ], [ -72.9317171, 43.0784379, 1018.59765625 ], [ -72.9319845, 43.0788716, 1024.8984375 ], [ -72.9320232, 43.0790646, 1026.59765625 ], [ -72.9319887, 43.0791235, 1027.796875 ], [ -72.9319208, 43.0791584, 1029.296875 ], [ -72.9317577, 43.0791574, 1032.19921875 ], [ -72.9314343, 43.0791856, 1036.8984375 ], [ -72.9313535, 43.0792685, 1038.8984375 ], [ -72.9313546, 43.079422, 1041.0 ], [ -72.9312652, 43.0796094, 1044.09765625 ], [ -72.9311322, 43.0796816, 1045.8984375 ], [ -72.930916, 43.0797214, 1048.19921875 ], [ -72.9304487, 43.0798113, 1054.09765625 ], [ -72.9300907, 43.0798992, 1059.0 ], [ -72.929647, 43.0803007, 1066.5 ], [ -72.9293673, 43.0804174, 1069.09765625 ], [ -72.9285698, 43.0805531, 1077.8984375 ], [ -72.9283906, 43.0806469, 1081.3984375 ], [ -72.9283126, 43.0807554, 1084.0 ], [ -72.9274253, 43.0813423, 1091.3984375 ], [ -72.9269441, 43.0815082, 1096.59765625 ], [ -72.9258804, 43.0819359, 1110.8984375 ], [ -72.9257425, 43.0820534, 1114.0 ], [ -72.9257756, 43.08214, 1116.8984375 ], [ -72.9260925, 43.0823182, 1122.69921875 ], [ -72.9264153, 43.0825511, 1128.19921875 ], [ -72.9266933, 43.0827826, 1132.19921875 ], [ -72.9269867, 43.0831938, 1137.09765625 ], [ -72.9270027, 43.0833307, 1140.3984375 ], [ -72.92697, 43.0834059, 1143.0 ], [ -72.926408, 43.0833947, 1149.3984375 ], [ -72.9257291, 43.08365, 1157.19921875 ], [ -72.9255741, 43.0838288, 1161.3984375 ], [ -72.9255659, 43.0839724, 1165.3984375 ], [ -72.9258463, 43.084202, 1170.09765625 ], [ -72.9260175, 43.0844612, 1174.5 ], [ -72.9260599, 43.084671, 1178.3984375 ], [ -72.9259864, 43.0848127, 1181.796875 ], [ -72.9258788, 43.084858, 1183.59765625 ], [ -72.9257711, 43.0848915, 1185.09765625 ], [ -72.9255545, 43.0849364, 1187.5 ], [ -72.925436, 43.0849469, 1188.296875 ], [ -72.9253158, 43.0849374, 1188.8984375 ], [ -72.9252139, 43.0849575, 1189.296875 ], [ -72.9251045, 43.0850075, 1189.796875 ], [ -72.9250357, 43.0850694, 1190.3984375 ], [ -72.9249784, 43.0851288, 1190.8984375 ], [ -72.924899, 43.0851851, 1191.3984375 ], [ -72.924843, 43.0852772, 1192.0 ], [ -72.9248195, 43.0853276, 1192.3984375 ], [ -72.9248219, 43.0854148, 1193.0 ], [ -72.9248413, 43.0855742, 1195.296875 ], [ -72.9248836, 43.0857029, 1196.8984375 ], [ -72.9249047, 43.0857613, 1197.5 ], [ -72.924897, 43.0858112, 1198.09765625 ], [ -72.9248547, 43.0859043, 1199.19921875 ], [ -72.9248811, 43.0861301, 1200.296875 ], [ -72.9249577, 43.0862857, 1200.8984375 ], [ -72.9251751, 43.0864378, 1199.69921875 ], [ -72.9255349, 43.08675, 1195.3984375 ], [ -72.9255308, 43.086835, 1194.8984375 ], [ -72.9254352, 43.0872067, 1190.59765625 ], [ -72.925522, 43.0876114, 1182.8984375 ], [ -72.9255769, 43.0878381, 1176.5 ], [ -72.9256026, 43.0879265, 1174.09765625 ], [ -72.9256318, 43.0879451, 1173.3984375 ], [ -72.9257487, 43.0879409, 1171.796875 ], [ -72.9258042, 43.087938, 1171.09765625 ], [ -72.9258527, 43.0878988, 1171.09765625 ], [ -72.9259531, 43.0878852, 1169.69921875 ], [ -72.9260478, 43.0878902, 1168.19921875 ], [ -72.9261531, 43.0878519, 1167.09765625 ], [ -72.9262938, 43.0877903, 1165.3984375 ], [ -72.9263222, 43.0878062, 1164.69921875 ], [ -72.9263701, 43.0878283, 1163.59765625 ], [ -72.9264568, 43.0878324, 1162.59765625 ], [ -72.9265193, 43.0878902, 1161.0 ], [ -72.9266914, 43.0882247, 1155.59765625 ], [ -72.9270191, 43.088656, 1148.09765625 ], [ -72.9271033, 43.0887215, 1146.59765625 ], [ -72.9271963, 43.0887379, 1145.296875 ], [ -72.927259, 43.088761, 1144.5 ], [ -72.9272883, 43.0888215, 1143.796875 ], [ -72.9273335, 43.0888844, 1142.8984375 ], [ -72.9274193, 43.0889325, 1141.59765625 ], [ -72.9275251, 43.0890431, 1139.5 ], [ -72.9276512, 43.0891197, 1137.69921875 ], [ -72.9279441, 43.0892786, 1134.796875 ], [ -72.9281861, 43.0893931, 1132.19921875 ], [ -72.9283576, 43.0896131, 1129.69921875 ], [ -72.9286562, 43.0898406, 1123.296875 ], [ -72.9286853, 43.0899879, 1120.69921875 ], [ -72.9287124, 43.0901233, 1118.5 ], [ -72.9287234, 43.0902859, 1115.69921875 ], [ -72.9287502, 43.0903424, 1114.19921875 ], [ -72.9287851, 43.090381, 1112.69921875 ], [ -72.9288654, 43.0903984, 1110.69921875 ], [ -72.9289591, 43.0903993, 1109.5 ], [ -72.9290547, 43.0903894, 1108.59765625 ], [ -72.9291504, 43.0903706, 1107.69921875 ], [ -72.9293488, 43.0903556, 1104.19921875 ], [ -72.9294681, 43.0903281, 1102.09765625 ], [ -72.9295467, 43.0902977, 1100.69921875 ], [ -72.9296755, 43.0902516, 1098.59765625 ], [ -72.929824, 43.0901908, 1096.296875 ], [ -72.9299726, 43.0901062, 1093.69921875 ], [ -72.9300467, 43.0900653, 1091.5 ], [ -72.9301573, 43.0899932, 1088.3984375 ], [ -72.930304, 43.0898908, 1085.296875 ], [ -72.9304182, 43.0898285, 1083.0 ], [ -72.9304863, 43.0897954, 1081.796875 ], [ -72.9305609, 43.0897773, 1080.5 ], [ -72.9306133, 43.0897801, 1079.296875 ], [ -72.9307091, 43.0898077, 1076.796875 ], [ -72.9307642, 43.0898502, 1075.59765625 ], [ -72.9308361, 43.0900365, 1073.19921875 ], [ -72.9308842, 43.0901871, 1071.69921875 ], [ -72.9309729, 43.0904208, 1069.5 ], [ -72.931028, 43.0904946, 1068.09765625 ], [ -72.9313229, 43.0908535, 1060.19921875 ], [ -72.931399, 43.0910942, 1056.3984375 ], [ -72.9313874, 43.0912419, 1055.09765625 ], [ -72.9314368, 43.0913243, 1052.59765625 ], [ -72.9314866, 43.0914132, 1050.0 ], [ -72.9315679, 43.0914362, 1047.5 ], [ -72.9316604, 43.0914053, 1045.5 ], [ -72.9317652, 43.0913566, 1043.59765625 ], [ -72.9321244, 43.0912207, 1037.5 ], [ -72.9322822, 43.091142, 1034.796875 ], [ -72.9323489, 43.0911133, 1033.296875 ], [ -72.9324261, 43.0910902, 1031.3984375 ], [ -72.932489, 43.0910953, 1029.796875 ], [ -72.9325323, 43.0912058, 1028.5 ], [ -72.9325674, 43.0913786, 1025.69921875 ], [ -72.9326968, 43.0916242, 1020.59765625 ], [ -72.9328336, 43.091796, 1016.69921875 ], [ -72.9329071, 43.0918392, 1014.296875 ], [ -72.9329611, 43.0918099, 1013.3984375 ], [ -72.9329867, 43.091745, 1013.19921875 ], [ -72.9330744, 43.0916092, 1012.69921875 ], [ -72.9331492, 43.0915267, 1011.59765625 ], [ -72.9332985, 43.0914157, 1009.296875 ], [ -72.9334477, 43.0913255, 1007.09765625 ], [ -72.9334849, 43.0912804, 1007.0 ], [ -72.9335262, 43.0912502, 1006.0 ], [ -72.933625, 43.0912076, 1004.09765625 ], [ -72.9337333, 43.0911551, 1002.796875 ], [ -72.9338318, 43.0911063, 1001.59765625 ], [ -72.9339191, 43.0910653, 1000.3984375 ], [ -72.9339597, 43.0910154, 1000.19921875 ], [ -72.9340044, 43.090986, 999.796875 ], [ -72.9340775, 43.0909446, 998.796875 ], [ -72.934173, 43.0908674, 997.69921875 ], [ -72.934236, 43.0908378, 996.59765625 ], [ -72.9342469, 43.0908093, 996.69921875 ], [ -72.9342869, 43.090798, 996.0 ], [ -72.9343447, 43.0907936, 995.19921875 ], [ -72.9343957, 43.0907737, 994.296875 ], [ -72.9344423, 43.0907732, 993.5 ], [ -72.9344866, 43.0907883, 992.19921875 ], [ -72.9345005, 43.0908451, 991.59765625 ], [ -72.9345553, 43.091013, 989.19921875 ], [ -72.9345938, 43.0912105, 986.69921875 ], [ -72.9348904, 43.0918222, 974.796875 ], [ -72.9349264, 43.0921748, 970.19921875 ], [ -72.9349462, 43.0925363, 965.296875 ], [ -72.9351224, 43.0929732, 957.3984375 ], [ -72.9351605, 43.0930064, 956.5 ], [ -72.9352352, 43.0930307, 955.19921875 ], [ -72.9352599, 43.0930077, 954.8984375 ], [ -72.9352722, 43.0929828, 954.8984375 ], [ -72.9353353, 43.0929793, 953.796875 ], [ -72.9353953, 43.0929731, 953.0 ], [ -72.9355366, 43.0929045, 951.3984375 ], [ -72.935598, 43.0928758, 950.59765625 ], [ -72.9356358, 43.0928448, 950.296875 ], [ -72.9357022, 43.0928227, 949.3984375 ], [ -72.9357779, 43.092829, 948.09765625 ], [ -72.9358359, 43.0928684, 947.0 ], [ -72.9359112, 43.0928996, 945.69921875 ], [ -72.9359662, 43.0929352, 944.3984375 ], [ -72.9360404, 43.0929546, 943.0 ], [ -72.9360984, 43.0929561, 941.8984375 ], [ -72.9361795, 43.0929633, 940.69921875 ], [ -72.93622, 43.0930293, 939.796875 ], [ -72.9362566, 43.0930563, 939.09765625 ], [ -72.9363419, 43.0930774, 938.0 ], [ -72.9364127, 43.0931161, 936.8984375 ], [ -72.9364502, 43.0931251, 936.19921875 ], [ -72.9365217, 43.0931251, 935.0 ], [ -72.9366055, 43.0931459, 933.296875 ], [ -72.9366583, 43.0931763, 932.19921875 ], [ -72.9370323, 43.0934441, 925.5 ], [ -72.9372539, 43.093516, 923.3984375 ], [ -72.9372975, 43.0935608, 922.69921875 ], [ -72.9373235, 43.0936352, 922.19921875 ], [ -72.9373689, 43.0936546, 921.59765625 ], [ -72.9374632, 43.0936888, 920.5 ], [ -72.9376856, 43.0938748, 916.796875 ], [ -72.9377861, 43.0939241, 915.19921875 ], [ -72.9379097, 43.0939754, 913.19921875 ], [ -72.9383197, 43.0942502, 904.59765625 ], [ -72.9387479, 43.0944724, 898.296875 ], [ -72.9388753, 43.0945224, 896.59765625 ], [ -72.9390934, 43.0946016, 893.0 ], [ -72.9391627, 43.094642, 891.8984375 ], [ -72.939169, 43.0947304, 891.3984375 ], [ -72.9392066, 43.0948251, 890.59765625 ], [ -72.9392417, 43.0948769, 890.09765625 ], [ -72.9394211, 43.0950282, 887.69921875 ], [ -72.9394458, 43.095146, 886.796875 ], [ -72.939456, 43.0952212, 886.0 ], [ -72.9395079, 43.0952736, 885.09765625 ], [ -72.9395318, 43.0953548, 884.296875 ], [ -72.9395151, 43.0954448, 883.19921875 ], [ -72.9394573, 43.0955786, 880.3984375 ], [ -72.9394297, 43.0956458, 879.19921875 ], [ -72.9393636, 43.0958067, 878.69921875 ], [ -72.9394457, 43.096032, 877.0 ], [ -72.9394993, 43.0961682, 876.5 ], [ -72.9395699, 43.0962833, 875.59765625 ], [ -72.9397518, 43.0964808, 873.5 ], [ -72.9404236, 43.0971181, 864.69921875 ], [ -72.9405138, 43.0972357, 864.09765625 ], [ -72.940606, 43.0973809, 863.59765625 ], [ -72.9406827, 43.0974558, 863.59765625 ], [ -72.9408652, 43.0975165, 861.8984375 ], [ -72.9410952, 43.0976054, 860.8984375 ], [ -72.9411454, 43.0976048, 860.296875 ], [ -72.9411926, 43.0976043, 859.8984375 ], [ -72.9412177, 43.0976586, 860.0 ], [ -72.9413229, 43.0977624, 859.59765625 ], [ -72.9414316, 43.097898, 859.3984375 ], [ -72.9414918, 43.09796, 858.8984375 ], [ -72.9415691, 43.0980256, 858.0 ], [ -72.9416593, 43.0981022, 857.09765625 ], [ -72.9418296, 43.0981665, 855.19921875 ], [ -72.9419422, 43.0981894, 854.0 ], [ -72.9420064, 43.0982135, 853.59765625 ], [ -72.9420289, 43.0982668, 853.796875 ], [ -72.9420281, 43.098315, 854.0 ], [ -72.9420644, 43.0983424, 853.796875 ], [ -72.9421631, 43.0984056, 852.796875 ], [ -72.9422248, 43.0984373, 852.0 ], [ -72.942299, 43.0984714, 851.69921875 ], [ -72.9423643, 43.0985127, 851.3984375 ], [ -72.9424597, 43.0985247, 850.796875 ], [ -72.9425322, 43.0985313, 850.3984375 ], [ -72.9426293, 43.0985199, 849.69921875 ], [ -72.942802, 43.0985106, 848.296875 ], [ -72.942904, 43.0985099, 846.5 ], [ -72.9429631, 43.0984928, 845.59765625 ], [ -72.9430044, 43.0985035, 844.69921875 ], [ -72.9430777, 43.0985588, 842.59765625 ], [ -72.9431593, 43.098594, 841.09765625 ], [ -72.9432547, 43.0986056, 839.69921875 ], [ -72.9433046, 43.0985982, 839.0 ], [ -72.9433514, 43.098574, 838.19921875 ], [ -72.943408, 43.0985434, 837.3984375 ], [ -72.943478, 43.0985319, 836.59765625 ], [ -72.9435657, 43.0985402, 835.69921875 ], [ -72.9436747, 43.0985909, 835.5 ], [ -72.9437039, 43.0986002, 835.5 ], [ -72.9441604, 43.0989043, 832.3984375 ], [ -72.9445977, 43.0990872, 827.3984375 ], [ -72.9449444, 43.0996133, 820.5 ], [ -72.9456248, 43.0995755, 818.5 ], [ -72.9460535, 43.0996609, 815.8984375 ], [ -72.9463528, 43.0999616, 812.5 ], [ -72.9467, 43.1002186, 806.69921875 ], [ -72.9469411, 43.1002902, 804.796875 ], [ -72.9475743, 43.1006915, 798.5 ], [ -72.9479247, 43.1006954, 796.3984375 ], [ -72.9482574, 43.1006448, 796.0 ], [ -72.9487809, 43.1005027, 795.0 ], [ -72.9497084, 43.1001768, 790.19921875 ], [ -72.9501486, 43.1001174, 785.19921875 ], [ -72.9504406, 43.1002294, 783.19921875 ], [ -72.9509991, 43.1003605, 778.3984375 ], [ -72.9511971, 43.1005947, 776.19921875 ], [ -72.9514217, 43.1007119, 773.5 ], [ -72.9520704, 43.1007268, 768.296875 ], [ -72.9523564, 43.1008698, 766.59765625 ], [ -72.9525174, 43.1009618, 765.19921875 ], [ -72.9526255, 43.1011239, 764.8984375 ], [ -72.9528678, 43.1013323, 762.8984375 ], [ -72.9530204, 43.1016028, 760.5 ], [ -72.9530832, 43.1018631, 758.59765625 ], [ -72.9531574, 43.1020228, 757.69921875 ], [ -72.9532555, 43.1021501, 757.3984375 ], [ -72.9533884, 43.1023758, 756.09765625 ], [ -72.9535964, 43.1024408, 756.8984375 ], [ -72.9538494, 43.1024488, 759.296875 ], [ -72.9540834, 43.1023058, 757.8984375 ], [ -72.9543109, 43.1021894, 755.09765625 ], [ -72.9547524, 43.1020282, 752.296875 ], [ -72.9551778, 43.1019535, 751.5 ], [ -72.9555924, 43.1019063, 753.59765625 ], [ -72.9560232, 43.1019535, 755.69921875 ], [ -72.9562494, 43.1019653, 757.59765625 ], [ -72.9564378, 43.1019417, 758.69921875 ], [ -72.9567178, 43.1018945, 759.09765625 ], [ -72.957386, 43.101897, 765.69921875 ], [ -72.957878, 43.101947, 769.69921875 ], [ -72.958693, 43.102009, 775.0 ], [ -72.959286, 43.102035, 783.0 ], [ -72.9595705, 43.1021049, 785.796875 ], [ -72.9599401, 43.1021838, 789.09765625 ], [ -72.9601855, 43.1022012, 791.19921875 ], [ -72.9604106, 43.1021703, 794.09765625 ], [ -72.9608478, 43.1019378, 799.69921875 ], [ -72.9610227, 43.1019159, 801.8984375 ], [ -72.9612946, 43.1019851, 803.69921875 ], [ -72.9615795, 43.1020769, 804.0 ], [ -72.9617769, 43.1021031, 803.69921875 ], [ -72.9619512, 43.1021207, 803.296875 ], [ -72.9621524, 43.1021207, 802.69921875 ], [ -72.9622623, 43.1021325, 802.19921875 ], [ -72.9623964, 43.1021677, 801.296875 ], [ -72.9623911, 43.1022558, 800.19921875 ], [ -72.9624286, 43.1023303, 799.3984375 ], [ -72.9626191, 43.1024987, 797.8984375 ], [ -72.9626834, 43.1026162, 797.3984375 ], [ -72.962721, 43.1028003, 796.59765625 ], [ -72.9627478, 43.1028943, 796.19921875 ], [ -72.9627746, 43.1029824, 796.69921875 ], [ -72.9628658, 43.1031488, 797.59765625 ], [ -72.9629329, 43.1033153, 797.796875 ], [ -72.9629731, 43.103423, 797.3984375 ], [ -72.9629812, 43.1035836, 797.8984375 ], [ -72.9630107, 43.1036443, 797.796875 ], [ -72.963126, 43.1037559, 797.0 ], [ -72.9631528, 43.1038108, 797.19921875 ], [ -72.9631984, 43.1039753, 798.0 ], [ -72.9632601, 43.1040693, 797.69921875 ], [ -72.9633852, 43.1041912, 796.59765625 ], [ -72.9634488, 43.1042509, 796.19921875 ], [ -72.9634943, 43.104377, 796.19921875 ], [ -72.9635659, 43.1044688, 794.69921875 ], [ -72.9636329, 43.1046215, 793.5 ], [ -72.9636437, 43.1047312, 793.0 ], [ -72.9636785, 43.1051914, 790.59765625 ], [ -72.9636732, 43.1052609, 790.59765625 ], [ -72.9637, 43.1054127, 789.69921875 ], [ -72.9637216, 43.1055123, 790.3984375 ], [ -72.9637402, 43.1056516, 791.69921875 ], [ -72.9637894, 43.1059549, 790.19921875 ], [ -72.963895, 43.1063008, 790.19921875 ], [ -72.9639064, 43.1064938, 790.69921875 ], [ -72.9638648, 43.1069843, 794.0 ], [ -72.9637158, 43.1075836, 793.19921875 ], [ -72.9637972, 43.1078372, 792.296875 ], [ -72.9637307, 43.1081616, 791.09765625 ], [ -72.9636669, 43.1090269, 791.796875 ], [ -72.9638859, 43.109599, 797.09765625 ], [ -72.9638694, 43.1100418, 797.296875 ], [ -72.9636805, 43.1103472, 793.59765625 ], [ -72.9638284, 43.1109065, 784.0 ], [ -72.9637253, 43.1111004, 778.69921875 ], [ -72.9637337, 43.1112518, 774.3984375 ], [ -72.9640123, 43.1113779, 773.796875 ], [ -72.9641471, 43.1116325, 770.796875 ], [ -72.9644205, 43.1121335, 765.5 ], [ -72.9645196, 43.1123241, 764.296875 ], [ -72.9645156, 43.1126859, 762.796875 ], [ -72.9647395, 43.1129675, 761.59765625 ], [ -72.9648393, 43.1131511, 760.296875 ], [ -72.9651385, 43.1135991, 758.796875 ], [ -72.965208, 43.1140307, 759.796875 ], [ -72.9653469, 43.1147471, 756.5 ], [ -72.9653619, 43.1152962, 751.0 ], [ -72.9656225, 43.1154939, 752.69921875 ], [ -72.9656868, 43.1158702, 754.0 ], [ -72.9654768, 43.1162675, 749.59765625 ], [ -72.965421, 43.1164209, 748.19921875 ], [ -72.9654349, 43.1165567, 748.09765625 ], [ -72.9654651, 43.11671, 748.09765625 ], [ -72.9656026, 43.1169573, 749.19921875 ], [ -72.9656941, 43.1172422, 750.19921875 ], [ -72.9657199, 43.1174478, 751.0 ], [ -72.9657376, 43.1175241, 751.296875 ], [ -72.9658671, 43.1178079, 751.69921875 ], [ -72.9658916, 43.1178587, 751.3984375 ], [ -72.9658786, 43.1179212, 750.59765625 ], [ -72.9658902, 43.1179835, 750.296875 ], [ -72.9659186, 43.1180534, 750.09765625 ], [ -72.965938, 43.118205, 749.0 ], [ -72.9659447, 43.1182454, 748.69921875 ], [ -72.966007, 43.1182871, 749.0 ], [ -72.966073, 43.1183178, 749.296875 ], [ -72.9661337, 43.118366, 749.296875 ], [ -72.9662081, 43.1185069, 748.59765625 ], [ -72.9662529, 43.1185408, 748.59765625 ], [ -72.9663316, 43.1185481, 749.296875 ], [ -72.9663763, 43.1186124, 748.8984375 ], [ -72.9664604, 43.1187111, 747.8984375 ], [ -72.9664988, 43.1187393, 747.59765625 ], [ -72.9665912, 43.1187344, 748.09765625 ], [ -72.9671478, 43.1189529, 747.8984375 ], [ -72.9673416, 43.1190314, 748.19921875 ], [ -72.9676021, 43.1191462, 748.19921875 ], [ -72.9679332, 43.1193002, 746.09765625 ], [ -72.968294, 43.119339, 745.69921875 ], [ -72.9685555, 43.1193964, 744.796875 ], [ -72.968781, 43.119478, 744.19921875 ], [ -72.9690538, 43.1195249, 745.5 ], [ -72.9693339, 43.1197327, 745.296875 ], [ -72.9696966, 43.1199669, 747.09765625 ], [ -72.9699139, 43.120147, 746.09765625 ], [ -72.970032, 43.1202135, 745.8984375 ], [ -72.9701148, 43.1202288, 746.5 ], [ -72.9701835, 43.1202726, 746.5 ], [ -72.9702642, 43.1203343, 746.0 ], [ -72.970468, 43.1203646, 747.0 ], [ -72.9715259, 43.1209352, 731.796875 ], [ -72.973021, 43.1213007, 722.19921875 ], [ -72.9735606, 43.1215935, 715.8984375 ], [ -72.9741836, 43.1216524, 713.8984375 ], [ -72.9757158, 43.1222518, 700.19921875 ], [ -72.9759978, 43.1225411, 694.3984375 ], [ -72.9764808, 43.1227484, 695.0 ], [ -72.9764762, 43.1230442, 695.0 ], [ -72.9763295, 43.1233529, 691.59765625 ], [ -72.9764237, 43.1234606, 691.0 ], [ -72.9765873, 43.1236476, 691.796875 ], [ -72.9767074, 43.1237131, 692.59765625 ], [ -72.9768562, 43.1237261, 692.796875 ], [ -72.976947, 43.1237158, 692.796875 ], [ -72.9771243, 43.123632, 692.5 ], [ -72.9772196, 43.1236114, 692.5 ], [ -72.9773192, 43.1236035, 692.0 ], [ -72.977393, 43.123653, 692.296875 ], [ -72.9776033, 43.1238038, 693.3984375 ], [ -72.977956, 43.1239854, 697.8984375 ], [ -72.9781077, 43.1242443, 702.19921875 ], [ -72.9781121, 43.1247834, 706.0 ], [ -72.9782845, 43.1253016, 709.796875 ], [ -72.978333, 43.1255309, 712.19921875 ], [ -72.9782091, 43.1257288, 712.8984375 ], [ -72.9779736, 43.1258238, 711.59765625 ], [ -72.9775112, 43.1258023, 710.19921875 ], [ -72.9767527, 43.1258818, 708.19921875 ], [ -72.9758562, 43.1260646, 706.296875 ], [ -72.9753721, 43.1265188, 707.69921875 ], [ -72.9750017, 43.1271558, 704.69921875 ], [ -72.9747047, 43.1273982, 702.0 ], [ -72.9746153, 43.1276371, 703.0 ], [ -72.9744434, 43.1279361, 703.796875 ], [ -72.9743083, 43.1285121, 699.296875 ], [ -72.9741195, 43.1288655, 697.69921875 ], [ -72.9734476, 43.1291323, 696.0 ], [ -72.9731506, 43.1294312, 696.5 ], [ -72.9728902, 43.1296475, 698.09765625 ], [ -72.9728537, 43.1298346, 697.09765625 ], [ -72.9728237, 43.130036, 694.0 ], [ -72.9727531, 43.1303016, 692.19921875 ], [ -72.9728413, 43.1308646, 696.296875 ], [ -72.9730759, 43.1312322, 698.8984375 ], [ -72.9730144, 43.1315392, 699.59765625 ], [ -72.9727857, 43.1317598, 698.0 ], [ -72.9724319, 43.1319529, 699.09765625 ], [ -72.9723446, 43.1322221, 697.59765625 ], [ -72.9721746, 43.1324622, 696.19921875 ], [ -72.9720112, 43.1326433, 696.5 ], [ -72.9718505, 43.1328213, 695.59765625 ], [ -72.9717329, 43.133409, 697.09765625 ], [ -72.9714706, 43.133831, 694.09765625 ], [ -72.971261, 43.1340015, 691.8984375 ], [ -72.9712152, 43.1340719, 691.5 ], [ -72.971401, 43.1341488, 692.19921875 ], [ -72.971708, 43.1342543, 693.296875 ], [ -72.9720429, 43.1344683, 689.8984375 ], [ -72.9724576, 43.1349111, 686.59765625 ], [ -72.9727101, 43.1349351, 689.0 ], [ -72.9729288, 43.1351204, 691.09765625 ], [ -72.9732444, 43.1352554, 694.8984375 ], [ -72.9735159, 43.1353298, 697.69921875 ], [ -72.9737581, 43.135578, 696.296875 ], [ -72.9741423, 43.1358391, 697.09765625 ], [ -72.9742616, 43.1360521, 694.8984375 ], [ -72.9746057, 43.1363575, 693.69921875 ], [ -72.9748099, 43.136776, 691.19921875 ], [ -72.9751903, 43.1368324, 687.3984375 ], [ -72.9753841, 43.1369679, 684.19921875 ], [ -72.9758854, 43.1371376, 680.296875 ], [ -72.9763919, 43.1372198, 676.5 ], [ -72.9766947, 43.1373152, 674.3984375 ], [ -72.9770927, 43.137661, 674.796875 ], [ -72.9774407, 43.1379745, 677.5 ], [ -72.9776881, 43.1382136, 679.59765625 ], [ -72.9787448, 43.1390418, 682.19921875 ], [ -72.9792218, 43.1395744, 685.59765625 ], [ -72.9793442, 43.1401943, 688.69921875 ], [ -72.9796232, 43.1407887, 687.19921875 ], [ -72.9797495, 43.1415507, 692.19921875 ], [ -72.9797084, 43.1419042, 696.296875 ], [ -72.9793227, 43.1425555, 702.19921875 ], [ -72.9794628, 43.1428756, 705.8984375 ], [ -72.9798092, 43.1432438, 705.69921875 ], [ -72.9801451, 43.1435164, 704.09765625 ], [ -72.980872, 43.1439222, 699.69921875 ], [ -72.9813915, 43.1447663, 697.296875 ], [ -72.9818904, 43.1450725, 697.8984375 ], [ -72.9822583, 43.1452693, 698.69921875 ], [ -72.9824889, 43.1452897, 699.3984375 ], [ -72.9829073, 43.1452506, 701.59765625 ], [ -72.9832077, 43.1453445, 703.3984375 ], [ -72.9835188, 43.1453445, 705.59765625 ], [ -72.9837871, 43.1453367, 706.8984375 ], [ -72.984117, 43.145386, 707.19921875 ], [ -72.9849091, 43.1456087, 706.8984375 ], [ -72.9859199, 43.1456763, 706.09765625 ], [ -72.9861163, 43.1457839, 706.0 ], [ -72.9861819, 43.145966, 706.5 ], [ -72.9863772, 43.1460897, 708.3984375 ], [ -72.986673, 43.1460911, 709.8984375 ], [ -72.9870173, 43.1459651, 710.5 ], [ -72.9872538, 43.1460055, 712.3984375 ], [ -72.9874946, 43.1462795, 714.0 ], [ -72.9876495, 43.1464639, 713.8984375 ], [ -72.9880116, 43.1467427, 712.796875 ], [ -72.988429, 43.1473355, 710.296875 ], [ -72.9885721, 43.1475128, 709.796875 ], [ -72.9887974, 43.147685, 708.0 ], [ -72.9894976, 43.1481717, 705.5 ], [ -72.9897607, 43.1483241, 704.3984375 ], [ -72.9899002, 43.1484049, 704.296875 ], [ -72.9900205, 43.1484913, 704.0 ], [ -72.9902881, 43.1488264, 704.0 ], [ -72.9904068, 43.1488514, 703.69921875 ], [ -72.9906787, 43.1489873, 703.3984375 ], [ -72.9907823, 43.149094, 703.09765625 ], [ -72.9907715, 43.1492427, 703.09765625 ], [ -72.9913791, 43.1500886, 701.0 ], [ -72.9916436, 43.1503827, 699.3984375 ], [ -72.9916672, 43.1504829, 699.19921875 ], [ -72.9916861, 43.1505389, 699.5 ], [ -72.9917564, 43.1505715, 699.69921875 ], [ -72.9918638, 43.1505852, 700.09765625 ], [ -72.9919391, 43.1505072, 699.69921875 ], [ -72.9919948, 43.1504864, 699.69921875 ], [ -72.9922845, 43.1503125, 698.296875 ], [ -72.9924075, 43.1502364, 698.09765625 ], [ -72.9924849, 43.1501981, 698.296875 ], [ -72.9925501, 43.1501761, 698.296875 ], [ -72.9926333, 43.1501722, 698.296875 ], [ -72.9927957, 43.1501743, 698.296875 ], [ -72.9928892, 43.1501741, 698.296875 ], [ -72.9931625, 43.1501427, 698.0 ], [ -72.9931952, 43.150139, 698.0 ], [ -72.9933494, 43.1501214, 697.59765625 ], [ -72.9939197, 43.1500473, 697.19921875 ], [ -72.9940275, 43.1500414, 697.19921875 ], [ -72.9941396, 43.1500355, 697.3984375 ], [ -72.994295, 43.1500304, 697.0 ], [ -72.9944606, 43.1500492, 697.0 ], [ -72.995062, 43.1501669, 697.296875 ], [ -72.9956986, 43.150299, 694.0 ], [ -72.9959253, 43.150347, 692.8984375 ], [ -72.9961137, 43.1504011, 691.5 ], [ -72.9962989, 43.150481, 690.59765625 ], [ -72.9966638, 43.1506506, 689.09765625 ], [ -72.9968069, 43.1507078, 689.296875 ], [ -72.9968979, 43.1507441, 689.296875 ], [ -72.9970667, 43.1507982, 689.69921875 ], [ -72.9971707, 43.1508175, 689.796875 ], [ -72.9972718, 43.1508301, 689.69921875 ], [ -72.9974644, 43.1508426, 689.296875 ], [ -72.9976901, 43.1508534, 689.5 ], [ -72.9978327, 43.1508653, 689.59765625 ], [ -72.9979625, 43.1508847, 688.796875 ], [ -72.9981753, 43.1509371, 689.3984375 ], [ -72.9983557, 43.1509794, 689.8984375 ], [ -72.998547, 43.1510461, 689.59765625 ], [ -72.9987229, 43.1511207, 689.5 ], [ -72.9988516, 43.1511626, 688.3984375 ], [ -72.9989746, 43.1511936, 688.0 ], [ -72.9990975, 43.1512179, 687.796875 ], [ -72.9992005, 43.1512305, 687.3984375 ], [ -72.9993327, 43.1512397, 687.19921875 ], [ -72.9994961, 43.1512521, 686.796875 ], [ -72.9997503, 43.151264, 686.19921875 ], [ -72.9999198, 43.1512522, 685.296875 ], [ -73.0001073, 43.1512401, 684.69921875 ], [ -73.0004956, 43.1511991, 683.69921875 ], [ -73.0008771, 43.151162, 681.8984375 ], [ -73.0012404, 43.1511322, 680.69921875 ], [ -73.0014158, 43.1511272, 681.0 ], [ -73.0015579, 43.1511267, 681.09765625 ], [ -73.0016738, 43.1511296, 681.19921875 ], [ -73.0017848, 43.1511463, 680.69921875 ], [ -73.0018603, 43.1511651, 680.3984375 ], [ -73.0021707, 43.1512735, 679.296875 ], [ -73.002443, 43.1513715, 678.69921875 ], [ -73.0025976, 43.1514239, 678.796875 ], [ -73.0027522, 43.151456, 679.19921875 ], [ -73.0028363, 43.1514679, 678.8984375 ], [ -73.0029664, 43.151464, 677.69921875 ], [ -73.0031073, 43.1514545, 677.0 ], [ -73.0032639, 43.1514444, 677.5 ], [ -73.0033838, 43.1514438, 677.296875 ], [ -73.0034698, 43.1514477, 676.59765625 ], [ -73.003557, 43.1514777, 676.69921875 ], [ -73.0036859, 43.1515369, 676.59765625 ], [ -73.0038356, 43.1515973, 675.09765625 ], [ -73.0042426, 43.1517364, 673.19921875 ], [ -73.0045489, 43.1518266, 670.5 ], [ -73.0047566, 43.1518927, 669.0 ], [ -73.0050295, 43.1519928, 666.09765625 ], [ -73.0052229, 43.1520485, 664.296875 ], [ -73.0053457, 43.1520826, 663.09765625 ], [ -73.005749, 43.1521623, 661.296875 ], [ -73.0058923, 43.152191, 660.796875 ], [ -73.005998, 43.1522031, 660.5 ], [ -73.0061118, 43.1522063, 660.19921875 ], [ -73.0061697, 43.1522421, 660.69921875 ], [ -73.006307, 43.1522703, 660.69921875 ], [ -73.0064317, 43.152302, 660.19921875 ], [ -73.0068396, 43.1524024, 656.0 ], [ -73.0069536, 43.1524354, 655.59765625 ], [ -73.0070937, 43.1525007, 654.8984375 ], [ -73.0072752, 43.1525679, 653.0 ], [ -73.007432, 43.1526446, 651.296875 ], [ -73.0075775, 43.1527259, 650.5 ], [ -73.0077193, 43.1528172, 650.0 ], [ -73.0078398, 43.1528993, 649.0 ], [ -73.0079408, 43.1530561, 647.8984375 ], [ -73.0080752, 43.1532835, 645.69921875 ], [ -73.0081293, 43.1534118, 645.296875 ], [ -73.0081756, 43.1534857, 644.69921875 ], [ -73.0081973, 43.1535902, 644.0 ], [ -73.0082427, 43.1536557, 642.796875 ], [ -73.0083014, 43.1537777, 640.796875 ], [ -73.0083646, 43.1540226, 639.5 ], [ -73.0082698, 43.1540435, 641.0 ], [ -73.0081728, 43.1540862, 642.3984375 ], [ -73.0080613, 43.1541448, 644.09765625 ], [ -73.0080195, 43.1541642, 644.796875 ], [ -73.0079495, 43.1541726, 646.296875 ], [ -73.0078754, 43.1541899, 647.59765625 ], [ -73.0078202, 43.1542664, 648.296875 ], [ -73.0077926, 43.1543242, 648.59765625 ], [ -73.0077194, 43.1544584, 649.296875 ], [ -73.0075704, 43.1546054, 651.8984375 ], [ -73.0073437, 43.1547281, 654.796875 ], [ -73.0067165, 43.1552101, 662.59765625 ], [ -73.0063729, 43.1554332, 666.3984375 ], [ -73.0061662, 43.1556915, 670.296875 ], [ -73.0061473, 43.1558089, 670.09765625 ], [ -73.0058638, 43.1564156, 674.69921875 ], [ -73.0057519, 43.1567132, 676.09765625 ], [ -73.0056535, 43.1570009, 677.5 ], [ -73.0053322, 43.1575209, 682.59765625 ], [ -73.0052829, 43.15781, 682.8984375 ], [ -73.0051808, 43.1580129, 684.296875 ], [ -73.0050394, 43.1582436, 686.69921875 ], [ -73.0046874, 43.1592238, 688.69921875 ], [ -73.0043727, 43.1597135, 688.5 ], [ -73.0040665, 43.160058, 690.09765625 ], [ -73.0038681, 43.1603178, 691.59765625 ], [ -73.0035434, 43.1609467, 691.0 ], [ -73.0030079, 43.1615527, 691.796875 ], [ -73.002152, 43.1629209, 688.5 ], [ -73.002048, 43.1631225, 689.09765625 ], [ -73.0019216, 43.1634111, 689.0 ], [ -73.0017644, 43.1636013, 691.19921875 ], [ -73.0014709, 43.1638665, 695.5 ], [ -73.0012598, 43.1644369, 694.69921875 ], [ -73.0008589, 43.1650126, 697.09765625 ], [ -73.0000668, 43.1659762, 704.3984375 ], [ -72.9997823, 43.1662362, 707.19921875 ], [ -72.9992708, 43.1671862, 712.0 ], [ -72.9991959, 43.1677647, 712.5 ], [ -72.9988248, 43.1682662, 719.0 ], [ -72.9986958, 43.1686896, 721.796875 ], [ -72.9984928, 43.1691033, 724.0 ], [ -72.9983304, 43.1695192, 726.796875 ], [ -72.9978654, 43.169831, 731.69921875 ], [ -72.997789, 43.1701213, 732.796875 ], [ -72.9980669, 43.170739, 727.8984375 ], [ -72.9980747, 43.1713982, 726.3984375 ], [ -72.998186, 43.1720999, 721.8984375 ], [ -72.9981501, 43.172524, 717.3984375 ], [ -72.9981105, 43.1730472, 710.796875 ], [ -72.998038, 43.1734432, 703.8984375 ], [ -72.9977613, 43.1740748, 690.19921875 ], [ -72.9974545, 43.17457, 680.59765625 ], [ -72.9972949, 43.175191, 660.8984375 ], [ -72.9968853, 43.1754746, 661.59765625 ], [ -72.9964367, 43.1757527, 667.69921875 ], [ -72.9958959, 43.1760536, 672.5 ], [ -72.9954822, 43.1763616, 675.59765625 ], [ -72.9951192, 43.1764939, 681.59765625 ], [ -72.9945941, 43.1769302, 683.59765625 ], [ -72.9943958, 43.1775139, 682.796875 ], [ -72.9940912, 43.17803, 685.19921875 ], [ -72.9940158, 43.1784964, 679.296875 ], [ -72.9941137, 43.1788059, 673.59765625 ], [ -72.994104, 43.1791803, 671.09765625 ], [ -72.9941759, 43.1795243, 666.5 ], [ -72.9941389, 43.1795614, 666.5 ], [ -72.993927, 43.1798887, 663.19921875 ], [ -72.9939649, 43.1802794, 658.19921875 ], [ -72.9939587, 43.1805976, 654.19921875 ], [ -72.9937897, 43.1809108, 651.09765625 ], [ -72.9937433, 43.181123, 649.69921875 ], [ -72.9938869, 43.1812916, 644.296875 ], [ -72.993916, 43.1815675, 639.0 ], [ -72.9938865, 43.1820977, 630.8984375 ], [ -72.9938308, 43.1827181, 626.3984375 ], [ -72.9937306, 43.1830775, 623.19921875 ], [ -72.9936789, 43.1833265, 620.796875 ], [ -72.9935632, 43.1837293, 619.09765625 ], [ -72.9935321, 43.1841076, 617.0 ], [ -72.9935598, 43.1844684, 614.59765625 ], [ -72.9935184, 43.1847419, 614.5 ], [ -72.9934759, 43.1850437, 612.5 ], [ -72.9933154, 43.1853015, 616.09765625 ], [ -72.9931434, 43.1854478, 618.5 ], [ -72.9930973, 43.185487, 618.8984375 ], [ -72.9927806, 43.1857293, 617.796875 ], [ -72.9927287, 43.1858024, 617.5 ], [ -72.9927197, 43.1858547, 617.296875 ], [ -72.9926767, 43.1859381, 617.19921875 ], [ -72.9926752, 43.1859966, 617.09765625 ], [ -72.9926467, 43.1860506, 617.296875 ], [ -72.9925905, 43.1861046, 617.09765625 ], [ -72.9925691, 43.1861917, 616.09765625 ], [ -72.9925447, 43.1862316, 615.09765625 ], [ -72.9925051, 43.1862688, 614.09765625 ], [ -72.9924597, 43.1863206, 614.0 ], [ -72.9924429, 43.1863636, 613.796875 ], [ -72.9924339, 43.1864608, 612.8984375 ], [ -72.9924112, 43.1864811, 612.796875 ], [ -72.9923882, 43.1865019, 612.69921875 ], [ -72.9923783, 43.1865248, 612.5 ], [ -72.9923843, 43.1865703, 612.19921875 ], [ -72.9923791, 43.1865964, 612.09765625 ], [ -72.9923585, 43.1866308, 611.8984375 ], [ -72.9923495, 43.1866745, 611.69921875 ], [ -72.9923113, 43.1867504, 611.0 ], [ -72.9922707, 43.186806, 610.296875 ], [ -72.9922115, 43.1868634, 609.296875 ], [ -72.9921898, 43.1869247, 608.59765625 ], [ -72.9921689, 43.1869629, 608.19921875 ], [ -72.9921657, 43.1869852, 607.69921875 ], [ -72.9921455, 43.1870019, 607.69921875 ], [ -72.9921153, 43.1870161, 607.59765625 ], [ -72.9920943, 43.187031, 607.69921875 ], [ -72.992085, 43.1870624, 607.296875 ], [ -72.9920846, 43.1870897, 607.0 ], [ -72.9920606, 43.1871037, 607.09765625 ], [ -72.9919814, 43.1871632, 606.796875 ], [ -72.9919249, 43.1871773, 606.3984375 ], [ -72.9918843, 43.1872135, 606.09765625 ], [ -72.9918717, 43.1872732, 605.0 ], [ -72.991853, 43.1872992, 604.5 ], [ -72.991837, 43.187327, 604.0 ], [ -72.9918141, 43.1873735, 603.296875 ], [ -72.9917806, 43.1874076, 602.296875 ], [ -72.9917016, 43.1874214, 602.09765625 ], [ -72.9915126, 43.1874126, 599.296875 ], [ -72.9913873, 43.1874071, 597.0 ], [ -72.9913185, 43.1874156, 596.5 ], [ -72.9912574, 43.1874465, 595.59765625 ], [ -72.9912086, 43.1875024, 594.3984375 ], [ -72.9911765, 43.1875693, 592.69921875 ], [ -72.9911505, 43.1876223, 591.5 ], [ -72.9911441, 43.1876641, 590.796875 ], [ -72.9911287, 43.1876933, 590.3984375 ], [ -72.9911069, 43.1877157, 589.796875 ], [ -72.9911003, 43.187741, 589.5 ], [ -72.9910985, 43.1878028, 588.59765625 ], [ -72.9910785, 43.1878442, 588.0 ], [ -72.9910336, 43.187906, 586.796875 ], [ -72.9909924, 43.1879621, 586.0 ], [ -72.9909796, 43.1880183, 585.19921875 ], [ -72.9909392, 43.1881317, 583.796875 ], [ -72.9909097, 43.1882159, 582.59765625 ], [ -72.9908902, 43.1882713, 581.8984375 ], [ -72.990893, 43.1883029, 581.5 ], [ -72.9909023, 43.1883544, 580.796875 ], [ -72.9908999, 43.1883804, 580.296875 ], [ -72.9908736, 43.1884051, 579.8984375 ], [ -72.9908662, 43.188434, 579.59765625 ], [ -72.9909204, 43.1887748, 572.5 ], [ -72.9909287, 43.1888075, 571.59765625 ], [ -72.9909216, 43.1888425, 570.796875 ], [ -72.9908982, 43.188881, 569.796875 ], [ -72.9908514, 43.1889289, 568.5 ], [ -72.9907916, 43.1889931, 567.09765625 ], [ -72.9907705, 43.1890317, 566.19921875 ], [ -72.9907672, 43.189081, 565.0 ], [ -72.9907555, 43.1891186, 564.0 ], [ -72.9907043, 43.1891625, 563.3984375 ], [ -72.9906519, 43.1891973, 562.69921875 ], [ -72.9905906, 43.1891974, 563.09765625 ], [ -72.9905001, 43.1891885, 562.5 ], [ -72.9904207, 43.1891797, 561.296875 ], [ -72.9903851, 43.1891395, 561.59765625 ], [ -72.9903324, 43.1891266, 560.69921875 ], [ -72.9902701, 43.1891278, 559.796875 ], [ -72.9901647, 43.1891346, 559.8984375 ], [ -72.9900966, 43.1891706, 558.8984375 ], [ -72.9900502, 43.1892043, 558.09765625 ], [ -72.9899946, 43.189229, 557.296875 ], [ -72.989865, 43.1893959, 553.59765625 ], [ -72.989828, 43.1894502, 552.19921875 ], [ -72.9897663, 43.189482, 552.0 ], [ -72.9896524, 43.1895172, 552.19921875 ], [ -72.9894397, 43.1895827, 554.09765625 ], [ -72.9891947, 43.1896512, 555.0 ], [ -72.9888894, 43.1898207, 552.8984375 ], [ -72.9886758, 43.1899873, 550.59765625 ], [ -72.9886411, 43.1900143, 550.59765625 ], [ -72.9884719, 43.190279, 550.296875 ], [ -72.9882491, 43.1905733, 551.8984375 ], [ -72.9877409, 43.1908456, 556.796875 ], [ -72.98756, 43.1910497, 556.69921875 ], [ -72.9871308, 43.1912018, 560.09765625 ], [ -72.9869533, 43.1913602, 559.3984375 ], [ -72.9864438, 43.191518, 558.8984375 ], [ -72.9864308, 43.1915491, 558.59765625 ], [ -72.9863628, 43.1917118, 557.19921875 ], [ -72.9863462, 43.1917374, 557.0 ], [ -72.98612, 43.1918747, 557.19921875 ], [ -72.9859865, 43.1921406, 555.59765625 ], [ -72.9859486, 43.192173, 555.59765625 ], [ -72.9859466, 43.1922129, 555.09765625 ], [ -72.9859365, 43.1922501, 554.69921875 ], [ -72.9858883, 43.1924555, 552.5 ], [ -72.9858648, 43.1925395, 551.796875 ], [ -72.9858362, 43.1925863, 551.5 ], [ -72.9858001, 43.1926558, 551.19921875 ], [ -72.985762, 43.1927208, 551.09765625 ], [ -72.9857152, 43.1928208, 550.3984375 ], [ -72.9856592, 43.1929364, 549.59765625 ], [ -72.9856287, 43.1929873, 549.296875 ], [ -72.9855564, 43.1930195, 549.796875 ], [ -72.9854479, 43.1930479, 551.296875 ], [ -72.9853702, 43.1930898, 552.09765625 ], [ -72.9852852, 43.1931612, 552.296875 ], [ -72.9852442, 43.1932183, 552.09765625 ], [ -72.9852017, 43.1932461, 552.19921875 ], [ -72.98501, 43.1933289, 553.8984375 ], [ -72.9849261, 43.1933443, 554.59765625 ], [ -72.9848539, 43.1933549, 555.19921875 ], [ -72.9848204, 43.1933738, 555.296875 ], [ -72.9847872, 43.1934206, 555.0 ], [ -72.9847209, 43.1934513, 555.296875 ], [ -72.9845914, 43.1935284, 555.796875 ], [ -72.9844247, 43.1936175, 556.69921875 ], [ -72.9843858, 43.19366, 556.59765625 ], [ -72.9842846, 43.1937778, 556.3984375 ], [ -72.9841527, 43.1939294, 556.3984375 ], [ -72.9841013, 43.1939807, 556.796875 ], [ -72.9840844, 43.1940284, 556.5 ], [ -72.9840829, 43.1941233, 555.19921875 ], [ -72.9840406, 43.1942276, 554.3984375 ], [ -72.9840048, 43.1942883, 554.19921875 ], [ -72.9839426, 43.194351, 554.296875 ], [ -72.9839223, 43.1944217, 553.3984375 ], [ -72.9838952, 43.194601, 550.59765625 ], [ -72.9838767, 43.1946935, 550.0 ], [ -72.9838244, 43.1947717, 550.09765625 ], [ -72.9837733, 43.1949479, 548.796875 ], [ -72.9837294, 43.1950164, 548.59765625 ], [ -72.9836675, 43.1951, 548.59765625 ], [ -72.9836365, 43.1952002, 547.8984375 ], [ -72.9836363, 43.1953274, 546.3984375 ], [ -72.9836114, 43.1953731, 546.5 ], [ -72.9835375, 43.1954373, 547.0 ], [ -72.9834852, 43.1954817, 547.3984375 ], [ -72.9834605, 43.1955354, 547.19921875 ], [ -72.9834328, 43.1955858, 547.19921875 ], [ -72.9833743, 43.1956267, 547.8984375 ], [ -72.9833342, 43.1956618, 548.5 ], [ -72.9832957, 43.1957748, 548.3984375 ], [ -72.9832757, 43.1958081, 548.796875 ], [ -72.9832263, 43.1958262, 550.19921875 ], [ -72.9831342, 43.1958601, 553.09765625 ], [ -72.9829667, 43.1959813, 556.69921875 ], [ -72.9827228, 43.1961812, 559.19921875 ], [ -72.9826501, 43.1962238, 559.8984375 ], [ -72.9825383, 43.1962867, 560.69921875 ], [ -72.9823217, 43.1964462, 563.69921875 ], [ -72.9822676, 43.1964823, 564.5 ], [ -72.9822251, 43.1965453, 564.19921875 ], [ -72.9821904, 43.1966241, 563.3984375 ], [ -72.9820942, 43.196665, 564.796875 ], [ -72.9819712, 43.1967586, 566.09765625 ], [ -72.981882, 43.196793, 568.09765625 ], [ -72.9817619, 43.1968499, 570.0 ], [ -72.981681, 43.1968585, 572.0 ], [ -72.9815404, 43.1968875, 574.3984375 ], [ -72.9814399, 43.196939, 575.796875 ], [ -72.9814001, 43.1969839, 576.19921875 ], [ -72.9813512, 43.1970299, 576.59765625 ], [ -72.9813006, 43.1970361, 577.59765625 ], [ -72.9812368, 43.1970616, 578.59765625 ], [ -72.981208, 43.1970845, 578.8984375 ], [ -72.9809039, 43.1971981, 584.69921875 ], [ -72.9808341, 43.1972264, 585.8984375 ], [ -72.9808102, 43.1972532, 585.8984375 ], [ -72.9807688, 43.1972911, 585.796875 ], [ -72.9807075, 43.1973378, 586.09765625 ], [ -72.9806249, 43.1973795, 587.3984375 ], [ -72.9805308, 43.1974129, 588.8984375 ], [ -72.9804119, 43.1975089, 590.296875 ], [ -72.9803, 43.1975971, 591.796875 ], [ -72.9802669, 43.1976994, 592.0 ], [ -72.9802338, 43.1977528, 592.69921875 ], [ -72.9801403, 43.1978631, 594.59765625 ], [ -72.9801193, 43.1979108, 595.0 ], [ -72.9800814, 43.1979744, 595.796875 ], [ -72.9800096, 43.1980452, 597.296875 ], [ -72.9799289, 43.1981169, 598.296875 ], [ -72.9798905, 43.198159, 598.69921875 ], [ -72.9798181, 43.1982101, 599.59765625 ], [ -72.9797758, 43.1982663, 600.19921875 ], [ -72.9797011, 43.1983434, 601.0 ], [ -72.9796724, 43.1984283, 600.8984375 ], [ -72.9796433, 43.1985103, 601.296875 ], [ -72.97961, 43.1986047, 602.796875 ], [ -72.9795751, 43.1987419, 605.296875 ], [ -72.9795657, 43.198849, 605.59765625 ], [ -72.9795316, 43.1989136, 605.8984375 ], [ -72.9795022, 43.1989653, 606.296875 ], [ -72.9793971, 43.1990574, 606.5 ], [ -72.9793487, 43.1991303, 606.3984375 ], [ -72.9793268, 43.1991937, 606.796875 ], [ -72.9793017, 43.1992835, 607.796875 ], [ -72.9792449, 43.1993606, 609.0 ], [ -72.9792183, 43.1994301, 610.09765625 ], [ -72.9792164, 43.1995048, 610.8984375 ], [ -72.9792086, 43.1995942, 612.0 ], [ -72.9792029, 43.199666, 611.69921875 ], [ -72.9792638, 43.1997935, 610.0 ], [ -72.9792943, 43.199914, 608.59765625 ], [ -72.979307, 43.2000087, 607.09765625 ], [ -72.9793002, 43.200143, 605.59765625 ], [ -72.9792862, 43.2002282, 604.796875 ], [ -72.9793058, 43.2002747, 604.0 ], [ -72.9793501, 43.2003215, 602.69921875 ], [ -72.9794254, 43.2003565, 600.8984375 ], [ -72.9794382, 43.2003804, 600.5 ], [ -72.9794529, 43.2004792, 598.59765625 ], [ -72.9794456, 43.200549, 597.3984375 ], [ -72.9794171, 43.2006085, 596.796875 ], [ -72.9793601, 43.200675, 596.19921875 ], [ -72.979345, 43.200717, 595.296875 ], [ -72.9793357, 43.2007498, 594.296875 ], [ -72.9792727, 43.2007962, 593.19921875 ], [ -72.9791957, 43.2008169, 593.19921875 ], [ -72.979111, 43.2008109, 593.3984375 ], [ -72.979019, 43.2007874, 593.5 ], [ -72.9789475, 43.2008031, 592.59765625 ], [ -72.9788876, 43.2008226, 591.5 ], [ -72.9788197, 43.2008118, 590.5 ], [ -72.9787281, 43.2007598, 590.59765625 ], [ -72.9786649, 43.2007026, 591.69921875 ], [ -72.9785863, 43.2006661, 590.796875 ], [ -72.9785028, 43.2006479, 589.0 ], [ -72.9784327, 43.2006472, 587.296875 ], [ -72.9783484, 43.2006072, 586.19921875 ], [ -72.9781719, 43.2005347, 583.0 ], [ -72.9781141, 43.2004056, 582.796875 ], [ -72.9780179, 43.2002723, 581.296875 ], [ -72.9779898, 43.2002237, 580.69921875 ], [ -72.9780035, 43.2001836, 581.3984375 ], [ -72.9779888, 43.2001164, 581.296875 ], [ -72.9778905, 43.2000155, 577.59765625 ], [ -72.9778229, 43.1999526, 575.59765625 ], [ -72.9777245, 43.1999369, 572.8984375 ], [ -72.9776276, 43.1998434, 571.5 ], [ -72.9775571, 43.199827, 569.69921875 ], [ -72.977528, 43.1998089, 569.0 ], [ -72.9775107, 43.1997441, 568.69921875 ], [ -72.9774841, 43.1996344, 568.59765625 ], [ -72.9774539, 43.1996168, 568.19921875 ], [ -72.9773821, 43.199634, 567.19921875 ], [ -72.9772939, 43.199664, 565.3984375 ], [ -72.9772715, 43.1996589, 565.09765625 ], [ -72.9772418, 43.199662, 564.59765625 ], [ -72.9772254, 43.1996894, 563.796875 ], [ -72.9771849, 43.1997031, 563.0 ], [ -72.9771567, 43.1997123, 562.5 ], [ -72.9771373, 43.1997491, 561.296875 ], [ -72.977123, 43.1997799, 560.3984375 ], [ -72.9771158, 43.1998155, 559.5 ], [ -72.9770568, 43.1998401, 558.19921875 ], [ -72.9769718, 43.199886, 555.796875 ], [ -72.9769084, 43.1999095, 554.8984375 ], [ -72.9768326, 43.1999136, 554.3984375 ], [ -72.9767951, 43.1999224, 554.0 ], [ -72.9767409, 43.1999254, 553.5 ], [ -72.976696, 43.1999587, 552.796875 ], [ -72.9766555, 43.1999917, 552.09765625 ], [ -72.9766145, 43.2000016, 551.796875 ], [ -72.9765449, 43.2000078, 551.3984375 ], [ -72.9765135, 43.2000247, 551.09765625 ], [ -72.9764876, 43.2000518, 550.59765625 ], [ -72.9764759, 43.2000723, 550.296875 ], [ -72.9764278, 43.2000997, 549.69921875 ], [ -72.9763594, 43.2001391, 548.796875 ], [ -72.9762478, 43.2001874, 547.296875 ], [ -72.9761509, 43.2002167, 546.09765625 ], [ -72.9760989, 43.2002146, 545.796875 ], [ -72.9760323, 43.2002021, 545.0 ], [ -72.9759729, 43.2001884, 544.296875 ], [ -72.9759123, 43.2001693, 543.69921875 ], [ -72.9758775, 43.2001308, 543.796875 ], [ -72.9758271, 43.2000871, 543.5 ], [ -72.9758066, 43.2000807, 543.796875 ], [ -72.9757603, 43.2000662, 544.19921875 ], [ -72.9756847, 43.200115, 543.8984375 ], [ -72.9756328, 43.2001515, 543.3984375 ], [ -72.9755162, 43.2001634, 543.5 ], [ -72.9754217, 43.2001578, 543.8984375 ], [ -72.9753745, 43.2001939, 543.296875 ], [ -72.9753081, 43.2002392, 542.296875 ], [ -72.9751616, 43.2003114, 541.09765625 ], [ -72.975129, 43.200343, 540.5 ], [ -72.9750231, 43.2003938, 539.59765625 ], [ -72.9748834, 43.20042, 538.5 ], [ -72.9748247, 43.2004386, 537.796875 ], [ -72.97478, 43.200455, 537.296875 ], [ -72.974681, 43.200504, 536.5 ], [ -72.9745675, 43.2005499, 535.59765625 ], [ -72.9744768, 43.2005999, 534.69921875 ], [ -72.9744115, 43.2006293, 534.09765625 ], [ -72.9743338, 43.2006318, 533.796875 ], [ -72.9742605, 43.2006236, 533.8984375 ], [ -72.9740928, 43.2006959, 532.09765625 ], [ -72.9739644, 43.200732, 531.796875 ], [ -72.9738929, 43.200776, 530.796875 ], [ -72.9738048, 43.2008007, 530.796875 ], [ -72.9737506, 43.2008208, 530.59765625 ], [ -72.9736546, 43.200814, 531.296875 ], [ -72.9736026, 43.2008201, 531.3984375 ], [ -72.9734997, 43.2008708, 531.69921875 ], [ -72.9734572, 43.2008918, 531.796875 ], [ -72.9734389, 43.2009172, 531.5 ], [ -72.9734104, 43.2009567, 531.09765625 ], [ -72.9734073, 43.2010075, 530.69921875 ], [ -72.9734537, 43.2011976, 528.796875 ], [ -72.9734546, 43.2012709, 528.5 ], [ -72.9734031, 43.2013174, 529.69921875 ], [ -72.9733198, 43.2013858, 531.69921875 ], [ -72.9732876, 43.2014866, 532.5 ], [ -72.9732658, 43.2015411, 533.0 ], [ -72.9732611, 43.2016114, 533.59765625 ], [ -72.973323, 43.2017668, 533.8984375 ], [ -72.9733796, 43.2019403, 534.296875 ], [ -72.9733902, 43.2019957, 534.69921875 ], [ -72.9733645, 43.202099, 535.69921875 ], [ -72.9733283, 43.2021661, 536.0 ], [ -72.9733159, 43.2022592, 536.09765625 ], [ -72.9733088, 43.2023162, 536.19921875 ], [ -72.973284, 43.2023658, 536.5 ], [ -72.9732239, 43.2024161, 536.796875 ], [ -72.9731539, 43.2024695, 537.09765625 ], [ -72.9729676, 43.2026103, 538.09765625 ], [ -72.9728875, 43.2026738, 539.69921875 ], [ -72.9728607, 43.2027058, 540.59765625 ], [ -72.9727891, 43.2028042, 542.796875 ], [ -72.9727706, 43.2028794, 543.8984375 ], [ -72.9727725, 43.2029524, 544.09765625 ], [ -72.972748, 43.203008, 544.296875 ], [ -72.9726813, 43.2031503, 545.0 ], [ -72.9726177, 43.2032358, 546.296875 ], [ -72.9725611, 43.2033056, 547.8984375 ], [ -72.9725452, 43.2034644, 549.3984375 ], [ -72.9725585, 43.2035618, 550.5 ], [ -72.972547, 43.2036335, 551.59765625 ], [ -72.9725154, 43.2036884, 552.8984375 ], [ -72.9724787, 43.2037194, 553.69921875 ], [ -72.9724349, 43.2037737, 554.296875 ], [ -72.9723791, 43.2037944, 554.59765625 ], [ -72.9722747, 43.2038463, 555.69921875 ], [ -72.9722287, 43.2038753, 556.296875 ], [ -72.9722252, 43.2039074, 556.69921875 ], [ -72.9721898, 43.2039511, 557.5 ], [ -72.9721474, 43.2040074, 558.59765625 ], [ -72.9721077, 43.2040572, 559.0 ], [ -72.9720928, 43.2041224, 558.796875 ], [ -72.9720947, 43.2042297, 558.0 ], [ -72.9720669, 43.204323, 557.59765625 ], [ -72.9720783, 43.2043909, 557.19921875 ], [ -72.97208, 43.2044417, 557.09765625 ], [ -72.9720375, 43.2045616, 557.09765625 ], [ -72.9719809, 43.2046442, 557.59765625 ], [ -72.9719773, 43.2047641, 557.59765625 ], [ -72.9719419, 43.2049279, 557.796875 ], [ -72.9718595, 43.2050855, 557.796875 ], [ -72.9717772, 43.2052041, 557.3984375 ], [ -72.9717144, 43.2053473, 556.296875 ], [ -72.9716719, 43.2054031, 556.09765625 ], [ -72.9715644, 43.2056014, 557.59765625 ], [ -72.9715077, 43.2057209, 558.296875 ], [ -72.9713494, 43.2059814, 560.796875 ], [ -72.9713266, 43.2060132, 561.3984375 ], [ -72.9712464, 43.2060891, 563.296875 ], [ -72.971193, 43.2061681, 564.69921875 ], [ -72.9711234, 43.2062783, 565.59765625 ], [ -72.9710364, 43.2063695, 565.3984375 ], [ -72.9709464, 43.2064776, 564.796875 ], [ -72.9708828, 43.2065842, 564.09765625 ], [ -72.9708844, 43.2066441, 563.5 ], [ -72.9708874, 43.2067186, 562.69921875 ], [ -72.9707968, 43.2067789, 562.3984375 ], [ -72.9707674, 43.2068155, 562.09765625 ], [ -72.9706726, 43.2069331, 562.19921875 ], [ -72.9706172, 43.2070028, 562.3984375 ], [ -72.9704672, 43.2070519, 563.09765625 ], [ -72.9701331, 43.2071088, 563.0 ], [ -72.969809, 43.2071563, 563.69921875 ], [ -72.9689615, 43.207323, 564.19921875 ], [ -72.9688161, 43.2074907, 563.69921875 ], [ -72.9687215, 43.2076831, 563.296875 ], [ -72.9687204, 43.2077402, 563.69921875 ], [ -72.9686321, 43.2086904, 574.0 ], [ -72.9685844, 43.2088881, 577.8984375 ], [ -72.9682876, 43.2092661, 582.296875 ], [ -72.9681959, 43.209603, 586.296875 ], [ -72.9682453, 43.2099318, 590.69921875 ], [ -72.9687818, 43.2105965, 596.59765625 ], [ -72.9687818, 43.2107607, 596.796875 ], [ -72.9686665, 43.2109299, 597.5 ], [ -72.9682201, 43.211274, 601.09765625 ], [ -72.9679455, 43.2116306, 602.8984375 ], [ -72.9680522, 43.2121838, 610.09765625 ], [ -72.9677411, 43.2129345, 620.296875 ], [ -72.9675242, 43.2130884, 620.3984375 ], [ -72.9673334, 43.2132238, 623.3984375 ], [ -72.9668297, 43.2137324, 630.69921875 ], [ -72.9664137, 43.2143974, 637.09765625 ], [ -72.9663931, 43.2144303, 637.3984375 ], [ -72.966282, 43.2146078, 639.296875 ], [ -72.9655594, 43.2152337, 644.0 ], [ -72.9652861, 43.2156259, 644.796875 ], [ -72.9650494, 43.2160319, 646.59765625 ], [ -72.9649888, 43.216091, 646.796875 ], [ -72.9650013, 43.2162389, 647.8984375 ], [ -72.9649293, 43.2162833, 647.8984375 ], [ -72.9647719, 43.2163246, 647.59765625 ], [ -72.9645446, 43.2165393, 649.69921875 ], [ -72.9644152, 43.2166756, 650.59765625 ], [ -72.9636883, 43.2169038, 654.19921875 ], [ -72.9634424, 43.2170015, 654.796875 ], [ -72.9631395, 43.2170014, 655.59765625 ], [ -72.9628209, 43.2170781, 657.796875 ], [ -72.9625551, 43.2171383, 658.59765625 ], [ -72.9624363, 43.2171396, 658.3984375 ], [ -72.96235, 43.2171676, 658.59765625 ], [ -72.9622059, 43.2171762, 658.5 ], [ -72.9619789, 43.2171911, 660.296875 ], [ -72.9618177, 43.217263, 662.0 ], [ -72.9616412, 43.2173401, 662.8984375 ], [ -72.961495, 43.2174998, 665.69921875 ], [ -72.9615349, 43.2177357, 669.59765625 ], [ -72.9614855, 43.2177971, 669.796875 ], [ -72.9614218, 43.2178214, 669.09765625 ], [ -72.9610237, 43.217888, 670.09765625 ], [ -72.9607439, 43.2179867, 673.296875 ], [ -72.9606826, 43.2180742, 675.09765625 ], [ -72.9602845, 43.2184547, 681.69921875 ], [ -72.9602122, 43.2186382, 685.5 ], [ -72.9602037, 43.2188535, 688.796875 ], [ -72.9601521, 43.2190305, 690.59765625 ], [ -72.9599297, 43.2193276, 695.69921875 ], [ -72.9596339, 43.2195122, 698.3984375 ], [ -72.9593802, 43.2197258, 702.59765625 ], [ -72.959222, 43.2198093, 704.09765625 ], [ -72.959016, 43.219843, 705.09765625 ], [ -72.9587666, 43.2198942, 706.796875 ], [ -72.9586046, 43.2199215, 707.8984375 ], [ -72.9584893, 43.2199126, 708.69921875 ], [ -72.9583726, 43.2198789, 709.09765625 ], [ -72.9582582, 43.2198519, 709.3984375 ], [ -72.9581315, 43.2198595, 710.5 ], [ -72.9579197, 43.2199064, 713.59765625 ], [ -72.9574629, 43.2200731, 717.296875 ], [ -72.9570015, 43.2202608, 721.3984375 ], [ -72.9565472, 43.2202814, 721.796875 ], [ -72.9559034, 43.2204065, 727.59765625 ], [ -72.9553284, 43.2206254, 730.69921875 ], [ -72.9549593, 43.2207818, 729.796875 ], [ -72.9544588, 43.2209879, 729.3984375 ], [ -72.9540725, 43.2210191, 732.0 ], [ -72.9537829, 43.22098, 733.59765625 ], [ -72.9535431, 43.220688, 734.0 ], [ -72.9531998, 43.220638, 736.8984375 ], [ -72.952599, 43.2205629, 736.3984375 ], [ -72.9518265, 43.2204878, 740.69921875 ], [ -72.9513544, 43.2204878, 743.296875 ], [ -72.9509853, 43.2205942, 746.09765625 ], [ -72.9508137, 43.2208006, 749.09765625 ], [ -72.9508652, 43.2210945, 753.0 ], [ -72.9510969, 43.2216887, 758.796875 ], [ -72.951466, 43.2220953, 763.19921875 ], [ -72.9518093, 43.2223892, 767.3984375 ], [ -72.9519295, 43.2226582, 773.796875 ], [ -72.9518436, 43.2226895, 776.5 ], [ -72.9517255, 43.2226949, 778.796875 ], [ -72.9517194, 43.2228012, 781.3984375 ], [ -72.9517151, 43.2228833, 783.19921875 ], [ -72.9516659, 43.2229049, 784.59765625 ], [ -72.9516064, 43.2229184, 785.5 ], [ -72.9515432, 43.2229264, 786.09765625 ], [ -72.9515237, 43.2229586, 786.69921875 ], [ -72.9514776, 43.222988, 787.3984375 ], [ -72.9514442, 43.2230307, 788.296875 ], [ -72.9514033, 43.2230785, 789.296875 ], [ -72.951352, 43.2231367, 790.8984375 ], [ -72.9513135, 43.2231765, 792.19921875 ], [ -72.9513016, 43.2232462, 793.296875 ], [ -72.9513012, 43.223277, 793.59765625 ], [ -72.9512897, 43.2233186, 794.296875 ], [ -72.9512392, 43.2233267, 795.3984375 ], [ -72.951142, 43.2232985, 797.0 ], [ -72.9510731, 43.2232494, 797.3984375 ], [ -72.9510036, 43.223229, 797.8984375 ], [ -72.9509394, 43.2232402, 798.8984375 ], [ -72.9508611, 43.2232391, 800.0 ], [ -72.9508142, 43.2232219, 800.0 ], [ -72.9507723, 43.2232155, 800.3984375 ], [ -72.9506886, 43.223215, 801.296875 ], [ -72.9506338, 43.2232201, 801.8984375 ], [ -72.9505806, 43.2232576, 803.59765625 ], [ -72.9505245, 43.2232871, 804.796875 ], [ -72.9504613, 43.2233301, 805.8984375 ], [ -72.9504278, 43.2233489, 806.5 ], [ -72.9504054, 43.2234319, 808.796875 ], [ -72.9504421, 43.2234598, 809.59765625 ], [ -72.950541, 43.2235041, 811.19921875 ], [ -72.9507062, 43.2235747, 812.796875 ], [ -72.9507334, 43.223618, 814.796875 ], [ -72.9507895, 43.2236317, 814.796875 ], [ -72.950864, 43.2236251, 813.69921875 ], [ -72.9509092, 43.2236168, 812.0 ], [ -72.9509355, 43.2236489, 812.59765625 ], [ -72.9509671, 43.2237094, 814.69921875 ], [ -72.9510088, 43.2237477, 815.5 ], [ -72.9510425, 43.2237722, 815.59765625 ], [ -72.9510197, 43.2238174, 818.09765625 ], [ -72.9509686, 43.2238689, 820.59765625 ], [ -72.950956, 43.223896, 821.69921875 ], [ -72.9509452, 43.2239513, 823.3984375 ], [ -72.9509797, 43.2239767, 824.3984375 ], [ -72.9510651, 43.2239787, 824.5 ], [ -72.9511912, 43.2239995, 824.09765625 ], [ -72.9512581, 43.2240083, 823.3984375 ], [ -72.9512934, 43.2240866, 824.796875 ], [ -72.9512889, 43.2241433, 825.5 ], [ -72.9512553, 43.2241649, 826.3984375 ], [ -72.9511535, 43.2241515, 828.3984375 ], [ -72.9511109, 43.2241833, 829.69921875 ], [ -72.9510767, 43.2241938, 830.09765625 ], [ -72.9510485, 43.2242367, 831.3984375 ], [ -72.9510086, 43.2242541, 832.0 ], [ -72.9509628, 43.224287, 833.69921875 ], [ -72.9508727, 43.2243172, 835.796875 ], [ -72.9508115, 43.2244041, 837.8984375 ], [ -72.9507809, 43.2244368, 838.8984375 ], [ -72.9507692, 43.2244787, 839.69921875 ], [ -72.9507192, 43.2245238, 841.0 ], [ -72.9506443, 43.2245961, 843.5 ], [ -72.9506027, 43.2246617, 845.296875 ], [ -72.9506054, 43.2247481, 847.19921875 ], [ -72.9506179, 43.2247966, 848.296875 ], [ -72.9505964, 43.2248397, 849.3984375 ], [ -72.9505746, 43.2248559, 849.8984375 ], [ -72.9505287, 43.2248573, 850.09765625 ], [ -72.9505012, 43.2248976, 850.3984375 ], [ -72.9504316, 43.2249263, 851.0 ], [ -72.9503267, 43.2249742, 852.19921875 ], [ -72.9502577, 43.2250022, 853.19921875 ], [ -72.9501236, 43.2250552, 855.69921875 ], [ -72.9500669, 43.2250786, 856.59765625 ], [ -72.9499202, 43.2250734, 857.8984375 ], [ -72.9498218, 43.2250599, 858.59765625 ], [ -72.9497935, 43.2249699, 858.09765625 ], [ -72.9497588, 43.2249247, 858.0 ], [ -72.94967, 43.2248702, 858.796875 ], [ -72.9496398, 43.2248998, 859.5 ], [ -72.9496008, 43.2249509, 860.3984375 ], [ -72.9495241, 43.2249791, 861.796875 ], [ -72.9494805, 43.2249831, 862.296875 ], [ -72.9494162, 43.2249692, 863.09765625 ], [ -72.9493374, 43.2249411, 864.0 ], [ -72.9492868, 43.224926, 864.59765625 ], [ -72.9492021, 43.2249394, 865.796875 ], [ -72.9491687, 43.2249693, 866.296875 ], [ -72.9491379, 43.2250022, 866.5 ], [ -72.9491196, 43.2250378, 866.8984375 ], [ -72.9491141, 43.2250745, 867.19921875 ], [ -72.9491128, 43.2251199, 867.69921875 ], [ -72.9491101, 43.2251661, 868.0 ], [ -72.9490995, 43.2251844, 868.09765625 ], [ -72.9490693, 43.2252117, 868.69921875 ], [ -72.9490397, 43.2252184, 869.19921875 ], [ -72.9490201, 43.2252404, 869.69921875 ], [ -72.9490007, 43.2252573, 870.09765625 ], [ -72.9489444, 43.2252704, 871.09765625 ], [ -72.9489235, 43.2253022, 871.59765625 ], [ -72.9488971, 43.225314, 872.0 ], [ -72.9488628, 43.2253128, 872.5 ], [ -72.9488294, 43.2253082, 872.8984375 ], [ -72.9487671, 43.2253047, 873.3984375 ], [ -72.9487279, 43.2253346, 874.09765625 ], [ -72.9486823, 43.2253457, 874.796875 ], [ -72.9486638, 43.2253444, 874.8984375 ], [ -72.9486515, 43.2253436, 875.0 ], [ -72.9486282, 43.2253584, 875.3984375 ], [ -72.9486145, 43.225386, 875.796875 ], [ -72.9485873, 43.2254366, 876.8984375 ], [ -72.9485809, 43.225477, 877.59765625 ], [ -72.9485649, 43.2255039, 878.296875 ], [ -72.9486013, 43.2256345, 878.59765625 ], [ -72.9485959, 43.2256831, 879.09765625 ], [ -72.9485695, 43.2257466, 880.3984375 ], [ -72.9485242, 43.2258252, 882.09765625 ], [ -72.9485031, 43.2258516, 882.69921875 ], [ -72.9484589, 43.2258906, 883.796875 ], [ -72.9484368, 43.2259217, 884.3984375 ], [ -72.9483936, 43.2260356, 886.09765625 ], [ -72.9483761, 43.2260793, 886.5 ], [ -72.9482762, 43.2261209, 887.8984375 ], [ -72.9481861, 43.2261511, 888.3984375 ], [ -72.9479515, 43.226213, 888.8984375 ], [ -72.9479386, 43.2262468, 888.796875 ], [ -72.9479251, 43.2262972, 888.69921875 ], [ -72.9479094, 43.2263219, 888.796875 ], [ -72.9478744, 43.2263419, 889.09765625 ], [ -72.9478447, 43.2263701, 889.3984375 ], [ -72.9477723, 43.2264056, 890.09765625 ], [ -72.947738, 43.2264186, 890.3984375 ], [ -72.9476221, 43.2264201, 891.59765625 ], [ -72.9475063, 43.2264022, 892.5 ], [ -72.9473376, 43.2264119, 894.3984375 ], [ -72.9472878, 43.226403, 894.796875 ], [ -72.9472652, 43.2264136, 895.09765625 ], [ -72.9472266, 43.2264605, 895.69921875 ], [ -72.9472264, 43.2264935, 895.796875 ], [ -72.9472261, 43.2265361, 896.19921875 ], [ -72.9471772, 43.2265533, 897.3984375 ], [ -72.9471308, 43.2265644, 898.59765625 ], [ -72.947096, 43.2265843, 899.69921875 ], [ -72.9470744, 43.2266124, 900.8984375 ], [ -72.9470173, 43.2266234, 902.09765625 ], [ -72.946972, 43.2266172, 903.09765625 ], [ -72.9469027, 43.2265993, 903.8984375 ], [ -72.9468602, 43.2266009, 904.5 ], [ -72.9468461, 43.2266206, 905.0 ], [ -72.9468435, 43.2266505, 905.69921875 ], [ -72.9468575, 43.2266894, 906.09765625 ], [ -72.9468526, 43.2267173, 906.796875 ], [ -72.9468397, 43.2267473, 907.5 ], [ -72.9467994, 43.2267698, 908.3984375 ], [ -72.9467733, 43.2268103, 909.59765625 ], [ -72.9467608, 43.2268416, 910.5 ], [ -72.9467194, 43.2268775, 912.09765625 ], [ -72.9467184, 43.2269001, 912.5 ], [ -72.9467165, 43.2269251, 913.296875 ], [ -72.9466996, 43.2269535, 914.09765625 ], [ -72.9466935, 43.2269835, 915.0 ], [ -72.9466777, 43.2270113, 915.8984375 ], [ -72.946648, 43.227036, 917.19921875 ], [ -72.9466125, 43.2270678, 918.69921875 ], [ -72.9465712, 43.2270844, 919.59765625 ], [ -72.9465062, 43.2270935, 920.8984375 ], [ -72.9464635, 43.2271092, 921.8984375 ], [ -72.9464261, 43.2271305, 922.59765625 ], [ -72.9463882, 43.2271354, 923.3984375 ], [ -72.9463533, 43.2271303, 923.796875 ], [ -72.9462917, 43.2271425, 924.69921875 ], [ -72.9462281, 43.2271454, 925.59765625 ], [ -72.9462018, 43.227144, 925.8984375 ], [ -72.9461566, 43.227121, 926.09765625 ], [ -72.9460865, 43.2270898, 926.296875 ], [ -72.946056, 43.2270916, 926.69921875 ], [ -72.9460159, 43.2271059, 927.5 ], [ -72.945958, 43.2271124, 928.09765625 ], [ -72.9459038, 43.2271215, 928.8984375 ], [ -72.9458767, 43.2271381, 929.5 ], [ -72.9458459, 43.2271635, 930.19921875 ], [ -72.9458324, 43.2271886, 930.8984375 ], [ -72.9458311, 43.2272255, 931.69921875 ], [ -72.9458285, 43.2272669, 932.3984375 ], [ -72.9458308, 43.227292, 932.796875 ], [ -72.9457874, 43.2273314, 933.8984375 ], [ -72.9457724, 43.2273538, 934.5 ], [ -72.9457467, 43.22738, 935.09765625 ], [ -72.9457061, 43.2273938, 935.59765625 ], [ -72.9456718, 43.2274085, 936.19921875 ], [ -72.9456485, 43.2274306, 936.59765625 ], [ -72.9456352, 43.227452, 937.0 ], [ -72.9456031, 43.2274799, 937.69921875 ], [ -72.9455352, 43.2275088, 938.69921875 ], [ -72.9455024, 43.2275147, 938.796875 ], [ -72.9454479, 43.2275287, 939.19921875 ], [ -72.9454162, 43.2275505, 939.5 ], [ -72.9454001, 43.227571, 939.796875 ], [ -72.9453655, 43.2275996, 940.19921875 ], [ -72.9453064, 43.227636, 940.8984375 ], [ -72.9452618, 43.2276532, 941.09765625 ], [ -72.9452241, 43.2276595, 941.19921875 ], [ -72.94521, 43.2276732, 941.296875 ], [ -72.9452069, 43.2276884, 941.296875 ], [ -72.9451868, 43.227707, 941.3984375 ], [ -72.9451368, 43.2277425, 941.69921875 ], [ -72.9450615, 43.2278026, 942.19921875 ], [ -72.9450368, 43.2278088, 942.3984375 ], [ -72.944994, 43.2278226, 942.69921875 ], [ -72.9449569, 43.2278228, 942.8984375 ], [ -72.9448729, 43.2278027, 943.5 ], [ -72.944728, 43.2277571, 944.3984375 ], [ -72.9446402, 43.2277391, 944.69921875 ], [ -72.9445552, 43.2277345, 944.8984375 ], [ -72.9445088, 43.2277442, 945.19921875 ], [ -72.9444676, 43.2277447, 945.3984375 ], [ -72.9444165, 43.2277551, 945.59765625 ], [ -72.9443864, 43.2277758, 945.796875 ], [ -72.9443236, 43.2277829, 945.59765625 ], [ -72.9441934, 43.2277984, 945.59765625 ], [ -72.9441437, 43.2278132, 945.8984375 ], [ -72.9440884, 43.2278489, 946.69921875 ], [ -72.9440137, 43.2278855, 947.19921875 ], [ -72.9439635, 43.2279052, 947.19921875 ], [ -72.9439107, 43.2279238, 947.09765625 ], [ -72.9438797, 43.2279438, 947.19921875 ], [ -72.9438439, 43.2279706, 947.59765625 ], [ -72.9437623, 43.2280096, 948.09765625 ], [ -72.9436107, 43.2280572, 949.0 ], [ -72.9435119, 43.2280842, 949.796875 ], [ -72.9434109, 43.2281124, 950.59765625 ], [ -72.943341, 43.2281292, 951.0 ], [ -72.9432922, 43.2281336, 951.59765625 ], [ -72.9432696, 43.2281311, 951.8984375 ], [ -72.9432406, 43.2281272, 952.296875 ], [ -72.9431887, 43.228131, 952.8984375 ], [ -72.9431313, 43.2281369, 953.796875 ], [ -72.9430805, 43.2281339, 954.3984375 ], [ -72.9430131, 43.2281113, 955.09765625 ], [ -72.9429673, 43.2281046, 955.5 ], [ -72.9429084, 43.2280965, 956.09765625 ], [ -72.9428495, 43.2280831, 956.5 ], [ -72.9427896, 43.2280703, 957.0 ], [ -72.9427356, 43.2280498, 957.09765625 ], [ -72.9426708, 43.2280288, 957.19921875 ], [ -72.94262, 43.2280149, 957.19921875 ], [ -72.9425913, 43.2280165, 957.3984375 ], [ -72.9425519, 43.2280152, 957.59765625 ], [ -72.9425036, 43.2280051, 957.69921875 ], [ -72.9424196, 43.2280041, 958.69921875 ], [ -72.9423277, 43.2280049, 959.8984375 ], [ -72.9422218, 43.2280221, 961.3984375 ], [ -72.9421519, 43.2280441, 962.59765625 ], [ -72.9421178, 43.2280465, 963.09765625 ], [ -72.9420209, 43.2280522, 964.69921875 ], [ -72.941937, 43.2280626, 966.09765625 ], [ -72.9418885, 43.2280726, 967.09765625 ], [ -72.9418533, 43.2280728, 967.796875 ], [ -72.9417867, 43.2280797, 968.8984375 ], [ -72.9417359, 43.2280777, 969.69921875 ], [ -72.9416755, 43.2280613, 970.796875 ], [ -72.9416141, 43.2280509, 972.19921875 ], [ -72.9414728, 43.2280337, 975.09765625 ], [ -72.9413375, 43.2280124, 977.296875 ], [ -72.9412828, 43.2279997, 978.09765625 ], [ -72.9412434, 43.2279846, 978.5 ], [ -72.9412136, 43.2279636, 978.796875 ], [ -72.9411737, 43.227954, 979.296875 ], [ -72.9410716, 43.2279337, 980.796875 ], [ -72.9410224, 43.227933, 981.69921875 ], [ -72.9409821, 43.2279447, 982.3984375 ], [ -72.9409334, 43.2279439, 983.19921875 ], [ -72.9408238, 43.2279437, 985.09765625 ], [ -72.9406116, 43.2279435, 988.09765625 ], [ -72.9401807, 43.2278956, 993.09765625 ], [ -72.9401189, 43.2278861, 993.796875 ], [ -72.9400059, 43.2278888, 995.09765625 ], [ -72.9398352, 43.2278928, 995.69921875 ], [ -72.9397803, 43.2279116, 995.796875 ], [ -72.9397314, 43.2279441, 995.59765625 ], [ -72.9396997, 43.2279801, 995.09765625 ], [ -72.9396708, 43.2280223, 994.3984375 ], [ -72.9396632, 43.2280661, 993.69921875 ], [ -72.9396667, 43.2280979, 993.19921875 ], [ -72.9396719, 43.2281116, 993.09765625 ], [ -72.9396823, 43.2281459, 992.5 ], [ -72.9397178, 43.2281933, 992.09765625 ], [ -72.9397835, 43.2282687, 989.8984375 ], [ -72.9398173, 43.2283487, 987.8984375 ], [ -72.9398212, 43.2283947, 986.8984375 ], [ -72.939768, 43.2285095, 983.296875 ], [ -72.9397096, 43.2285688, 981.09765625 ], [ -72.9396058, 43.2286696, 977.59765625 ], [ -72.9395772, 43.2287076, 976.19921875 ], [ -72.9395904, 43.2287413, 975.3984375 ], [ -72.939597, 43.2287705, 974.59765625 ], [ -72.9395765, 43.2288306, 973.0 ], [ -72.9395772, 43.2288799, 971.69921875 ], [ -72.939597, 43.2289703, 969.59765625 ], [ -72.9395936, 43.2290268, 968.0 ], [ -72.9395803, 43.2290609, 967.09765625 ], [ -72.9395464, 43.2291588, 964.3984375 ], [ -72.9394977, 43.2292688, 961.59765625 ], [ -72.9394635, 43.2294131, 958.296875 ], [ -72.9394272, 43.229528, 955.19921875 ], [ -72.9393779, 43.2296868, 950.0 ], [ -72.9392333, 43.2299526, 941.3984375 ], [ -72.9392178, 43.2299974, 939.796875 ], [ -72.9391605, 43.2300464, 937.796875 ], [ -72.9388111, 43.2302768, 933.296875 ], [ -72.9385693, 43.230458, 931.296875 ], [ -72.9379431, 43.2308241, 925.19921875 ], [ -72.937691, 43.2309277, 924.09765625 ], [ -72.9376366, 43.231354, 923.69921875 ], [ -72.9376412, 43.2315839, 923.8984375 ], [ -72.9375986, 43.2318059, 923.8984375 ], [ -72.9375495, 43.232006, 925.796875 ], [ -72.9373643, 43.2323691, 931.19921875 ], [ -72.937129, 43.2329039, 942.796875 ], [ -72.9370463, 43.2331795, 955.3984375 ], [ -72.9368051, 43.2335808, 952.59765625 ], [ -72.9367807, 43.2339121, 946.69921875 ], [ -72.9368286, 43.2343515, 940.8984375 ], [ -72.9368287, 43.234827, 943.8984375 ], [ -72.936979, 43.235045, 943.19921875 ], [ -72.9369523, 43.2353828, 941.09765625 ], [ -72.9369479, 43.2356647, 940.09765625 ], [ -72.9369012, 43.2358325, 941.59765625 ], [ -72.9368508, 43.2359563, 942.19921875 ], [ -72.9369384, 43.2363781, 941.5 ], [ -72.9369197, 43.2366144, 940.8984375 ], [ -72.93694, 43.2368676, 940.69921875 ], [ -72.9370092, 43.2370737, 939.59765625 ], [ -72.937067, 43.2372342, 937.0 ], [ -72.9371319, 43.2374408, 932.796875 ], [ -72.9371175, 43.2375696, 929.69921875 ], [ -72.9369881, 43.2377114, 926.69921875 ], [ -72.9368948, 43.2379177, 923.0 ], [ -72.9367889, 43.2381048, 920.69921875 ], [ -72.9367978, 43.2384178, 919.09765625 ], [ -72.936706, 43.2387788, 918.3984375 ], [ -72.9366431, 43.2390221, 916.19921875 ], [ -72.9366829, 43.2394506, 916.8984375 ], [ -72.936643, 43.239627, 917.19921875 ], [ -72.9364496, 43.2399967, 918.19921875 ], [ -72.9363233, 43.2409381, 914.3984375 ], [ -72.9361882, 43.241471, 914.69921875 ], [ -72.936484, 43.24331, 908.69921875 ], [ -72.9369622, 43.2444378, 896.09765625 ], [ -72.9373368, 43.2447693, 894.59765625 ], [ -72.9375886, 43.2456111, 886.0 ], [ -72.9380054, 43.2461141, 877.296875 ], [ -72.9379836, 43.2465406, 870.69921875 ], [ -72.9375745, 43.2470904, 858.796875 ], [ -72.9370621, 43.247308, 852.59765625 ], [ -72.9365086, 43.2474571, 850.69921875 ], [ -72.9362454, 43.247866, 849.296875 ], [ -72.9363225, 43.2493465, 853.69921875 ], [ -72.9361879, 43.2500334, 849.69921875 ], [ -72.9356717, 43.250496, 842.796875 ], [ -72.9358776, 43.2511793, 828.8984375 ], [ -72.9363762, 43.2516064, 823.19921875 ], [ -72.9362707, 43.2517983, 818.296875 ], [ -72.9364254, 43.2522916, 805.5 ], [ -72.9363503, 43.2523628, 803.69921875 ], [ -72.9360506, 43.2524413, 799.0 ], [ -72.9357139, 43.2524699, 793.796875 ], [ -72.935411, 43.2525241, 790.5 ], [ -72.9353344, 43.2526249, 787.796875 ], [ -72.9354475, 43.2527653, 785.3984375 ], [ -72.9356012, 43.2530186, 781.796875 ], [ -72.9361834, 43.2538052, 771.69921875 ], [ -72.9371222, 43.2542081, 761.69921875 ], [ -72.9378785, 43.2546816, 753.09765625 ], [ -72.9380029, 43.2552923, 750.0 ], [ -72.9379616, 43.2557491, 747.59765625 ], [ -72.9377202, 43.2561713, 745.09765625 ], [ -72.9376334, 43.2566447, 741.8984375 ], [ -72.9378707, 43.2569823, 740.69921875 ], [ -72.9381734, 43.2574014, 742.19921875 ], [ -72.9383826, 43.2577239, 745.296875 ], [ -72.9383779, 43.2579046, 745.8984375 ], [ -72.9391842, 43.2586085, 752.5 ], [ -72.9395187, 43.2589982, 753.8984375 ], [ -72.9399363, 43.2595608, 755.8984375 ], [ -72.9401989, 43.2600471, 770.8984375 ], [ -72.9403562, 43.2603904, 783.3984375 ], [ -72.940475, 43.2607981, 789.09765625 ], [ -72.9404953, 43.261293, 794.3984375 ], [ -72.9403679, 43.2619129, 806.0 ], [ -72.9402524, 43.2623947, 817.8984375 ], [ -72.939995, 43.2626889, 826.3984375 ], [ -72.9397692, 43.2630867, 832.796875 ], [ -72.9397741, 43.2635029, 835.19921875 ], [ -72.9399376, 43.2638378, 833.796875 ], [ -72.9402601, 43.264271, 837.3984375 ], [ -72.9405926, 43.2646332, 840.0 ], [ -72.9408461, 43.2648247, 846.3984375 ], [ -72.9412585, 43.2650887, 854.796875 ], [ -72.9413285, 43.26526, 859.5 ], [ -72.9410886, 43.2654869, 863.8984375 ], [ -72.9408806, 43.265918, 872.8984375 ], [ -72.9411064, 43.2659902, 880.296875 ], [ -72.9420367, 43.2659745, 894.296875 ], [ -72.942205, 43.2664391, 909.0 ], [ -72.9421633, 43.2666779, 917.59765625 ], [ -72.9419831, 43.2669637, 924.8984375 ], [ -72.9416389, 43.2673722, 930.3984375 ], [ -72.9418617, 43.2673639, 935.796875 ], [ -72.9422165, 43.2672689, 939.69921875 ], [ -72.9425328, 43.2671745, 941.69921875 ], [ -72.9428087, 43.2671301, 942.5 ], [ -72.9430353, 43.2672626, 947.09765625 ], [ -72.9430765, 43.2675397, 957.0 ], [ -72.9427985, 43.2678272, 962.09765625 ], [ -72.9427962, 43.2680813, 967.19921875 ], [ -72.9431224, 43.2685317, 973.59765625 ], [ -72.9432407, 43.268728, 974.59765625 ], [ -72.9432359, 43.269104, 976.19921875 ], [ -72.9429119, 43.2693828, 977.0 ], [ -72.9427187, 43.2696957, 977.09765625 ], [ -72.9426463, 43.2698626, 977.296875 ], [ -72.9424683, 43.2700964, 982.796875 ], [ -72.9423749, 43.2703542, 985.3984375 ], [ -72.9421358, 43.2706486, 987.8984375 ], [ -72.9418792, 43.2709314, 989.19921875 ], [ -72.9416537, 43.2710847, 989.8984375 ], [ -72.9413621, 43.2713472, 991.3984375 ], [ -72.9410718, 43.2716621, 994.796875 ], [ -72.9408818, 43.2718976, 997.8984375 ], [ -72.9406414, 43.2720603, 1002.0 ], [ -72.9404049, 43.2722146, 1004.0 ], [ -72.9401631, 43.2723318, 1006.3984375 ], [ -72.9399213, 43.2725555, 1009.69921875 ], [ -72.9397548, 43.2726925, 1012.09765625 ], [ -72.9396096, 43.2728431, 1016.8984375 ], [ -72.9392035, 43.2730846, 1022.3984375 ], [ -72.9389536, 43.2732046, 1025.5 ], [ -72.9387273, 43.2733812, 1025.0 ], [ -72.9386182, 43.2735054, 1025.5 ], [ -72.9383984, 43.2735335, 1028.0 ], [ -72.9380957, 43.2736541, 1030.5 ], [ -72.9380724, 43.2738313, 1028.8984375 ], [ -72.938209, 43.2740227, 1020.59765625 ], [ -72.9382617, 43.2742221, 1009.69921875 ], [ -72.9384226, 43.2744638, 1000.09765625 ], [ -72.9383173, 43.2748237, 993.59765625 ], [ -72.938482, 43.2753582, 987.09765625 ], [ -72.9382197, 43.2756666, 986.0 ], [ -72.9379883, 43.276302, 979.69921875 ], [ -72.9375797, 43.2766731, 978.0 ], [ -72.9373913, 43.2770884, 974.3984375 ], [ -72.9372563, 43.2773674, 975.0 ], [ -72.936955, 43.2777513, 974.0 ], [ -72.936824, 43.2780077, 973.3984375 ], [ -72.9369339, 43.2783611, 973.59765625 ], [ -72.9370749, 43.2787569, 975.5 ], [ -72.937282, 43.2789888, 977.69921875 ], [ -72.9375453, 43.2794191, 979.3984375 ], [ -72.9378195, 43.2797708, 985.19921875 ], [ -72.9380461, 43.2799846, 990.3984375 ], [ -72.9382312, 43.2803795, 994.5 ], [ -72.938578, 43.280869, 1000.8984375 ], [ -72.9386187, 43.2813313, 1000.796875 ], [ -72.9388074, 43.2817058, 997.19921875 ], [ -72.9386865, 43.2823625, 997.0 ], [ -72.9388093, 43.282904, 995.09765625 ], [ -72.9388357, 43.2835443, 990.8984375 ], [ -72.9389235, 43.284078, 980.0 ], [ -72.9389534, 43.2845655, 974.8984375 ], [ -72.938838, 43.2848763, 974.796875 ], [ -72.9387577, 43.2850858, 974.8984375 ], [ -72.9388279, 43.2854617, 979.19921875 ], [ -72.9388835, 43.2858313, 979.59765625 ], [ -72.9388283, 43.2861753, 981.19921875 ], [ -72.9386051, 43.286298, 983.0 ], [ -72.9386576, 43.2865815, 983.09765625 ], [ -72.9386971, 43.287114, 990.59765625 ], [ -72.9385735, 43.2874149, 994.8984375 ], [ -72.9385265, 43.2876549, 997.69921875 ], [ -72.9386734, 43.2882109, 1003.796875 ], [ -72.9388766, 43.2883914, 1007.796875 ], [ -72.9389263, 43.2884655, 1008.796875 ], [ -72.9390497, 43.2886006, 1012.8984375 ], [ -72.9390536, 43.2888081, 1019.5 ], [ -72.9390113, 43.2890716, 1025.09765625 ], [ -72.9390288, 43.2894047, 1030.0 ], [ -72.9389661, 43.2897712, 1033.796875 ], [ -72.9389957, 43.2900379, 1033.59765625 ], [ -72.9389923, 43.2903837, 1030.3984375 ], [ -72.9390567, 43.2907653, 1032.3984375 ], [ -72.9391421, 43.2911233, 1035.5 ], [ -72.9392103, 43.2913546, 1036.0 ], [ -72.9391636, 43.2916944, 1034.796875 ], [ -72.939083, 43.2920477, 1033.69921875 ], [ -72.9389487, 43.292404, 1033.0 ], [ -72.9387511, 43.2927271, 1033.5 ], [ -72.9386401, 43.2928473, 1034.3984375 ], [ -72.9385027, 43.2930895, 1036.69921875 ], [ -72.9383946, 43.293331, 1037.59765625 ], [ -72.9382439, 43.2935926, 1037.3984375 ], [ -72.9381266, 43.29377, 1038.796875 ], [ -72.9380621, 43.2939355, 1039.69921875 ], [ -72.9379903, 43.2940581, 1040.5 ], [ -72.9379797, 43.2942652, 1043.69921875 ], [ -72.9378635, 43.2944496, 1044.5 ], [ -72.9377328, 43.2945917, 1045.59765625 ], [ -72.937507, 43.2947209, 1042.8984375 ], [ -72.9371925, 43.2948814, 1043.8984375 ], [ -72.9370292, 43.294966, 1040.19921875 ], [ -72.9367329, 43.2954356, 1032.59765625 ], [ -72.9366241, 43.2957185, 1031.09765625 ], [ -72.9364972, 43.2958192, 1029.296875 ], [ -72.9365617, 43.2959445, 1027.09765625 ], [ -72.936619, 43.296073, 1021.296875 ], [ -72.9364139, 43.2962133, 1016.796875 ], [ -72.9364171, 43.2963799, 1008.796875 ], [ -72.9364146, 43.2965893, 999.09765625 ], [ -72.9365534, 43.2967197, 993.3984375 ], [ -72.9368141, 43.2971131, 981.3984375 ], [ -72.9372286, 43.297393, 971.796875 ], [ -72.9376121, 43.297413, 968.59765625 ], [ -72.9381361, 43.2973398, 961.09765625 ], [ -72.9389909, 43.2971025, 953.296875 ], [ -72.9396566, 43.2970457, 945.3984375 ], [ -72.9406245, 43.2967511, 933.5 ], [ -72.9412647, 43.2967085, 924.3984375 ], [ -72.9419581, 43.2963789, 916.3984375 ], [ -72.9424193, 43.296267, 912.5 ], [ -72.9428242, 43.2962301, 906.796875 ], [ -72.9434645, 43.2960842, 901.296875 ], [ -72.944113, 43.295997, 894.296875 ], [ -72.9452957, 43.2961819, 876.19921875 ], [ -72.9456312, 43.2963871, 870.69921875 ], [ -72.9458785, 43.2966842, 866.59765625 ], [ -72.9458623, 43.2972922, 862.296875 ], [ -72.946024, 43.2978962, 855.5 ], [ -72.946686, 43.2982822, 846.796875 ], [ -72.9472017, 43.2985536, 841.3984375 ], [ -72.9478674, 43.2988811, 836.0 ], [ -72.9484467, 43.2995354, 829.3984375 ], [ -72.9490182, 43.3005507, 820.296875 ], [ -72.9494108, 43.300867, 814.296875 ], [ -72.9498303, 43.3010974, 807.69921875 ], [ -72.9501968, 43.3012037, 802.796875 ], [ -72.9505458, 43.3013392, 798.69921875 ], [ -72.9507187, 43.3013763, 797.796875 ], [ -72.9509085, 43.3013745, 797.09765625 ], [ -72.9510127, 43.3013395, 796.5 ], [ -72.9513638, 43.3012069, 795.5 ], [ -72.9515094, 43.301182, 795.0 ], [ -72.951714, 43.3011688, 794.19921875 ], [ -72.9521385, 43.3012324, 792.59765625 ], [ -72.9525424, 43.3012431, 789.5 ], [ -72.952585, 43.3012564, 789.8984375 ], [ -72.9528098, 43.3013195, 790.69921875 ], [ -72.952983, 43.3013336, 790.0 ], [ -72.9532849, 43.3013125, 789.3984375 ], [ -72.9534382, 43.3013407, 789.59765625 ], [ -72.953616, 43.301358, 789.796875 ], [ -72.953809, 43.301329, 790.09765625 ], [ -72.9540158, 43.3013117, 790.5 ], [ -72.9542548, 43.3013256, 791.19921875 ], [ -72.9544537, 43.3013535, 792.5 ], [ -72.9546126, 43.3013543, 791.69921875 ], [ -72.9548411, 43.3013006, 791.296875 ], [ -72.9549764, 43.3012789, 790.69921875 ], [ -72.9550753, 43.3012824, 790.0 ], [ -72.955178, 43.3013099, 789.0 ], [ -72.9555398, 43.3014514, 785.59765625 ], [ -72.9558803, 43.301536, 784.0 ], [ -72.956081, 43.3015438, 784.0 ], [ -72.9561522, 43.301544, 784.09765625 ], [ -72.9563244, 43.3015196, 784.796875 ], [ -72.9564629, 43.3015136, 785.0 ], [ -72.9565854, 43.3015389, 785.0 ], [ -72.9567296, 43.3016126, 784.8984375 ], [ -72.9568815, 43.3017366, 786.0 ], [ -72.9570496, 43.3018332, 788.5 ], [ -72.9572598, 43.3018921, 791.19921875 ], [ -72.9575314, 43.3019609, 792.69921875 ], [ -72.9577278, 43.3020297, 793.796875 ], [ -72.9579382, 43.3021595, 794.296875 ], [ -72.9580209, 43.3023185, 794.0 ], [ -72.9580914, 43.3026878, 794.0 ], [ -72.9580704, 43.3027367, 794.0 ], [ -72.9580248, 43.3027826, 794.0 ], [ -72.9580118, 43.3028618, 794.0 ], [ -72.958093, 43.3029578, 794.09765625 ], [ -72.958185, 43.3031709, 794.5 ], [ -72.9582956, 43.3036017, 795.3984375 ], [ -72.9582844, 43.3038309, 795.796875 ], [ -72.9579894, 43.3047051, 795.296875 ], [ -72.9579411, 43.3049469, 795.19921875 ], [ -72.9579217, 43.3053793, 792.296875 ], [ -72.9579672, 43.3057827, 794.796875 ], [ -72.9580342, 43.3060767, 794.796875 ], [ -72.9581574, 43.306415, 795.3984375 ], [ -72.9583151, 43.3067518, 797.59765625 ], [ -72.9584118, 43.3069729, 798.296875 ], [ -72.9584182, 43.3072929, 801.19921875 ], [ -72.9583864, 43.3075384, 803.296875 ], [ -72.9583975, 43.3078932, 804.3984375 ], [ -72.9584411, 43.3081556, 805.296875 ], [ -72.9584417, 43.3088083, 808.19921875 ], [ -72.9576343, 43.3100607, 807.796875 ], [ -72.9573655, 43.3102321, 808.8984375 ], [ -72.9570072, 43.3103029, 811.3984375 ], [ -72.9567354, 43.3104822, 812.0 ], [ -72.9562931, 43.3105512, 814.19921875 ], [ -72.9558064, 43.3107351, 817.09765625 ], [ -72.9552693, 43.311172, 819.3984375 ], [ -72.9549217, 43.3114847, 821.296875 ], [ -72.954752, 43.311715, 821.296875 ], [ -72.954138, 43.3119031, 827.19921875 ], [ -72.9535882, 43.3125699, 827.59765625 ], [ -72.9531522, 43.3134344, 822.8984375 ], [ -72.9530763, 43.3140459, 819.69921875 ], [ -72.9532027, 43.3147403, 813.3984375 ], [ -72.9532975, 43.3153058, 807.59765625 ], [ -72.9529752, 43.3157794, 807.19921875 ], [ -72.9524949, 43.3163864, 807.0 ], [ -72.9528172, 43.3169519, 798.59765625 ], [ -72.9532091, 43.3171956, 794.8984375 ], [ -72.9536451, 43.3174669, 793.59765625 ], [ -72.9536325, 43.3180324, 798.796875 ], [ -72.9540875, 43.3188187, 800.796875 ], [ -72.9545804, 43.3197061, 803.5 ], [ -72.9548649, 43.3202552, 802.69921875 ], [ -72.9558823, 43.3206716, 792.3984375 ], [ -72.9559205, 43.3210679, 793.69921875 ], [ -72.9560187, 43.3214031, 795.69921875 ], [ -72.9569233, 43.3218007, 806.796875 ], [ -72.9575757, 43.3215427, 805.8984375 ], [ -72.958677, 43.3216886, 801.59765625 ], [ -72.9599369, 43.3219268, 803.296875 ], [ -72.9607786, 43.3217837, 804.796875 ], [ -72.9616286, 43.3215747, 804.796875 ], [ -72.962999, 43.321745, 808.3984375 ], [ -72.9635884, 43.3221857, 808.796875 ], [ -72.9645261, 43.3230438, 806.796875 ], [ -72.9652738, 43.3234106, 806.09765625 ], [ -72.9651478, 43.3235529, 811.3984375 ], [ -72.9650549, 43.3236577, 816.8984375 ], [ -72.9647875, 43.3238431, 825.3984375 ], [ -72.9644295, 43.324193, 836.796875 ], [ -72.9640219, 43.324412, 844.19921875 ], [ -72.9638093, 43.324523, 845.796875 ], [ -72.9636936, 43.3246955, 846.19921875 ], [ -72.963431, 43.324778, 845.3984375 ], [ -72.9631614, 43.3249903, 844.59765625 ], [ -72.9630395, 43.3251237, 844.0 ], [ -72.9628343, 43.3253174, 843.19921875 ], [ -72.9624286, 43.3255121, 843.59765625 ], [ -72.9621838, 43.3255865, 843.8984375 ], [ -72.961729, 43.3256961, 844.69921875 ], [ -72.9611538, 43.3259857, 844.796875 ], [ -72.9605949, 43.3264174, 845.5 ], [ -72.9600118, 43.3270566, 850.796875 ], [ -72.9598976, 43.3276232, 857.69921875 ], [ -72.9590487, 43.3288428, 857.296875 ], [ -72.9591937, 43.3291303, 863.0 ], [ -72.9590509, 43.3294681, 864.3984375 ], [ -72.959323, 43.3298589, 863.8984375 ], [ -72.9591154, 43.3303267, 856.296875 ], [ -72.9598334, 43.3316805, 824.5 ], [ -72.9600493, 43.3324963, 815.0 ], [ -72.9603299, 43.3332455, 810.3984375 ], [ -72.9603733, 43.3338893, 810.0 ], [ -72.9602147, 43.3342795, 811.0 ], [ -72.9599817, 43.3346991, 810.19921875 ], [ -72.9598491, 43.3350802, 806.0 ], [ -72.9596975, 43.3355652, 799.3984375 ], [ -72.9593638, 43.3360162, 792.5 ], [ -72.9587632, 43.3366236, 782.8984375 ], [ -72.9582522, 43.3367551, 774.796875 ], [ -72.9579568, 43.336964, 769.59765625 ], [ -72.9579477, 43.3373927, 764.8984375 ], [ -72.957943, 43.3377671, 760.3984375 ], [ -72.9582284, 43.338185, 758.296875 ], [ -72.958279, 43.338689, 755.0 ], [ -72.958234, 43.3390844, 750.0 ], [ -72.9582518, 43.33956, 744.69921875 ], [ -72.9583004, 43.3399878, 743.19921875 ], [ -72.9581594, 43.3403136, 740.69921875 ], [ -72.9580974, 43.3405939, 739.69921875 ], [ -72.9579974, 43.3409506, 739.296875 ], [ -72.957751, 43.341349, 737.09765625 ], [ -72.9575502, 43.3417966, 734.8984375 ], [ -72.9571897, 43.3421235, 730.59765625 ], [ -72.9570094, 43.3423577, 727.19921875 ], [ -72.9566948, 43.3429032, 725.296875 ], [ -72.9558703, 43.3432496, 717.796875 ], [ -72.9551296, 43.3438993, 710.09765625 ], [ -72.9544687, 43.3440209, 707.09765625 ], [ -72.953938, 43.3442208, 698.5 ], [ -72.9535864, 43.3447986, 686.5 ], [ -72.9535057, 43.3448476, 685.3984375 ], [ -72.9534646, 43.3448725, 684.796875 ], [ -72.9532047, 43.3449474, 682.69921875 ], [ -72.9529626, 43.3451771, 681.19921875 ], [ -72.9529232, 43.3452601, 681.09765625 ], [ -72.9528074, 43.3455044, 680.59765625 ], [ -72.9529173, 43.345858, 678.0 ], [ -72.9528199, 43.3467372, 672.3984375 ], [ -72.9527207, 43.3471326, 669.8984375 ], [ -72.9525239, 43.3476289, 666.8984375 ], [ -72.952481, 43.3480307, 662.0 ], [ -72.9523815, 43.3483125, 659.3984375 ], [ -72.9524355, 43.3488035, 654.09765625 ], [ -72.9525335, 43.3492325, 650.69921875 ], [ -72.9525385, 43.3496345, 646.5 ], [ -72.9524944, 43.3500854, 641.8984375 ], [ -72.9523652, 43.3504531, 639.09765625 ], [ -72.951981, 43.3518731, 629.59765625 ], [ -72.9513652, 43.3526879, 622.0 ], [ -72.9512349, 43.3529398, 618.296875 ], [ -72.9511293, 43.3535441, 609.8984375 ], [ -72.9512853, 43.3541171, 600.0 ], [ -72.9509018, 43.3549842, 590.0 ], [ -72.9505584, 43.3555237, 586.5 ], [ -72.9504119, 43.3559225, 582.69921875 ], [ -72.9502408, 43.3562635, 580.5 ], [ -72.9501397, 43.3564243, 580.0 ], [ -72.9500583, 43.3566878, 577.5 ], [ -72.9499309, 43.3570471, 573.8984375 ], [ -72.9498073, 43.3573026, 571.796875 ], [ -72.9495717, 43.357727, 568.0 ], [ -72.9494051, 43.3579935, 564.8984375 ], [ -72.9493032, 43.3584062, 558.59765625 ], [ -72.9492462, 43.3587577, 555.0 ], [ -72.949359, 43.3594186, 549.5 ], [ -72.9491383, 43.3601294, 547.296875 ], [ -72.9485756, 43.3606204, 551.0 ], [ -72.948298, 43.3612935, 547.3984375 ], [ -72.9480478, 43.3615672, 541.5 ], [ -72.9475183, 43.3616853, 534.5 ], [ -72.9469935, 43.3615238, 528.796875 ], [ -72.9460325, 43.3615338, 516.0 ], [ -72.9443022, 43.3613206, 505.59765625 ], [ -72.9434849, 43.361419, 498.19921875 ], [ -72.9429948, 43.3614041, 497.09765625 ], [ -72.9426037, 43.3616108, 491.796875 ], [ -72.9420905, 43.3618669, 487.296875 ], [ -72.9419934, 43.3622703, 483.5 ], [ -72.9422254, 43.3624353, 480.796875 ], [ -72.9423764, 43.3626223, 477.19921875 ], [ -72.942368, 43.3627512, 475.09765625 ], [ -72.9425396, 43.362923, 471.796875 ], [ -72.9427712, 43.3630463, 469.09765625 ], [ -72.9429947, 43.3632523, 465.3984375 ], [ -72.9435324, 43.3630453, 463.796875 ], [ -72.9439225, 43.3629152, 461.796875 ], [ -72.9442748, 43.3628751, 460.796875 ], [ -72.9444018, 43.3629218, 460.0 ], [ -72.944451, 43.3630559, 460.0 ], [ -72.9444558, 43.3630714, 460.0 ], [ -72.9444665, 43.3631155, 459.8984375 ], [ -72.9445319, 43.3632122, 460.0 ], [ -72.9448845, 43.3632067, 457.59765625 ], [ -72.9450602, 43.3633052, 458.0 ], [ -72.9455273, 43.363614, 457.3984375 ], [ -72.9462912, 43.3640643, 452.59765625 ], [ -72.9466351, 43.364206, 453.09765625 ], [ -72.946879, 43.3643184, 453.296875 ], [ -72.9474115, 43.3644564, 450.0 ], [ -72.9477161, 43.3646911, 450.3984375 ], [ -72.947713, 43.3651281, 459.296875 ], [ -72.9481397, 43.3654498, 463.09765625 ], [ -72.949802, 43.3656, 465.0 ], [ -72.949921, 43.365607, 464.796875 ], [ -72.950312, 43.365617, 462.3984375 ], [ -72.950764, 43.365684, 460.8984375 ], [ -72.951996, 43.365717, 458.3984375 ], [ -72.952418, 43.365921, 462.59765625 ], [ -72.95299, 43.366028, 462.69921875 ], [ -72.953428, 43.3661127, 459.09765625 ], [ -72.953972, 43.366171, 457.69921875 ], [ -72.954311, 43.366158, 458.09765625 ], [ -72.954959, 43.366215, 462.0 ], [ -72.9555795, 43.3667803, 473.296875 ], [ -72.9565532, 43.3671848, 474.5 ], [ -72.958044, 43.367286, 473.69921875 ], [ -72.95909, 43.3672355, 475.5 ], [ -72.959619, 43.3675557, 480.69921875 ], [ -72.9599212, 43.3679636, 479.69921875 ], [ -72.9603503, 43.3683603, 475.19921875 ], [ -72.9604766, 43.3686877, 473.0 ], [ -72.9610648, 43.3695055, 473.296875 ], [ -72.9613564, 43.3699413, 471.296875 ], [ -72.9612248, 43.3702767, 469.3984375 ], [ -72.9612147, 43.3706668, 469.0 ], [ -72.9611749, 43.3708567, 472.19921875 ], [ -72.9612666, 43.3712987, 474.3984375 ], [ -72.961307, 43.371352, 474.0 ], [ -72.961434, 43.37153, 472.3984375 ], [ -72.961549, 43.371715, 471.3984375 ], [ -72.961648, 43.371909, 469.8984375 ], [ -72.961728, 43.372108, 467.5 ], [ -72.961797, 43.372317, 465.59765625 ], [ -72.961863, 43.372449, 465.19921875 ], [ -72.961964, 43.372559, 464.59765625 ], [ -72.962083, 43.372647, 464.0 ], [ -72.962215, 43.372713, 462.796875 ], [ -72.962353, 43.372756, 462.0 ], [ -72.962529, 43.3728011, 461.3984375 ], [ -72.962514, 43.3728602, 461.796875 ], [ -72.9624848, 43.372878, 461.8984375 ], [ -72.9624208, 43.3728846, 461.8984375 ], [ -72.9623486, 43.3732022, 462.5 ], [ -72.962058, 43.3737557, 468.296875 ], [ -72.9617669, 43.3740425, 472.69921875 ], [ -72.961482, 43.374153, 476.5 ], [ -72.9609314, 43.3742354, 480.69921875 ], [ -72.9604998, 43.3746333, 488.19921875 ], [ -72.9605049, 43.3749408, 490.0 ], [ -72.960604, 43.3752818, 491.09765625 ], [ -72.9605667, 43.3759296, 493.69921875 ], [ -72.9607128, 43.3765087, 495.69921875 ], [ -72.9611155, 43.3771705, 495.796875 ], [ -72.9614509, 43.3778624, 499.09765625 ], [ -72.9616331, 43.378377, 500.296875 ], [ -72.9616036, 43.3788276, 503.59765625 ], [ -72.9617407, 43.3792837, 501.3984375 ], [ -72.9616302, 43.379489, 502.3984375 ], [ -72.9612471, 43.3802005, 502.69921875 ], [ -72.9607759, 43.3807983, 502.69921875 ], [ -72.9607029, 43.3808909, 502.796875 ], [ -72.9600877, 43.3811445, 506.19921875 ], [ -72.9591444, 43.3816783, 511.3984375 ], [ -72.9585323, 43.3824991, 516.796875 ], [ -72.9584123, 43.38266, 517.0 ], [ -72.9579586, 43.3831434, 520.0 ], [ -72.9574051, 43.3839892, 531.09765625 ], [ -72.9574806, 43.3845284, 526.5 ], [ -72.9572734, 43.3850671, 528.09765625 ], [ -72.9572044, 43.3851791, 528.3984375 ], [ -72.9571594, 43.3852661, 529.0 ], [ -72.9568534, 43.3857341, 532.3984375 ], [ -72.9566244, 43.3860251, 535.296875 ], [ -72.9564804, 43.3864377, 536.0 ], [ -72.9564204, 43.3866427, 536.69921875 ], [ -72.9563734, 43.3868557, 537.19921875 ], [ -72.9562814, 43.3871857, 538.0 ], [ -72.9561504, 43.3875007, 538.8984375 ], [ -72.9560854, 43.3877077, 539.8984375 ], [ -72.9561204, 43.3881017, 542.296875 ], [ -72.9561544, 43.3884727, 543.0 ], [ -72.9559284, 43.3889187, 545.0 ], [ -72.9557707, 43.3890304, 545.69921875 ], [ -72.9555996, 43.3892327, 547.5 ], [ -72.9554574, 43.3894736, 550.19921875 ], [ -72.9554601, 43.3896263, 550.796875 ], [ -72.9553731, 43.3902703, 554.09765625 ], [ -72.9554311, 43.3905443, 553.0 ], [ -72.9554675, 43.3908627, 552.5 ], [ -72.9555575, 43.391057, 552.59765625 ], [ -72.9556694, 43.391338, 553.59765625 ], [ -72.955613, 43.3916196, 557.19921875 ], [ -72.9556107, 43.391781, 558.8984375 ], [ -72.9556087, 43.3919623, 560.69921875 ], [ -72.9555531, 43.3921353, 564.0 ], [ -72.9555141, 43.3923553, 568.0 ], [ -72.9554752, 43.3930162, 572.8984375 ], [ -72.9555512, 43.3933912, 573.59765625 ], [ -72.9555732, 43.3941671, 572.59765625 ], [ -72.9555322, 43.3942791, 572.796875 ], [ -72.9554095, 43.3948171, 571.0 ], [ -72.955204, 43.395608, 574.59765625 ], [ -72.9551693, 43.3961035, 580.0 ], [ -72.9548896, 43.3968103, 588.0 ], [ -72.9550872, 43.3975034, 583.69921875 ], [ -72.9552668, 43.3980918, 578.296875 ], [ -72.9554904, 43.3984425, 573.69921875 ], [ -72.9553905, 43.3985842, 573.3984375 ], [ -72.9552002, 43.3987918, 573.296875 ], [ -72.9549039, 43.3991827, 573.69921875 ], [ -72.9547941, 43.3994966, 573.0 ], [ -72.9546162, 43.4000516, 573.796875 ], [ -72.9544589, 43.4004255, 574.59765625 ], [ -72.9543387, 43.4006595, 575.0 ], [ -72.9541546, 43.4013028, 574.796875 ], [ -72.9542133, 43.4016059, 576.0 ], [ -72.954486, 43.4017664, 574.796875 ], [ -72.9547927, 43.4020622, 574.09765625 ], [ -72.9547078, 43.4023297, 574.19921875 ], [ -72.9547152, 43.4024719, 572.5 ], [ -72.9547089, 43.4026212, 570.3984375 ], [ -72.9547056, 43.4026991, 569.09765625 ], [ -72.9546602, 43.4029252, 565.59765625 ], [ -72.9542953, 43.4032551, 561.5 ], [ -72.9537757, 43.4035178, 565.3984375 ], [ -72.9535041, 43.4038578, 564.0 ], [ -72.9535075, 43.4040128, 560.59765625 ], [ -72.9534756, 43.404217, 556.69921875 ], [ -72.9533297, 43.4043751, 555.8984375 ], [ -72.9526264, 43.4047558, 558.5 ], [ -72.9512613, 43.4055487, 549.296875 ], [ -72.9500463, 43.4060728, 546.5 ], [ -72.9491969, 43.406248, 551.3984375 ], [ -72.9483861, 43.406576, 549.59765625 ], [ -72.9474574, 43.4071502, 552.0 ], [ -72.9469371, 43.4075574, 555.796875 ], [ -72.9458126, 43.408347, 563.59765625 ], [ -72.944798, 43.4089279, 559.8984375 ], [ -72.9444117, 43.4093048, 566.0 ], [ -72.9442129, 43.4097384, 568.3984375 ], [ -72.944143, 43.4099971, 571.5 ], [ -72.943521, 43.4101908, 579.8984375 ], [ -72.9430457, 43.4104599, 581.59765625 ], [ -72.9428309, 43.4106372, 580.59765625 ], [ -72.9424894, 43.4106372, 582.796875 ], [ -72.9421472, 43.410715, 581.8984375 ], [ -72.9417566, 43.4108631, 580.59765625 ], [ -72.9412608, 43.4108521, 580.796875 ], [ -72.9408637, 43.4109926, 581.0 ], [ -72.9408221, 43.4110608, 581.69921875 ], [ -72.9407621, 43.4111277, 582.5 ], [ -72.9401609, 43.4112756, 587.3984375 ], [ -72.939807, 43.411368, 591.296875 ], [ -72.939111, 43.411367, 593.0 ], [ -72.93879, 43.411371, 593.0 ], [ -72.9382007, 43.4114061, 594.296875 ], [ -72.9379042, 43.4115468, 595.59765625 ], [ -72.9378961, 43.4115807, 596.3984375 ], [ -72.9378911, 43.4116015, 596.8984375 ], [ -72.9378372, 43.4118267, 602.796875 ], [ -72.937787, 43.4121725, 610.5 ], [ -72.937781, 43.4123265, 613.3984375 ], [ -72.937661, 43.4126185, 616.69921875 ], [ -72.937563, 43.4127865, 620.3984375 ], [ -72.9374878, 43.413154, 629.09765625 ], [ -72.937717, 43.4135455, 631.8984375 ], [ -72.937615, 43.4138695, 637.296875 ], [ -72.9375901, 43.4141786, 641.5 ], [ -72.9374192, 43.4145556, 647.296875 ], [ -72.9375386, 43.4153212, 656.8984375 ], [ -72.9385937, 43.4163953, 669.8984375 ], [ -72.9393405, 43.4177476, 685.59765625 ], [ -72.9398465, 43.4179397, 687.796875 ], [ -72.9414752, 43.4181148, 685.5 ], [ -72.9424794, 43.4183851, 680.0 ], [ -72.9430723, 43.4184599, 679.0 ], [ -72.9437899, 43.4188001, 676.59765625 ], [ -72.9438519, 43.4190302, 674.796875 ], [ -72.944021, 43.4192419, 674.69921875 ], [ -72.9442951, 43.4192158, 677.3984375 ], [ -72.9444505, 43.4190204, 679.09765625 ], [ -72.9448279, 43.4187982, 685.59765625 ], [ -72.9456688, 43.4183989, 699.5 ], [ -72.9460712, 43.4183549, 706.3984375 ], [ -72.9462217, 43.4184762, 709.19921875 ], [ -72.9462574, 43.4188003, 711.296875 ], [ -72.9465505, 43.419172, 715.5 ], [ -72.9466694, 43.4194174, 717.3984375 ], [ -72.946904, 43.4195445, 718.69921875 ], [ -72.9468122, 43.4197309, 719.59765625 ], [ -72.9463008, 43.4205903, 721.59765625 ], [ -72.9465088, 43.4213836, 737.296875 ], [ -72.9463553, 43.4216602, 740.09765625 ], [ -72.9464025, 43.4219131, 744.5 ], [ -72.9461651, 43.4224911, 751.59765625 ], [ -72.9457849, 43.4229858, 753.796875 ], [ -72.9458247, 43.4232782, 759.09765625 ], [ -72.9456415, 43.4234296, 759.8984375 ], [ -72.9448045, 43.4244737, 772.69921875 ], [ -72.944408, 43.4252591, 780.3984375 ], [ -72.9442465, 43.4262549, 772.5 ], [ -72.944409, 43.4268514, 764.0 ], [ -72.9445894, 43.4272875, 756.69921875 ], [ -72.9445741, 43.4275222, 753.8984375 ], [ -72.944544, 43.427701, 752.0 ], [ -72.9449755, 43.4282928, 741.296875 ], [ -72.9445997, 43.429086, 747.296875 ], [ -72.9445048, 43.4294316, 747.296875 ], [ -72.9439854, 43.4299561, 750.5 ], [ -72.9434421, 43.4303635, 753.0 ], [ -72.9431908, 43.4306582, 751.59765625 ], [ -72.942736, 43.4312668, 750.69921875 ], [ -72.9422525, 43.4316792, 758.296875 ], [ -72.9422338, 43.4321744, 753.59765625 ], [ -72.942239, 43.4324427, 749.59765625 ], [ -72.9420795, 43.4326984, 747.69921875 ], [ -72.9420392, 43.4331129, 747.3984375 ], [ -72.9423842, 43.4334222, 749.69921875 ], [ -72.9427477, 43.4334594, 749.796875 ], [ -72.943114, 43.433407, 744.8984375 ], [ -72.94352, 43.4333236, 734.69921875 ], [ -72.94375, 43.4333414, 729.3984375 ], [ -72.9439508, 43.4334429, 725.8984375 ], [ -72.9440811, 43.4336111, 725.19921875 ], [ -72.944302, 43.4338633, 721.3984375 ], [ -72.9447464, 43.4343024, 711.19921875 ], [ -72.9453384, 43.4350707, 692.69921875 ], [ -72.9454143, 43.4355752, 684.296875 ], [ -72.9450763, 43.4360386, 693.19921875 ], [ -72.9452116, 43.4364323, 698.5 ], [ -72.9451221, 43.4368288, 699.69921875 ], [ -72.9450173, 43.4379237, 691.3984375 ], [ -72.9446453, 43.4391307, 678.5 ], [ -72.9441043, 43.4402247, 670.69921875 ], [ -72.9434474, 43.4410978, 681.59765625 ], [ -72.9432584, 43.4422071, 687.69921875 ], [ -72.9425337, 43.4429858, 691.19921875 ], [ -72.9422744, 43.4430612, 689.296875 ], [ -72.9419365, 43.4431591, 686.09765625 ], [ -72.9413206, 43.4431105, 685.3984375 ], [ -72.940852, 43.443204, 676.0 ], [ -72.9398316, 43.4432395, 675.796875 ], [ -72.9389517, 43.4428568, 669.0 ], [ -72.9383393, 43.4426033, 666.69921875 ], [ -72.93803, 43.442552, 670.09765625 ], [ -72.9372997, 43.4425077, 666.5 ], [ -72.9364321, 43.4421561, 663.19921875 ], [ -72.9356347, 43.4417545, 672.5 ], [ -72.9348664, 43.441852, 665.09765625 ], [ -72.9344839, 43.4420114, 655.8984375 ], [ -72.933887, 43.4420733, 646.3984375 ], [ -72.9335263, 43.4422273, 640.09765625 ], [ -72.933805, 43.4426349, 633.8984375 ], [ -72.9341105, 43.4432809, 616.3984375 ], [ -72.9344112, 43.4434928, 608.0 ], [ -72.9347319, 43.4436184, 605.19921875 ], [ -72.9344797, 43.4438115, 598.0 ], [ -72.9342458, 43.4443074, 588.296875 ], [ -72.9338133, 43.4445724, 582.3984375 ], [ -72.9337022, 43.4447704, 576.59765625 ], [ -72.9337869, 43.444938, 571.5 ], [ -72.9343563, 43.445006, 568.5 ], [ -72.9347725, 43.4452327, 559.8984375 ], [ -72.9353929, 43.4458095, 537.796875 ], [ -72.9358524, 43.4459278, 531.59765625 ], [ -72.9362064, 43.4459208, 529.296875 ], [ -72.9364355, 43.4459719, 524.0 ], [ -72.936662, 43.4461296, 514.0 ], [ -72.9368292, 43.4463809, 506.19921875 ], [ -72.937, 43.4469914, 492.0 ], [ -72.9371309, 43.4471821, 485.0 ], [ -72.937132, 43.4473287, 480.296875 ], [ -72.9370145, 43.4475109, 473.59765625 ], [ -72.9367753, 43.4476076, 468.09765625 ], [ -72.9365123, 43.447609, 466.19921875 ], [ -72.9364165, 43.4476219, 465.09765625 ], [ -72.9364648, 43.4477819, 458.19921875 ], [ -72.9365854, 43.4478654, 455.796875 ], [ -72.9367806, 43.4479766, 452.19921875 ], [ -72.9370026, 43.4480996, 447.19921875 ], [ -72.9372366, 43.4482066, 443.3984375 ], [ -72.9375312, 43.4483517, 438.19921875 ], [ -72.9373708, 43.4484598, 433.09765625 ], [ -72.937148, 43.4485653, 427.0 ], [ -72.9369651, 43.448619, 422.8984375 ], [ -72.9367349, 43.4485951, 420.3984375 ], [ -72.9366845, 43.4487961, 413.796875 ], [ -72.9369753, 43.4489598, 409.19921875 ], [ -72.9374424, 43.449132, 403.59765625 ], [ -72.9377816, 43.4491997, 399.59765625 ], [ -72.9379941, 43.4493909, 394.09765625 ], [ -72.9380617, 43.4495633, 390.3984375 ], [ -72.938075, 43.4496902, 394.19921875 ], [ -72.938087, 43.4499442, 402.69921875 ], [ -72.938125, 43.4502472, 406.09765625 ], [ -72.938116, 43.4505572, 405.796875 ], [ -72.938112, 43.4508252, 402.8984375 ], [ -72.938068, 43.4511294, 397.69921875 ], [ -72.9378755, 43.4514152, 397.796875 ], [ -72.9376989, 43.4516842, 398.59765625 ], [ -72.9374511, 43.4518784, 401.09765625 ], [ -72.9373036, 43.4519977, 402.69921875 ], [ -72.9370383, 43.452202, 404.296875 ], [ -72.9367319, 43.4524057, 404.59765625 ], [ -72.936437, 43.4524585, 406.69921875 ], [ -72.9361827, 43.4524615, 408.69921875 ], [ -72.9358653, 43.4526533, 406.69921875 ], [ -72.9358693, 43.45302, 400.0 ], [ -72.9357815, 43.453308, 394.19921875 ], [ -72.9358194, 43.4535947, 387.8984375 ], [ -72.935835, 43.4539369, 380.8984375 ], [ -72.9358329, 43.4541929, 377.296875 ], [ -72.9359247, 43.4544464, 374.59765625 ], [ -72.9358261, 43.4547089, 373.09765625 ], [ -72.9357718, 43.4548576, 372.0 ], [ -72.9356725, 43.4550156, 368.0 ], [ -72.9354766, 43.4551056, 366.0 ], [ -72.9351222, 43.4552234, 360.59765625 ], [ -72.9347718, 43.4553571, 350.19921875 ], [ -72.9344963, 43.4554986, 342.296875 ], [ -72.9343032, 43.4556725, 336.09765625 ], [ -72.9338693, 43.4559221, 336.19921875 ], [ -72.9336369, 43.4561336, 346.296875 ], [ -72.9334073, 43.4563173, 354.296875 ], [ -72.9331008, 43.4565544, 361.59765625 ], [ -72.9327228, 43.45683, 363.19921875 ], [ -72.9324777, 43.4570469, 365.09765625 ], [ -72.93248, 43.4570976, 366.8984375 ], [ -72.9325675, 43.4570965, 369.09765625 ], [ -72.9326688, 43.4570885, 370.8984375 ], [ -72.9327958, 43.4570585, 372.69921875 ], [ -72.9329564, 43.4570189, 374.3984375 ], [ -72.9331841, 43.4569736, 376.796875 ], [ -72.9334403, 43.4569296, 379.296875 ], [ -72.9336186, 43.4569063, 380.59765625 ], [ -72.9337782, 43.4568729, 380.69921875 ], [ -72.9339777, 43.4568206, 380.59765625 ], [ -72.9341329, 43.4567944, 381.0 ], [ -72.9341745, 43.4567992, 381.796875 ], [ -72.9342035, 43.4568214, 382.69921875 ], [ -72.9342041, 43.4568755, 385.296875 ], [ -72.9341586, 43.4569294, 387.296875 ], [ -72.9340949, 43.457005, 390.19921875 ], [ -72.9339938, 43.4570907, 392.8984375 ], [ -72.9336225, 43.4572621, 393.796875 ], [ -72.9332529, 43.4575167, 396.8984375 ], [ -72.9330717, 43.4578594, 400.3984375 ], [ -72.9331197, 43.4580252, 401.59765625 ], [ -72.9334671, 43.4582348, 403.59765625 ], [ -72.9334504, 43.4585413, 404.69921875 ], [ -72.9337399, 43.4586672, 406.0 ], [ -72.9339747, 43.4587813, 407.5 ], [ -72.934295, 43.4591612, 410.3984375 ], [ -72.934709, 43.459089, 411.3984375 ], [ -72.9350809, 43.459183, 413.69921875 ], [ -72.9352233, 43.4592377, 415.5 ], [ -72.9352843, 43.4593774, 418.09765625 ], [ -72.9354173, 43.4595684, 421.796875 ], [ -72.9354313, 43.4596614, 422.8984375 ], [ -72.9357585, 43.4597437, 425.3984375 ], [ -72.9359603, 43.4600234, 426.5 ], [ -72.9359628, 43.4603791, 429.296875 ], [ -72.9356675, 43.4605264, 432.3984375 ], [ -72.9357153, 43.4608014, 434.19921875 ], [ -72.9355197, 43.4611007, 437.0 ], [ -72.9353438, 43.4614064, 439.8984375 ], [ -72.935147, 43.4615967, 442.3984375 ], [ -72.9351143, 43.461732, 444.19921875 ], [ -72.9351093, 43.461951, 449.19921875 ], [ -72.9353726, 43.4621978, 452.5 ], [ -72.9354181, 43.4623897, 455.8984375 ], [ -72.9347419, 43.4624652, 463.19921875 ], [ -72.9346547, 43.4625623, 465.59765625 ], [ -72.9347513, 43.4626789, 467.5 ], [ -72.9345807, 43.4628083, 470.296875 ], [ -72.9345327, 43.4630363, 475.19921875 ], [ -72.9344027, 43.4632543, 480.296875 ], [ -72.9342097, 43.4634583, 485.69921875 ], [ -72.9340437, 43.4637353, 493.296875 ], [ -72.9345022, 43.4640702, 501.09765625 ], [ -72.9349382, 43.4642377, 505.19921875 ], [ -72.9353426, 43.4641989, 504.09765625 ], [ -72.9355818, 43.4642945, 507.796875 ], [ -72.9355824, 43.464406, 512.3984375 ], [ -72.9352929, 43.4645081, 514.3984375 ], [ -72.935328, 43.4646573, 519.8984375 ], [ -72.935553, 43.4646995, 523.19921875 ], [ -72.9355512, 43.4648865, 529.796875 ], [ -72.9354496, 43.4650112, 531.69921875 ], [ -72.9353181, 43.465418, 538.0 ], [ -72.9353883, 43.4655372, 543.19921875 ], [ -72.9355224, 43.4655247, 545.5 ], [ -72.9358753, 43.4653731, 549.296875 ], [ -72.9360313, 43.4653779, 551.19921875 ], [ -72.9359217, 43.4656354, 556.796875 ], [ -72.9357461, 43.4657854, 558.296875 ], [ -72.936178, 43.465755, 562.296875 ], [ -72.9363649, 43.4657807, 561.3984375 ], [ -72.936259, 43.465817, 563.296875 ], [ -72.9358594, 43.4664636, 579.69921875 ], [ -72.9358839, 43.4665384, 582.0 ], [ -72.9360855, 43.4664213, 582.0 ], [ -72.936277, 43.466457, 585.09765625 ], [ -72.9364334, 43.4663686, 582.69921875 ], [ -72.9364963, 43.4664666, 586.8984375 ], [ -72.9365795, 43.4666638, 595.296875 ], [ -72.9367335, 43.4667368, 598.3984375 ], [ -72.9368905, 43.4668948, 601.69921875 ], [ -72.9369514, 43.4670524, 606.69921875 ], [ -72.9369338, 43.4672597, 613.796875 ], [ -72.9371515, 43.4674259, 616.8984375 ], [ -72.9374195, 43.4676649, 622.296875 ], [ -72.9375854, 43.4677922, 625.19921875 ], [ -72.9378184, 43.4679492, 628.09765625 ], [ -72.9379844, 43.4681532, 631.296875 ], [ -72.9383704, 43.4684812, 630.8984375 ], [ -72.9385334, 43.4686872, 633.59765625 ], [ -72.938634, 43.4689, 639.0 ], [ -72.938709, 43.469188, 650.69921875 ], [ -72.938783, 43.469425, 658.59765625 ], [ -72.9388599, 43.4697305, 664.59765625 ], [ -72.9388924, 43.4700325, 669.59765625 ], [ -72.9389499, 43.4705236, 675.09765625 ], [ -72.9387933, 43.4708263, 678.59765625 ], [ -72.9388719, 43.4710781, 676.8984375 ], [ -72.938923, 43.4713081, 674.296875 ], [ -72.938796, 43.471574, 671.8984375 ], [ -72.938744, 43.471787, 669.3984375 ], [ -72.9387758, 43.4719237, 666.3984375 ], [ -72.9385751, 43.4721462, 666.5 ], [ -72.9386238, 43.4723967, 662.69921875 ], [ -72.9385308, 43.4726977, 664.19921875 ], [ -72.9386458, 43.4728937, 662.796875 ], [ -72.9385858, 43.4731597, 666.19921875 ], [ -72.9385908, 43.4734347, 668.09765625 ], [ -72.9385277, 43.4736722, 670.19921875 ], [ -72.9383958, 43.4738977, 672.296875 ], [ -72.9383352, 43.4740799, 672.5 ], [ -72.9381306, 43.4742015, 675.0 ], [ -72.9380148, 43.4744057, 674.19921875 ], [ -72.9379198, 43.4745997, 672.796875 ], [ -72.9376014, 43.4746318, 674.3984375 ], [ -72.9371707, 43.4744928, 673.09765625 ], [ -72.9370068, 43.4746579, 670.09765625 ], [ -72.9369798, 43.4748649, 669.5 ], [ -72.937122, 43.4750775, 670.69921875 ], [ -72.9371191, 43.4753692, 667.296875 ], [ -72.9372439, 43.4755772, 663.8984375 ], [ -72.9372452, 43.4757911, 659.296875 ], [ -72.9372263, 43.4760426, 653.19921875 ], [ -72.9372768, 43.476243, 647.3984375 ], [ -72.9371217, 43.4763101, 647.0 ], [ -72.9369847, 43.4763861, 646.19921875 ], [ -72.9367585, 43.4764634, 644.8984375 ], [ -72.9366187, 43.4766078, 642.3984375 ], [ -72.9365089, 43.4768377, 638.3984375 ], [ -72.936465, 43.4770072, 636.8984375 ], [ -72.9363315, 43.4771079, 634.3984375 ], [ -72.9361757, 43.4770941, 630.69921875 ], [ -72.9361287, 43.4769173, 630.0 ], [ -72.9359576, 43.4767052, 626.0 ], [ -72.93583, 43.4765581, 623.5 ], [ -72.9355799, 43.4765534, 612.796875 ], [ -72.9354021, 43.4767518, 603.19921875 ], [ -72.9353167, 43.4769889, 598.09765625 ], [ -72.9353237, 43.4772053, 597.69921875 ], [ -72.9352118, 43.4773494, 593.59765625 ], [ -72.9350491, 43.4773763, 587.69921875 ], [ -72.9348748, 43.4772584, 581.69921875 ], [ -72.934847, 43.477025, 582.59765625 ], [ -72.9344085, 43.4767775, 578.69921875 ], [ -72.934213, 43.476534, 579.0 ], [ -72.9338651, 43.4764877, 570.796875 ], [ -72.933533, 43.476589, 558.8984375 ], [ -72.9330532, 43.4765514, 548.69921875 ], [ -72.9327788, 43.4767317, 542.59765625 ], [ -72.9324447, 43.4769256, 537.8984375 ], [ -72.932292, 43.4770805, 536.296875 ], [ -72.9323371, 43.4773204, 533.5 ], [ -72.9323617, 43.477618, 528.796875 ], [ -72.932223, 43.4778164, 524.5 ], [ -72.9320457, 43.4780202, 522.59765625 ], [ -72.9315989, 43.4784857, 519.296875 ], [ -72.9311025, 43.4792106, 511.296875 ], [ -72.9303982, 43.4802487, 506.69921875 ], [ -72.9295036, 43.4814138, 502.59765625 ], [ -72.9291384, 43.481736, 503.3984375 ], [ -72.9288398, 43.4820034, 503.19921875 ], [ -72.9285414, 43.482087, 504.3984375 ], [ -72.9280181, 43.4822954, 505.19921875 ], [ -72.9276125, 43.4825436, 504.796875 ], [ -72.9271381, 43.4827567, 504.59765625 ], [ -72.9267579, 43.4829323, 504.09765625 ], [ -72.9259806, 43.4832066, 503.09765625 ], [ -72.925926, 43.4834003, 498.5 ], [ -72.9260619, 43.4837359, 491.19921875 ], [ -72.926251, 43.4839885, 490.09765625 ], [ -72.9263583, 43.4842329, 489.8984375 ], [ -72.9262707, 43.4844437, 490.09765625 ], [ -72.9259305, 43.4848008, 489.0 ], [ -72.9257709, 43.4850943, 488.19921875 ], [ -72.9257166, 43.4853929, 488.69921875 ], [ -72.9255579, 43.4856984, 488.09765625 ], [ -72.9254262, 43.4860578, 489.59765625 ], [ -72.9253291, 43.4864185, 492.19921875 ], [ -72.9255915, 43.487448, 492.19921875 ], [ -72.9251744, 43.4878233, 491.19921875 ], [ -72.9251705, 43.4880706, 492.8984375 ], [ -72.9251684, 43.4882003, 494.5 ], [ -72.9240239, 43.4901656, 541.8984375 ], [ -72.924154, 43.4903687, 543.59765625 ], [ -72.9244858, 43.4903954, 547.796875 ], [ -72.9247156, 43.4906119, 548.69921875 ], [ -72.9254268, 43.4913036, 549.59765625 ], [ -72.9259096, 43.4924651, 543.5 ], [ -72.9257555, 43.493045, 533.3984375 ], [ -72.9253126, 43.4935906, 521.19921875 ], [ -72.9249446, 43.493823, 513.69921875 ], [ -72.924915, 43.4941376, 506.09765625 ], [ -72.9253593, 43.4943971, 500.796875 ], [ -72.9255581, 43.4947889, 497.0 ], [ -72.9256736, 43.4950164, 497.296875 ], [ -72.9252887, 43.4960129, 494.5 ], [ -72.9254368, 43.4970762, 477.09765625 ], [ -72.9252364, 43.4977806, 473.5 ], [ -72.9252525, 43.49815, 471.59765625 ], [ -72.9246192, 43.4989205, 477.8984375 ], [ -72.9244516, 43.4992141, 479.296875 ], [ -72.9244551, 43.4994994, 477.5 ], [ -72.9264259, 43.5012918, 477.09765625 ], [ -72.9269088, 43.5014793, 475.09765625 ], [ -72.9272766, 43.5021486, 477.19921875 ], [ -72.9270748, 43.5026753, 468.296875 ], [ -72.9266286, 43.5031832, 457.3984375 ], [ -72.9262423, 43.503417, 456.5 ], [ -72.9262307, 43.503625, 456.19921875 ], [ -72.9265408, 43.5037353, 456.3984375 ], [ -72.9267425, 43.5039337, 459.19921875 ], [ -72.9267075, 43.5043443, 464.0 ], [ -72.9268996, 43.5047119, 465.796875 ], [ -72.9269099, 43.5057059, 452.5 ], [ -72.9267776, 43.5061355, 454.3984375 ], [ -72.9270467, 43.5075392, 459.69921875 ], [ -72.9264987, 43.5086892, 450.796875 ], [ -72.9263424, 43.5096211, 443.296875 ], [ -72.926521, 43.5100909, 436.19921875 ], [ -72.9268152, 43.5101833, 433.09765625 ], [ -72.9270631, 43.5103737, 434.296875 ], [ -72.927177, 43.5108286, 434.8984375 ], [ -72.9274598, 43.5110336, 423.0 ], [ -72.9274442, 43.5111951, 424.0 ], [ -72.9273339, 43.511371, 429.3984375 ], [ -72.9272842, 43.5117266, 431.69921875 ], [ -72.9273095, 43.5122541, 423.296875 ], [ -72.9275353, 43.5125131, 409.8984375 ], [ -72.9273301, 43.5126833, 410.796875 ], [ -72.9272698, 43.5128259, 407.09765625 ], [ -72.9270921, 43.5130313, 398.8984375 ], [ -72.9271368, 43.513338, 388.19921875 ], [ -72.9268984, 43.5138623, 373.19921875 ], [ -72.9269605, 43.514216, 365.296875 ], [ -72.926795, 43.5146676, 358.296875 ], [ -72.9264742, 43.5148579, 348.5 ], [ -72.9265315, 43.5158798, 323.796875 ], [ -72.9264705, 43.5166787, 314.59765625 ], [ -72.9263729, 43.5169134, 313.5 ], [ -72.9263095, 43.5171452, 311.8984375 ], [ -72.9262185, 43.5173448, 309.5 ], [ -72.9260485, 43.5175419, 302.3984375 ], [ -72.9259955, 43.5178628, 297.09765625 ], [ -72.9258962, 43.5180338, 294.3984375 ], [ -72.9255762, 43.5182857, 288.59765625 ], [ -72.9254795, 43.518583, 284.59765625 ], [ -72.9254379, 43.5188903, 280.69921875 ], [ -72.9252828, 43.5192869, 273.19921875 ], [ -72.9254139, 43.5195772, 262.796875 ], [ -72.9254532, 43.5198289, 247.8984375 ], [ -72.9253461, 43.5200848, 244.69921875 ], [ -72.9254326, 43.5202646, 247.3984375 ], [ -72.9255156, 43.52047, 257.0 ], [ -72.9254335, 43.5209077, 267.0 ], [ -72.9252441, 43.5210545, 264.296875 ], [ -72.9251589, 43.5211329, 264.296875 ], [ -72.9251218, 43.521199, 265.19921875 ], [ -72.9251432, 43.5212515, 266.5 ], [ -72.9251969, 43.5212748, 266.8984375 ], [ -72.9250459, 43.5213865, 264.3984375 ], [ -72.92501, 43.5214414, 263.69921875 ], [ -72.9249363, 43.5215347, 263.0 ], [ -72.924382, 43.5218857, 266.19921875 ], [ -72.9243663, 43.5219965, 267.09765625 ], [ -72.924457, 43.5222753, 266.59765625 ], [ -72.9243394, 43.5227203, 275.8984375 ], [ -72.9241502, 43.523043, 283.0 ], [ -72.9238174, 43.5232125, 292.09765625 ], [ -72.9237643, 43.5233482, 296.8984375 ], [ -72.923799, 43.5234469, 298.3984375 ], [ -72.9236795, 43.5236265, 305.09765625 ], [ -72.9234066, 43.5238386, 314.19921875 ], [ -72.9231845, 43.5244061, 329.3984375 ], [ -72.9231516, 43.5247978, 344.69921875 ], [ -72.9228871, 43.5249851, 351.8984375 ], [ -72.9228138, 43.5253849, 367.0 ], [ -72.9224138, 43.525806, 389.3984375 ], [ -72.9222377, 43.526273, 403.3984375 ], [ -72.9221126, 43.5262986, 402.296875 ], [ -72.9219804, 43.5262353, 402.0 ], [ -72.9218617, 43.52603, 400.296875 ], [ -72.9219609, 43.5258356, 399.19921875 ], [ -72.9220156, 43.5255888, 401.3984375 ], [ -72.9217483, 43.5254763, 416.09765625 ], [ -72.9212894, 43.5253794, 428.69921875 ], [ -72.921151, 43.5254327, 431.3984375 ], [ -72.9210607, 43.5256022, 430.796875 ], [ -72.920965, 43.5255967, 432.19921875 ], [ -72.9208033, 43.5254686, 438.19921875 ], [ -72.9203812, 43.5252943, 445.19921875 ], [ -72.9200997, 43.5253213, 445.296875 ], [ -72.9200073, 43.5254255, 443.8984375 ], [ -72.9199277, 43.5255254, 442.8984375 ], [ -72.9191691, 43.5256451, 443.5 ], [ -72.9188484, 43.5260616, 439.19921875 ], [ -72.9184884, 43.5262637, 435.19921875 ], [ -72.9182866, 43.5262314, 433.796875 ], [ -72.9180031, 43.5260297, 433.5 ], [ -72.9176043, 43.5259649, 435.5 ], [ -72.917236, 43.52607, 435.296875 ], [ -72.9168956, 43.5260988, 432.8984375 ], [ -72.9165426, 43.5259685, 427.0 ], [ -72.916162, 43.525797, 418.5 ], [ -72.9159314, 43.5256806, 412.69921875 ], [ -72.915716, 43.525762, 412.59765625 ], [ -72.9147383, 43.5256775, 400.796875 ], [ -72.9143631, 43.5253949, 394.59765625 ], [ -72.9138805, 43.5249041, 390.8984375 ], [ -72.9136864, 43.5245172, 384.8984375 ], [ -72.9135112, 43.5243324, 383.5 ], [ -72.91301, 43.5242756, 378.796875 ], [ -72.9129946, 43.5244278, 379.0 ], [ -72.9129394, 43.5245903, 379.0 ], [ -72.9126524, 43.5246241, 379.0 ], [ -72.9123232, 43.5245478, 382.8984375 ], [ -72.9118252, 43.524583, 389.69921875 ], [ -72.9115784, 43.5247224, 395.09765625 ], [ -72.9113876, 43.524821, 399.0 ], [ -72.9111633, 43.5248578, 401.59765625 ], [ -72.9109451, 43.5248001, 403.69921875 ], [ -72.9107758, 43.5247695, 406.296875 ], [ -72.910632, 43.524842, 412.3984375 ], [ -72.910213, 43.5247964, 420.69921875 ], [ -72.9096694, 43.5250474, 436.0 ], [ -72.9094328, 43.5251135, 441.5 ], [ -72.9090425, 43.5252023, 450.0 ], [ -72.908478, 43.52529, 461.09765625 ], [ -72.908216, 43.525351, 465.3984375 ], [ -72.907881, 43.5253546, 470.59765625 ], [ -72.907551, 43.525362, 477.69921875 ], [ -72.9072002, 43.5253836, 486.5 ], [ -72.9068048, 43.5253271, 497.69921875 ], [ -72.906502, 43.525217, 505.296875 ], [ -72.9060749, 43.5252617, 515.3984375 ], [ -72.9059601, 43.525326, 518.3984375 ], [ -72.905963, 43.5252233, 518.8984375 ], [ -72.9059285, 43.5250586, 520.69921875 ], [ -72.9057981, 43.5249594, 524.5 ], [ -72.9056312, 43.5249195, 528.796875 ], [ -72.9054346, 43.5250082, 534.59765625 ], [ -72.9053382, 43.5251953, 538.5 ], [ -72.9051204, 43.5253416, 541.19921875 ], [ -72.9050188, 43.5255726, 539.8984375 ], [ -72.9048465, 43.5258229, 534.796875 ], [ -72.904684, 43.5259271, 531.69921875 ], [ -72.904559, 43.52611, 526.8984375 ], [ -72.904431, 43.5263545, 522.59765625 ], [ -72.904201, 43.5265953, 518.8984375 ], [ -72.9039947, 43.5269152, 515.09765625 ], [ -72.9037703, 43.527095, 513.296875 ], [ -72.9034486, 43.5271635, 512.09765625 ], [ -72.9028148, 43.5271739, 509.3984375 ], [ -72.9025324, 43.5273109, 509.5 ], [ -72.9021281, 43.5274026, 511.296875 ], [ -72.9016631, 43.5274812, 512.5 ], [ -72.9009059, 43.5273857, 510.5 ], [ -72.9004689, 43.5275575, 514.19921875 ], [ -72.9000857, 43.5276601, 517.59765625 ], [ -72.8999364, 43.5277302, 519.296875 ], [ -72.899795, 43.527793, 520.69921875 ], [ -72.8995821, 43.5278334, 522.296875 ], [ -72.8993347, 43.5278943, 523.69921875 ], [ -72.899088, 43.5279147, 524.5 ], [ -72.8987404, 43.5279918, 527.59765625 ], [ -72.8982353, 43.5281262, 531.3984375 ], [ -72.89762, 43.527928, 531.296875 ], [ -72.897289, 43.527907, 532.69921875 ], [ -72.8970078, 43.5278336, 533.8984375 ], [ -72.8965392, 43.5278526, 536.5 ], [ -72.89602, 43.5278056, 536.5 ], [ -72.8951732, 43.5277192, 535.19921875 ], [ -72.8945955, 43.5277801, 535.796875 ], [ -72.8942961, 43.5280303, 538.59765625 ], [ -72.8939119, 43.5281123, 540.09765625 ], [ -72.8935502, 43.5281856, 541.0 ], [ -72.8933305, 43.5283087, 542.19921875 ], [ -72.8927495, 43.5287456, 545.796875 ], [ -72.8923388, 43.5289939, 545.5 ], [ -72.8924176, 43.5292458, 548.796875 ], [ -72.8922801, 43.5295378, 550.296875 ], [ -72.8919388, 43.5297831, 551.5 ], [ -72.8916813, 43.529898, 551.796875 ], [ -72.8914018, 43.5299411, 550.796875 ], [ -72.8911941, 43.5300665, 551.19921875 ], [ -72.8910002, 43.5303496, 551.796875 ], [ -72.8905978, 43.5305245, 548.296875 ], [ -72.8900549, 43.5309414, 551.0 ], [ -72.8898565, 43.531463, 555.0 ], [ -72.8898931, 43.5318967, 561.09765625 ], [ -72.8900033, 43.5321328, 564.69921875 ], [ -72.8899936, 43.5324343, 569.0 ], [ -72.8898121, 43.5324991, 570.69921875 ], [ -72.8894275, 43.5325261, 577.5 ], [ -72.8890139, 43.5323808, 579.09765625 ], [ -72.8887129, 43.5321236, 576.59765625 ], [ -72.8881422, 43.531897, 579.09765625 ], [ -72.8874219, 43.5317796, 579.09765625 ], [ -72.886639, 43.5315223, 576.796875 ], [ -72.8863193, 43.5313188, 573.8984375 ], [ -72.8859778, 43.5312796, 572.5 ], [ -72.8854741, 43.5311686, 572.0 ], [ -72.8850197, 43.5310823, 574.09765625 ], [ -72.8846219, 43.5310571, 571.3984375 ], [ -72.8842639, 43.5310227, 566.296875 ], [ -72.8840695, 43.5308025, 565.19921875 ], [ -72.8837802, 43.5306965, 558.59765625 ], [ -72.8835477, 43.5307408, 553.296875 ], [ -72.8833777, 43.5309057, 546.59765625 ], [ -72.8832195, 43.5310812, 539.3984375 ], [ -72.8829716, 43.531237, 530.296875 ], [ -72.882842, 43.5314052, 526.19921875 ], [ -72.8827465, 43.5315392, 523.3984375 ], [ -72.8824437, 43.531636, 517.0 ], [ -72.8817739, 43.5316809, 505.19921875 ], [ -72.8812504, 43.5318524, 499.69921875 ], [ -72.8806876, 43.5320428, 498.0 ], [ -72.8801947, 43.5321996, 497.296875 ], [ -72.8796405, 43.532353, 493.3984375 ], [ -72.8792368, 43.5324659, 489.8984375 ], [ -72.8786926, 43.532462, 489.09765625 ], [ -72.8783317, 43.5325248, 488.09765625 ], [ -72.8775594, 43.5327695, 487.5 ], [ -72.8770156, 43.5330454, 485.8984375 ], [ -72.8767491, 43.5331628, 485.09765625 ], [ -72.8761795, 43.5332332, 486.5 ], [ -72.8758827, 43.5332294, 486.69921875 ], [ -72.8756251, 43.5330975, 487.5 ], [ -72.8756249, 43.5329369, 488.09765625 ], [ -72.8756142, 43.5326989, 488.59765625 ], [ -72.875428, 43.5326695, 487.3984375 ], [ -72.875029, 43.5328103, 483.296875 ], [ -72.8747115, 43.5329578, 481.0 ], [ -72.8742577, 43.5332073, 479.296875 ], [ -72.8742305, 43.5335406, 477.796875 ], [ -72.8742221, 43.5338052, 475.59765625 ], [ -72.8739932, 43.5340379, 470.59765625 ], [ -72.8737099, 43.5341632, 467.796875 ], [ -72.8736441, 43.534185, 467.0 ], [ -72.873871, 43.534537, 466.19921875 ], [ -72.8740011, 43.5347266, 465.296875 ], [ -72.8733664, 43.53501, 460.59765625 ], [ -72.8732961, 43.5351677, 458.796875 ], [ -72.8732456, 43.5352195, 458.296875 ], [ -72.873162, 43.53523, 458.09765625 ], [ -72.8730494, 43.5352514, 457.796875 ], [ -72.8729339, 43.5352972, 457.09765625 ], [ -72.8728992, 43.5353622, 456.5 ], [ -72.8728965, 43.5354147, 456.09765625 ], [ -72.8728885, 43.5356999, 451.296875 ], [ -72.8726593, 43.5358915, 448.59765625 ], [ -72.8723493, 43.5361887, 444.09765625 ], [ -72.872289, 43.5365831, 440.796875 ], [ -72.8722164, 43.5370109, 437.796875 ], [ -72.8723393, 43.5373088, 432.296875 ], [ -72.872372, 43.537539, 428.09765625 ], [ -72.8723232, 43.5376984, 425.296875 ], [ -72.872242, 43.537763, 423.796875 ], [ -72.872191, 43.537729, 423.796875 ], [ -72.872059, 43.53764, 424.59765625 ], [ -72.871886, 43.537503, 425.0 ], [ -72.871672, 43.537302, 426.5 ], [ -72.8716287, 43.5372593, 426.3984375 ], [ -72.8714079, 43.53705, 426.796875 ], [ -72.8713411, 43.5370939, 427.0 ], [ -72.8712492, 43.5371546, 427.0 ], [ -72.8709215, 43.5373305, 427.796875 ], [ -72.8705145, 43.5377993, 427.59765625 ], [ -72.8702499, 43.5383132, 427.19921875 ], [ -72.8700272, 43.5384804, 428.796875 ], [ -72.869532, 43.5386489, 430.69921875 ], [ -72.8692027, 43.5388978, 431.296875 ], [ -72.8686873, 43.5391013, 431.69921875 ], [ -72.8673657, 43.5393545, 432.0 ], [ -72.8668448, 43.5396112, 433.796875 ], [ -72.8662023, 43.5401547, 437.296875 ], [ -72.8659775, 43.5401459, 439.796875 ], [ -72.8656005, 43.54025, 444.09765625 ], [ -72.8651817, 43.5400989, 453.69921875 ], [ -72.8643137, 43.5400812, 460.796875 ], [ -72.8639428, 43.5401817, 460.09765625 ], [ -72.8636263, 43.5400808, 463.796875 ], [ -72.863009, 43.5401011, 466.0 ], [ -72.8626129, 43.5401005, 468.796875 ], [ -72.8620903, 43.5402325, 469.796875 ], [ -72.8617656, 43.5405527, 465.796875 ], [ -72.8614908, 43.540681, 467.796875 ], [ -72.8612189, 43.5406468, 473.59765625 ], [ -72.8609158, 43.540537, 476.3984375 ], [ -72.8603121, 43.5404802, 476.59765625 ], [ -72.8598312, 43.5405546, 476.0 ], [ -72.8593589, 43.540591, 474.69921875 ], [ -72.8590653, 43.5407183, 469.796875 ], [ -72.8590125, 43.5408697, 462.5 ], [ -72.8591129, 43.5409531, 459.09765625 ], [ -72.8594178, 43.5409956, 457.296875 ], [ -72.8596176, 43.5410803, 455.69921875 ], [ -72.8593487, 43.5413761, 451.5 ], [ -72.858909, 43.5417886, 452.8984375 ], [ -72.858498, 43.5419925, 454.19921875 ], [ -72.8580594, 43.5420449, 457.5 ], [ -72.8577338, 43.5422512, 459.19921875 ], [ -72.8572772, 43.5424352, 465.0 ], [ -72.8571703, 43.5425475, 466.69921875 ], [ -72.8571184, 43.5426191, 468.19921875 ], [ -72.8569841, 43.5425911, 472.09765625 ], [ -72.856854, 43.5424962, 472.5 ], [ -72.8567677, 43.5425368, 474.296875 ], [ -72.8566818, 43.542713, 477.5 ], [ -72.8564604, 43.5429277, 479.8984375 ], [ -72.8562601, 43.5431114, 481.3984375 ], [ -72.8560465, 43.5434059, 479.796875 ], [ -72.8557961, 43.5440809, 475.0 ], [ -72.8559274, 43.5443372, 472.8984375 ], [ -72.8561237, 43.5451412, 471.8984375 ], [ -72.8562698, 43.5455572, 471.69921875 ], [ -72.8557238, 43.5462519, 478.59765625 ], [ -72.8558332, 43.5466005, 479.296875 ], [ -72.8562721, 43.5468228, 476.8984375 ], [ -72.8567068, 43.5470944, 475.8984375 ], [ -72.8569621, 43.5473277, 475.8984375 ], [ -72.8568126, 43.5477776, 480.296875 ], [ -72.8566962, 43.5482491, 484.59765625 ], [ -72.8568868, 43.5485716, 486.8984375 ], [ -72.8570608, 43.5492155, 490.09765625 ], [ -72.857082, 43.5497622, 492.69921875 ], [ -72.8569342, 43.5501922, 494.19921875 ], [ -72.8568079, 43.5504023, 495.5 ], [ -72.8567635, 43.5505152, 496.09765625 ], [ -72.8567498, 43.5507338, 496.3984375 ], [ -72.8567379, 43.5509964, 496.69921875 ], [ -72.8564803, 43.5512637, 497.69921875 ], [ -72.8564291, 43.5519471, 498.3984375 ], [ -72.8564732, 43.5525284, 500.09765625 ], [ -72.8563892, 43.5527801, 501.0 ], [ -72.8561722, 43.5529402, 501.796875 ], [ -72.8558348, 43.5529428, 503.0 ], [ -72.8556746, 43.5530455, 503.59765625 ], [ -72.8555868, 43.5534828, 505.796875 ], [ -72.8554162, 43.5537225, 507.3984375 ], [ -72.8553388, 43.5539378, 507.796875 ], [ -72.8551521, 43.554072, 509.0 ], [ -72.8548164, 43.5541392, 511.59765625 ], [ -72.854394, 43.554228, 517.8984375 ], [ -72.8543403, 43.554446, 520.0 ], [ -72.8544466, 43.5545759, 517.8984375 ], [ -72.8543739, 43.5547807, 520.09765625 ], [ -72.8542663, 43.5551849, 522.3984375 ], [ -72.8540008, 43.5557228, 525.69921875 ], [ -72.8537439, 43.5562318, 524.5 ], [ -72.8536002, 43.5563033, 525.69921875 ], [ -72.853173, 43.5563747, 533.19921875 ], [ -72.8529477, 43.5565027, 534.0 ], [ -72.8529826, 43.5567312, 529.09765625 ], [ -72.852944, 43.5568587, 528.0 ], [ -72.852704, 43.5570654, 528.3984375 ], [ -72.85264, 43.557221, 528.19921875 ], [ -72.8527694, 43.5572332, 527.5 ], [ -72.8527958, 43.5572351, 527.3984375 ], [ -72.852852, 43.557237, 527.19921875 ], [ -72.852929, 43.557231, 527.0 ], [ -72.852985, 43.557224, 526.69921875 ], [ -72.853073, 43.557212, 526.5 ], [ -72.8532344, 43.5571833, 526.3984375 ], [ -72.853693, 43.557066, 527.3984375 ], [ -72.853833, 43.557044, 528.0 ], [ -72.853905, 43.557041, 528.5 ], [ -72.854131, 43.557042, 529.19921875 ], [ -72.854422, 43.557059, 531.5 ], [ -72.854566, 43.557077, 532.3984375 ], [ -72.85478, 43.557121, 533.296875 ], [ -72.8551287, 43.557217, 534.5 ], [ -72.8550599, 43.5572874, 535.59765625 ], [ -72.8548866, 43.5572921, 535.796875 ], [ -72.8546231, 43.5572622, 535.59765625 ], [ -72.8543083, 43.5573089, 536.296875 ], [ -72.8540697, 43.5574236, 538.0 ], [ -72.8539579, 43.5576066, 542.69921875 ], [ -72.8538308, 43.5577987, 545.796875 ], [ -72.8536683, 43.557964, 547.5 ], [ -72.853415, 43.5580933, 548.09765625 ], [ -72.8532425, 43.5582028, 548.09765625 ], [ -72.8531886, 43.5583906, 550.3984375 ], [ -72.8531521, 43.5588321, 555.796875 ], [ -72.8529433, 43.5590558, 555.0 ], [ -72.8526824, 43.559444, 556.5 ], [ -72.8524603, 43.5598836, 561.8984375 ], [ -72.8522391, 43.5603292, 564.5 ], [ -72.8520065, 43.5609354, 564.796875 ], [ -72.8520223, 43.5615027, 566.0 ], [ -72.8520475, 43.5619913, 567.796875 ], [ -72.8520828, 43.5623657, 571.0 ], [ -72.8517876, 43.5626952, 568.796875 ], [ -72.8517626, 43.5630491, 572.69921875 ], [ -72.8516623, 43.5632475, 574.59765625 ], [ -72.8514805, 43.5633006, 571.09765625 ], [ -72.8512502, 43.5635301, 569.796875 ], [ -72.8510693, 43.5638629, 571.5 ], [ -72.8509148, 43.5639038, 569.3984375 ], [ -72.8505492, 43.564146, 569.59765625 ], [ -72.8500844, 43.56434, 570.8984375 ], [ -72.849979, 43.5644797, 573.19921875 ], [ -72.8500156, 43.564587, 575.296875 ], [ -72.849886, 43.5646284, 575.796875 ], [ -72.8496938, 43.5646253, 575.5 ], [ -72.8494425, 43.5647498, 576.0 ], [ -72.8492145, 43.5648196, 578.0 ], [ -72.8490049, 43.564835, 579.19921875 ], [ -72.8488539, 43.5648215, 580.09765625 ], [ -72.8487224, 43.5648025, 580.5 ], [ -72.84831, 43.5647182, 580.5 ], [ -72.8478618, 43.564775, 581.3984375 ], [ -72.847568, 43.5648743, 582.09765625 ], [ -72.8473203, 43.5649787, 584.59765625 ], [ -72.847154, 43.5650488, 586.296875 ], [ -72.8469152, 43.565137, 587.8984375 ], [ -72.8466307, 43.5652922, 589.296875 ], [ -72.8464382, 43.5654115, 591.69921875 ], [ -72.8463079, 43.5655223, 593.69921875 ], [ -72.8462018, 43.5656154, 595.09765625 ], [ -72.8460603, 43.5657036, 596.09765625 ], [ -72.8459134, 43.565747, 597.0 ], [ -72.8456976, 43.5657978, 598.69921875 ], [ -72.8454701, 43.5658498, 600.09765625 ], [ -72.8452159, 43.5659159, 601.0 ], [ -72.8450119, 43.5660007, 602.5 ], [ -72.844462, 43.5662471, 607.0 ], [ -72.8436018, 43.5666091, 615.69921875 ], [ -72.843376, 43.5666963, 618.3984375 ], [ -72.8432642, 43.5667287, 618.796875 ], [ -72.843119, 43.5668262, 620.796875 ], [ -72.8428925, 43.5669083, 622.296875 ], [ -72.8428453, 43.5669277, 622.69921875 ], [ -72.8426511, 43.5670748, 626.19921875 ], [ -72.8424587, 43.5672283, 629.09765625 ], [ -72.8422962, 43.5673248, 631.0 ], [ -72.8421814, 43.5674103, 632.8984375 ], [ -72.8421328, 43.5674876, 634.59765625 ], [ -72.8420943, 43.5676096, 637.296875 ], [ -72.8420134, 43.5677034, 639.296875 ], [ -72.8415938, 43.5679841, 645.09765625 ], [ -72.8413515, 43.568167, 647.59765625 ], [ -72.8413263, 43.5682287, 648.59765625 ], [ -72.8413197, 43.5682543, 648.8984375 ], [ -72.8411996, 43.5683197, 649.59765625 ], [ -72.8411714, 43.5683575, 650.0 ], [ -72.8409803, 43.5684418, 650.5 ], [ -72.840492, 43.568703, 656.09765625 ], [ -72.8402843, 43.5686706, 656.0 ], [ -72.8401502, 43.5687062, 657.5 ], [ -72.8399428, 43.5689041, 663.3984375 ], [ -72.8398703, 43.5690842, 668.296875 ], [ -72.8398673, 43.5693221, 674.5 ], [ -72.8396499, 43.5695011, 680.296875 ], [ -72.8394781, 43.5696197, 683.8984375 ], [ -72.8392361, 43.5697486, 686.796875 ], [ -72.8388781, 43.569969, 692.5 ], [ -72.8384317, 43.5702931, 700.0 ], [ -72.8381204, 43.5703512, 700.296875 ], [ -72.8379978, 43.570591, 705.296875 ], [ -72.8377417, 43.5708077, 708.59765625 ], [ -72.8374997, 43.5710847, 714.09765625 ], [ -72.8372415, 43.571401, 722.0 ], [ -72.8372036, 43.5716524, 728.0 ], [ -72.8371836, 43.5718418, 730.796875 ], [ -72.8371458, 43.5721718, 733.3984375 ], [ -72.8370697, 43.5723642, 734.8984375 ], [ -72.8369872, 43.5725529, 737.296875 ], [ -72.8368109, 43.5728755, 741.3984375 ], [ -72.8367701, 43.5732004, 746.59765625 ], [ -72.8366872, 43.5734439, 748.8984375 ], [ -72.8365898, 43.5737811, 752.59765625 ], [ -72.8364927, 43.5741228, 756.19921875 ], [ -72.8363558, 43.574363, 757.296875 ], [ -72.8363058, 43.5747771, 761.8984375 ], [ -72.8362119, 43.5750019, 762.8984375 ], [ -72.8362888, 43.5751803, 765.796875 ], [ -72.8362221, 43.5753926, 765.796875 ], [ -72.8361258, 43.5757204, 764.59765625 ], [ -72.836084, 43.5759673, 767.0 ], [ -72.8357694, 43.5762048, 769.09765625 ], [ -72.8354473, 43.5766203, 773.5 ], [ -72.8352423, 43.5767622, 775.0 ], [ -72.835015, 43.5769039, 775.8984375 ], [ -72.8349796, 43.5770661, 776.09765625 ], [ -72.8346311, 43.5772056, 778.69921875 ], [ -72.8341606, 43.5774536, 781.3984375 ], [ -72.8341697, 43.5775859, 781.796875 ], [ -72.8342051, 43.5778314, 783.19921875 ], [ -72.8341511, 43.5779902, 784.296875 ], [ -72.8338067, 43.578201, 787.59765625 ], [ -72.8335029, 43.5783449, 791.3984375 ], [ -72.8330869, 43.5784302, 796.0 ], [ -72.8329063, 43.5785616, 799.19921875 ], [ -72.8326076, 43.5787493, 804.19921875 ], [ -72.8323233, 43.5789557, 807.59765625 ], [ -72.8319107, 43.5791746, 811.796875 ], [ -72.8318442, 43.5793949, 815.09765625 ], [ -72.8315652, 43.5794943, 819.5 ], [ -72.8313097, 43.5796805, 824.59765625 ], [ -72.8310151, 43.5798579, 829.296875 ], [ -72.8308009, 43.5800886, 835.59765625 ], [ -72.8306027, 43.5802277, 840.3984375 ], [ -72.8303826, 43.5803761, 846.09765625 ], [ -72.8301335, 43.5804218, 849.09765625 ], [ -72.8298588, 43.5804476, 851.3984375 ], [ -72.8296162, 43.5805585, 855.8984375 ], [ -72.8294197, 43.5806773, 860.796875 ], [ -72.8291381, 43.5807921, 865.5 ], [ -72.8290598, 43.5809016, 868.59765625 ], [ -72.8290002, 43.5810636, 873.09765625 ], [ -72.8288629, 43.5811795, 877.0 ], [ -72.8287059, 43.5812783, 879.796875 ], [ -72.8285109, 43.5813545, 881.19921875 ], [ -72.8283685, 43.5814957, 884.3984375 ], [ -72.8282455, 43.5816633, 888.0 ], [ -72.8281427, 43.5818328, 892.0 ], [ -72.827956, 43.58192, 894.0 ], [ -72.827771, 43.5819535, 894.09765625 ], [ -72.8275307, 43.5819973, 894.3984375 ], [ -72.8273921, 43.5820644, 895.796875 ], [ -72.8270729, 43.5822521, 901.69921875 ], [ -72.8268361, 43.5824523, 908.3984375 ], [ -72.8266493, 43.5825614, 912.09765625 ], [ -72.8264718, 43.5826726, 916.19921875 ], [ -72.8263358, 43.5827516, 918.796875 ], [ -72.8261373, 43.5828762, 922.796875 ], [ -72.8259695, 43.5830404, 927.59765625 ], [ -72.8256067, 43.5831513, 929.59765625 ], [ -72.8250945, 43.5833558, 932.296875 ], [ -72.8249834, 43.5834592, 934.296875 ], [ -72.8249417, 43.5835918, 938.5 ], [ -72.8247902, 43.5837569, 943.09765625 ], [ -72.8246807, 43.5839205, 946.8984375 ], [ -72.8244535, 43.5840943, 948.8984375 ], [ -72.8242744, 43.5842819, 951.09765625 ], [ -72.8242152, 43.5844589, 955.3984375 ], [ -72.8241003, 43.5846474, 958.19921875 ], [ -72.82403, 43.5849373, 964.0 ], [ -72.8239233, 43.5851654, 967.3984375 ], [ -72.8238731, 43.5853342, 969.69921875 ], [ -72.823767, 43.5855161, 972.5 ], [ -72.8236625, 43.5856839, 974.0 ], [ -72.8235507, 43.5858521, 977.19921875 ], [ -72.8234005, 43.5859815, 978.0 ], [ -72.8231533, 43.5861962, 983.796875 ], [ -72.8228588, 43.5865243, 995.296875 ], [ -72.8227029, 43.586732, 1003.5 ], [ -72.8225865, 43.5868507, 1008.5 ], [ -72.8220963, 43.5870832, 1018.3984375 ], [ -72.8216101, 43.5872526, 1025.59765625 ], [ -72.8209101, 43.5874308, 1032.69921875 ], [ -72.8203986, 43.5876024, 1038.09765625 ], [ -72.8201683, 43.5876671, 1040.09765625 ], [ -72.8198986, 43.5877587, 1043.09765625 ], [ -72.8195281, 43.5878689, 1044.796875 ], [ -72.8192479, 43.5880684, 1052.0 ], [ -72.8188146, 43.5882643, 1054.09765625 ], [ -72.8181683, 43.5885703, 1057.19921875 ], [ -72.8178169, 43.5888205, 1063.09765625 ], [ -72.8175979, 43.5889352, 1063.19921875 ], [ -72.8175135, 43.5890692, 1066.8984375 ], [ -72.8173809, 43.5891386, 1066.8984375 ], [ -72.8172786, 43.589334, 1071.5 ], [ -72.8172358, 43.589479, 1072.296875 ], [ -72.8174121, 43.5895074, 1076.296875 ], [ -72.8176631, 43.5895208, 1081.8984375 ], [ -72.8178089, 43.5894588, 1084.69921875 ], [ -72.8179959, 43.5892986, 1087.59765625 ], [ -72.8181531, 43.5894145, 1091.09765625 ], [ -72.8182283, 43.5894953, 1092.796875 ], [ -72.8183957, 43.5895414, 1096.5 ], [ -72.8188613, 43.5895714, 1106.5 ], [ -72.8190076, 43.5894924, 1109.5 ], [ -72.8192145, 43.5893293, 1112.69921875 ], [ -72.8194487, 43.5893189, 1116.19921875 ], [ -72.8197788, 43.5893361, 1120.8984375 ], [ -72.8201705, 43.5894413, 1126.296875 ], [ -72.8203092, 43.5896056, 1130.59765625 ], [ -72.8203131, 43.5897628, 1132.8984375 ], [ -72.8202691, 43.5899456, 1133.8984375 ], [ -72.8202804, 43.5900964, 1134.09765625 ], [ -72.8204713, 43.590195, 1139.3984375 ], [ -72.8206208, 43.5902809, 1142.69921875 ], [ -72.8206217, 43.5905517, 1141.0 ], [ -72.8206624, 43.5907555, 1138.8984375 ], [ -72.8207706, 43.5907989, 1140.59765625 ], [ -72.8209023, 43.5907891, 1143.59765625 ], [ -72.8211771, 43.5907754, 1148.796875 ], [ -72.8214321, 43.5908837, 1149.19921875 ], [ -72.8217147, 43.5908985, 1152.69921875 ], [ -72.8220908, 43.5909078, 1158.0 ], [ -72.8222457, 43.5909741, 1160.09765625 ], [ -72.8223519, 43.5911942, 1156.3984375 ], [ -72.8226409, 43.5913486, 1158.59765625 ], [ -72.8228526, 43.5916322, 1159.59765625 ], [ -72.8229426, 43.5920741, 1158.19921875 ], [ -72.823031, 43.5925763, 1156.0 ], [ -72.8231229, 43.592771, 1156.296875 ], [ -72.8233465, 43.5929678, 1157.796875 ], [ -72.8234875, 43.5932468, 1156.796875 ], [ -72.8236045, 43.593519, 1155.59765625 ], [ -72.8237146, 43.5937382, 1154.3984375 ], [ -72.8236187, 43.5939772, 1152.296875 ], [ -72.8234983, 43.5942207, 1149.796875 ], [ -72.8233211, 43.5944005, 1148.0 ], [ -72.8232811, 43.5946404, 1145.59765625 ], [ -72.8232073, 43.5948387, 1143.69921875 ], [ -72.8232025, 43.5950013, 1142.69921875 ], [ -72.8231587, 43.5951293, 1142.296875 ], [ -72.8230192, 43.5951868, 1143.296875 ], [ -72.8226582, 43.595278, 1145.796875 ], [ -72.8224352, 43.5954353, 1147.5 ], [ -72.8222339, 43.595634, 1149.69921875 ], [ -72.8221896, 43.595807, 1150.296875 ], [ -72.8220386, 43.595937, 1151.8984375 ], [ -72.8219002, 43.5960821, 1153.8984375 ], [ -72.821812, 43.5964106, 1156.0 ], [ -72.8218099, 43.5967361, 1156.5 ], [ -72.8217883, 43.5969093, 1155.8984375 ], [ -72.8216265, 43.5969816, 1157.09765625 ], [ -72.8212072, 43.5971214, 1161.5 ], [ -72.8210636, 43.5973557, 1162.3984375 ], [ -72.8211645, 43.597698, 1163.8984375 ], [ -72.821247, 43.5979304, 1164.69921875 ], [ -72.8212948, 43.5981107, 1166.59765625 ], [ -72.8215796, 43.5988917, 1173.09765625 ], [ -72.8218276, 43.5994808, 1173.09765625 ], [ -72.822053, 43.5997521, 1173.5 ], [ -72.8222448, 43.5998936, 1176.3984375 ], [ -72.8223619, 43.6000234, 1178.296875 ], [ -72.8223643, 43.6001719, 1180.59765625 ], [ -72.8223497, 43.6002764, 1182.796875 ], [ -72.822084, 43.6004921, 1187.796875 ], [ -72.821926, 43.6007311, 1193.69921875 ], [ -72.8219549, 43.6010026, 1199.5 ], [ -72.8219155, 43.6013398, 1206.3984375 ], [ -72.8219545, 43.6015161, 1210.796875 ], [ -72.8221969, 43.6017098, 1212.3984375 ], [ -72.8224064, 43.6019103, 1213.8984375 ], [ -72.8225858, 43.6019611, 1212.796875 ], [ -72.8227417, 43.6019996, 1211.796875 ], [ -72.8229032, 43.6021107, 1210.296875 ], [ -72.823007, 43.6022755, 1209.3984375 ], [ -72.823057, 43.6024396, 1208.59765625 ], [ -72.823151, 43.6027628, 1205.3984375 ], [ -72.8231967, 43.603149, 1199.5 ], [ -72.8231373, 43.6035394, 1195.8984375 ], [ -72.823058, 43.6039321, 1192.8984375 ], [ -72.8228663, 43.6042081, 1195.3984375 ], [ -72.8226137, 43.6046637, 1199.296875 ], [ -72.8225971, 43.6051126, 1195.69921875 ], [ -72.8226211, 43.6053301, 1193.19921875 ], [ -72.8226319, 43.6053864, 1192.3984375 ], [ -72.8226051, 43.6054699, 1192.0 ], [ -72.8223825, 43.6057399, 1193.296875 ], [ -72.8223154, 43.6058448, 1192.8984375 ], [ -72.8224261, 43.6059571, 1189.19921875 ], [ -72.8224495, 43.6059827, 1188.59765625 ], [ -72.8224924, 43.6059885, 1187.8984375 ], [ -72.8225407, 43.6059885, 1187.3984375 ], [ -72.8226175, 43.6059653, 1186.69921875 ], [ -72.82267, 43.6059641, 1186.296875 ], [ -72.8227231, 43.6059633, 1185.69921875 ], [ -72.8227848, 43.6059846, 1184.8984375 ], [ -72.8228162, 43.6060263, 1183.8984375 ], [ -72.8228233, 43.6060741, 1183.3984375 ], [ -72.8229085, 43.6061367, 1181.5 ], [ -72.8231565, 43.6062171, 1177.296875 ], [ -72.8233032, 43.6064059, 1173.09765625 ], [ -72.8234567, 43.6064816, 1170.296875 ], [ -72.8237263, 43.6066104, 1165.3984375 ], [ -72.8239555, 43.6067492, 1159.8984375 ], [ -72.8241256, 43.6069149, 1155.0 ], [ -72.8240066, 43.6073632, 1148.69921875 ], [ -72.8239405, 43.6075495, 1144.69921875 ], [ -72.8237781, 43.6077674, 1141.19921875 ], [ -72.823587, 43.6083457, 1127.69921875 ], [ -72.8234708, 43.6086075, 1120.796875 ], [ -72.8234868, 43.6086901, 1118.19921875 ], [ -72.8236419, 43.6087249, 1115.59765625 ], [ -72.8238453, 43.6087007, 1113.5 ], [ -72.8239786, 43.6087372, 1110.3984375 ], [ -72.823969, 43.6088081, 1108.19921875 ], [ -72.823992, 43.6089501, 1103.3984375 ], [ -72.8239558, 43.6091108, 1098.19921875 ], [ -72.8238964, 43.6092929, 1092.3984375 ], [ -72.8237321, 43.6094479, 1089.0 ], [ -72.8234955, 43.6095787, 1086.69921875 ], [ -72.8232472, 43.6097022, 1086.69921875 ], [ -72.8229622, 43.6097759, 1088.0 ], [ -72.8225765, 43.6098344, 1092.3984375 ], [ -72.8222974, 43.6100634, 1089.69921875 ], [ -72.8220774, 43.6103272, 1084.8984375 ], [ -72.8216883, 43.6106241, 1082.09765625 ], [ -72.8213564, 43.6109661, 1078.5 ], [ -72.8209875, 43.611372, 1076.796875 ], [ -72.8208315, 43.6117291, 1074.09765625 ], [ -72.8207876, 43.6120911, 1070.59765625 ], [ -72.8205854, 43.6124185, 1070.69921875 ], [ -72.8204333, 43.612795, 1069.3984375 ], [ -72.8204988, 43.6131052, 1066.296875 ], [ -72.8206671, 43.6132901, 1061.796875 ], [ -72.8207994, 43.6135159, 1057.5 ], [ -72.8209403, 43.6138414, 1054.3984375 ], [ -72.8209266, 43.6140337, 1055.296875 ], [ -72.8208671, 43.6142019, 1060.59765625 ], [ -72.8208632, 43.6143998, 1064.8984375 ], [ -72.8208998, 43.6146715, 1068.3984375 ], [ -72.8210347, 43.6148661, 1068.19921875 ], [ -72.8211535, 43.615115, 1069.796875 ], [ -72.8212341, 43.6153627, 1072.3984375 ], [ -72.8213008, 43.6155903, 1073.796875 ], [ -72.8212421, 43.6159171, 1077.8984375 ], [ -72.8211174, 43.6163978, 1080.59765625 ], [ -72.8209528, 43.6167698, 1075.19921875 ], [ -72.8208055, 43.6170279, 1069.0 ], [ -72.8205394, 43.6172379, 1066.09765625 ], [ -72.8203789, 43.6175077, 1060.796875 ], [ -72.8204256, 43.6176966, 1055.3984375 ], [ -72.82045, 43.6179877, 1048.19921875 ], [ -72.820493, 43.6183204, 1039.0 ], [ -72.8206401, 43.6185261, 1032.296875 ], [ -72.8206655, 43.6189609, 1029.796875 ], [ -72.8208155, 43.6191082, 1031.69921875 ], [ -72.8211915, 43.6192792, 1033.19921875 ], [ -72.8215909, 43.6194217, 1028.69921875 ], [ -72.8217718, 43.619584, 1026.3984375 ], [ -72.8218975, 43.619747, 1023.796875 ], [ -72.8218823, 43.6199861, 1023.59765625 ], [ -72.8217369, 43.6202141, 1024.59765625 ], [ -72.821477, 43.6203788, 1027.8984375 ], [ -72.8212316, 43.6206095, 1028.796875 ], [ -72.8212435, 43.6207008, 1027.59765625 ], [ -72.8213882, 43.620749, 1026.59765625 ], [ -72.821608, 43.62073, 1024.5 ], [ -72.8218086, 43.6207971, 1025.0 ], [ -72.8220024, 43.6208843, 1025.69921875 ], [ -72.822363, 43.621028, 1025.69921875 ], [ -72.8226671, 43.6211818, 1024.0 ], [ -72.8229346, 43.6213642, 1021.59765625 ], [ -72.8230336, 43.6216199, 1023.19921875 ], [ -72.8231325, 43.6218852, 1027.0 ], [ -72.8232315, 43.6220397, 1028.8984375 ], [ -72.8234488, 43.6222121, 1029.296875 ], [ -72.8238521, 43.6225324, 1031.796875 ], [ -72.8241372, 43.6226668, 1030.3984375 ], [ -72.8247437, 43.6229779, 1029.59765625 ], [ -72.8250383, 43.6231487, 1030.296875 ], [ -72.825464, 43.6232938, 1027.59765625 ], [ -72.8257227, 43.623422, 1025.3984375 ], [ -72.8259318, 43.6236063, 1024.3984375 ], [ -72.8261306, 43.6238387, 1024.59765625 ], [ -72.8261343, 43.6241363, 1028.19921875 ], [ -72.8262397, 43.6243692, 1028.3984375 ], [ -72.8262866, 43.6247153, 1028.59765625 ], [ -72.8263058, 43.6250682, 1028.69921875 ], [ -72.8262118, 43.6254011, 1030.8984375 ], [ -72.8261606, 43.6256416, 1032.09765625 ], [ -72.8263209, 43.6260118, 1031.59765625 ], [ -72.8265984, 43.6264744, 1031.59765625 ], [ -72.8266735, 43.6267279, 1028.3984375 ], [ -72.826646, 43.6269175, 1026.59765625 ], [ -72.8265644, 43.6272063, 1026.09765625 ], [ -72.8264421, 43.6273952, 1028.69921875 ], [ -72.8262603, 43.6276805, 1033.296875 ], [ -72.8261868, 43.6278914, 1036.296875 ], [ -72.8262754, 43.6280996, 1035.0 ], [ -72.8263535, 43.6283814, 1036.5 ], [ -72.826558, 43.6288673, 1038.0 ], [ -72.8267276, 43.629151, 1038.5 ], [ -72.8268839, 43.6292704, 1036.8984375 ], [ -72.8271808, 43.6294573, 1032.19921875 ], [ -72.8272671, 43.6295514, 1031.59765625 ], [ -72.8274794, 43.6298511, 1032.3984375 ], [ -72.8276882, 43.630153, 1033.796875 ], [ -72.8277626, 43.6304821, 1040.3984375 ], [ -72.8280314, 43.6308111, 1042.09765625 ], [ -72.8284342, 43.6312179, 1043.0 ], [ -72.8288262, 43.6315202, 1042.69921875 ], [ -72.8292783, 43.6318078, 1041.3984375 ], [ -72.8295692, 43.6320901, 1041.296875 ], [ -72.829848, 43.6325698, 1043.296875 ], [ -72.8298755, 43.6333418, 1049.5 ], [ -72.8299956, 43.6335757, 1050.0 ], [ -72.8302081, 43.6336519, 1050.19921875 ], [ -72.8303643, 43.6337837, 1051.19921875 ], [ -72.8304882, 43.6340393, 1054.296875 ], [ -72.8307184, 43.6342024, 1056.0 ], [ -72.8313136, 43.6343757, 1057.8984375 ], [ -72.8322762, 43.6347566, 1060.59765625 ], [ -72.8328285, 43.6350477, 1061.796875 ], [ -72.8332887, 43.635466, 1063.8984375 ], [ -72.8333912, 43.6356362, 1066.0 ], [ -72.8340313, 43.6362296, 1070.0 ], [ -72.8345439, 43.6367573, 1079.19921875 ], [ -72.835015, 43.6369291, 1081.0 ], [ -72.8354484, 43.6370137, 1081.296875 ], [ -72.8356963, 43.6370898, 1083.19921875 ], [ -72.836046, 43.637088, 1083.296875 ], [ -72.8363135, 43.6371065, 1084.09765625 ], [ -72.8365961, 43.6370796, 1082.09765625 ], [ -72.8367553, 43.6370013, 1078.59765625 ], [ -72.8371572, 43.6368745, 1072.59765625 ], [ -72.8377878, 43.6367189, 1064.296875 ], [ -72.8382168, 43.6367084, 1061.8984375 ], [ -72.8386811, 43.6366099, 1052.296875 ], [ -72.8393166, 43.6365656, 1044.19921875 ], [ -72.8397827, 43.6365922, 1041.59765625 ], [ -72.8400724, 43.6366941, 1043.296875 ], [ -72.8404536, 43.6368389, 1044.796875 ], [ -72.8407919, 43.6369772, 1045.69921875 ], [ -72.8411925, 43.637256, 1048.09765625 ], [ -72.8414914, 43.6374875, 1049.796875 ], [ -72.8417917, 43.6375228, 1047.0 ], [ -72.842073, 43.6375777, 1044.69921875 ], [ -72.8422985, 43.6376744, 1043.09765625 ], [ -72.8424216, 43.6376481, 1041.19921875 ], [ -72.8426983, 43.6375193, 1035.0 ], [ -72.8428413, 43.6374923, 1032.296875 ], [ -72.8430271, 43.6375453, 1030.19921875 ], [ -72.8432211, 43.6376184, 1028.3984375 ], [ -72.8436589, 43.6377474, 1023.0 ], [ -72.8439565, 43.6378756, 1019.59765625 ], [ -72.8442102, 43.6380245, 1016.19921875 ], [ -72.8442967, 43.6383816, 1012.8984375 ], [ -72.8444684, 43.6386617, 1006.8984375 ], [ -72.8446745, 43.6388435, 1001.5 ], [ -72.8447861, 43.6390331, 996.69921875 ], [ -72.8449571, 43.6390426, 993.5 ], [ -72.8452314, 43.6390753, 988.09765625 ], [ -72.8454029, 43.6391661, 983.296875 ], [ -72.8455314, 43.6392785, 978.8984375 ], [ -72.8456588, 43.6394318, 973.796875 ], [ -72.8457533, 43.6396265, 968.3984375 ], [ -72.8457567, 43.6398505, 965.0 ], [ -72.8456833, 43.6402964, 960.296875 ], [ -72.8455779, 43.6408724, 954.8984375 ], [ -72.8456052, 43.6415679, 946.0 ], [ -72.8456292, 43.641694, 943.796875 ], [ -72.845679, 43.6417594, 941.5 ], [ -72.845774, 43.6417164, 939.796875 ], [ -72.8458775, 43.6416781, 937.59765625 ], [ -72.8460307, 43.6415441, 935.19921875 ], [ -72.8461268, 43.6415001, 933.0 ], [ -72.8462602, 43.6414525, 930.09765625 ], [ -72.8463284, 43.6415193, 926.796875 ], [ -72.8463977, 43.6417812, 920.09765625 ], [ -72.8463768, 43.6420991, 918.19921875 ], [ -72.8464373, 43.6422928, 915.8984375 ], [ -72.8468182, 43.6428007, 905.8984375 ], [ -72.8473786, 43.6434702, 896.69921875 ], [ -72.8478041, 43.6437339, 892.5 ], [ -72.8482642, 43.6440157, 889.0 ], [ -72.8485205, 43.6444025, 888.59765625 ], [ -72.8487519, 43.6445436, 887.59765625 ], [ -72.8489917, 43.6445824, 886.8984375 ], [ -72.849411, 43.6446395, 883.296875 ], [ -72.8496583, 43.6446647, 875.59765625 ], [ -72.8498159, 43.6447568, 871.69921875 ], [ -72.8499752, 43.6449558, 867.69921875 ], [ -72.8501045, 43.6450552, 864.0 ], [ -72.8501222, 43.6452795, 862.5 ], [ -72.8500865, 43.6454127, 862.09765625 ], [ -72.8501308, 43.6454462, 860.3984375 ], [ -72.8502246, 43.6454464, 858.5 ], [ -72.8503095, 43.6454359, 856.69921875 ], [ -72.8505149, 43.6453518, 852.3984375 ], [ -72.8506895, 43.6452974, 848.296875 ], [ -72.8507844, 43.6453214, 846.19921875 ], [ -72.8508282, 43.6453998, 845.09765625 ], [ -72.8509137, 43.6457365, 840.09765625 ], [ -72.8509939, 43.6458948, 836.19921875 ], [ -72.8510695, 43.6459253, 834.3984375 ], [ -72.8512123, 43.6458473, 833.0 ], [ -72.8513003, 43.6458514, 831.0 ], [ -72.8514808, 43.6458726, 825.8984375 ], [ -72.8516657, 43.6458547, 820.69921875 ], [ -72.8520731, 43.6457132, 815.0 ], [ -72.8523836, 43.6456344, 810.796875 ], [ -72.8525654, 43.6456414, 807.5 ], [ -72.8526713, 43.6457595, 804.09765625 ], [ -72.8527295, 43.6459795, 798.69921875 ], [ -72.8527909, 43.6461764, 793.19921875 ], [ -72.8528046, 43.6462073, 792.3984375 ], [ -72.852883, 43.6463843, 786.69921875 ], [ -72.852914, 43.6468998, 776.796875 ], [ -72.8529852, 43.6470264, 773.59765625 ], [ -72.8531024, 43.6472349, 770.09765625 ], [ -72.8534202, 43.6473866, 762.19921875 ], [ -72.8535367, 43.6475106, 759.09765625 ], [ -72.8535426, 43.6477241, 758.796875 ], [ -72.853776, 43.6478798, 757.796875 ], [ -72.85402, 43.6480919, 756.5 ], [ -72.8540618, 43.6481282, 756.19921875 ], [ -72.8545186, 43.6484336, 749.69921875 ], [ -72.8548947, 43.6486906, 739.8984375 ], [ -72.8550105, 43.6487199, 735.59765625 ], [ -72.8550693, 43.6486649, 733.09765625 ], [ -72.8550774, 43.6485669, 732.69921875 ], [ -72.8551007, 43.6484398, 732.09765625 ], [ -72.8551643, 43.6483286, 730.0 ], [ -72.8552708, 43.6482427, 726.09765625 ], [ -72.8553683, 43.6483486, 723.09765625 ], [ -72.8554777, 43.6485217, 719.69921875 ], [ -72.8556305, 43.6485329, 715.8984375 ], [ -72.8556751, 43.6486331, 714.296875 ], [ -72.8557023, 43.6487936, 713.296875 ], [ -72.8556489, 43.6491095, 714.09765625 ], [ -72.8554822, 43.6493751, 717.59765625 ], [ -72.855218, 43.6497645, 721.09765625 ], [ -72.8546879, 43.6503322, 724.69921875 ], [ -72.8546532, 43.6506141, 718.296875 ], [ -72.8544967, 43.6508468, 715.19921875 ], [ -72.8543498, 43.6511048, 712.59765625 ], [ -72.8539424, 43.6512626, 716.8984375 ], [ -72.8538273, 43.6515889, 714.59765625 ], [ -72.8538613, 43.6516904, 712.8984375 ], [ -72.8540805, 43.6520813, 703.19921875 ], [ -72.8543085, 43.6522454, 695.59765625 ], [ -72.8546212, 43.6522555, 690.0 ], [ -72.854872, 43.652249, 684.69921875 ], [ -72.8552259, 43.6523818, 677.5 ], [ -72.855247, 43.6524963, 675.8984375 ], [ -72.8553451, 43.652499, 673.8984375 ], [ -72.8554505, 43.6525612, 671.09765625 ], [ -72.8554594, 43.6526634, 669.69921875 ], [ -72.8553344, 43.6528007, 670.0 ], [ -72.8552095, 43.6529271, 669.796875 ], [ -72.8549368, 43.6531441, 668.59765625 ], [ -72.854592, 43.6534547, 663.19921875 ], [ -72.8544205, 43.653591, 661.0 ], [ -72.8541125, 43.6540104, 648.59765625 ], [ -72.8538063, 43.6542453, 643.796875 ], [ -72.8535618, 43.6544266, 642.19921875 ], [ -72.8531858, 43.6547729, 638.5 ], [ -72.8531637, 43.6547979, 638.19921875 ], [ -72.8528665, 43.655133, 636.796875 ], [ -72.8527962, 43.6555082, 632.69921875 ], [ -72.8528155, 43.6557076, 630.296875 ], [ -72.8527395, 43.6560625, 629.19921875 ], [ -72.8527123, 43.6563405, 627.59765625 ], [ -72.8524415, 43.6566198, 628.5 ], [ -72.8520823, 43.657028, 633.0 ], [ -72.852028, 43.6571962, 634.59765625 ], [ -72.8520479, 43.6574174, 635.8984375 ], [ -72.8521164, 43.6576356, 636.5 ], [ -72.8520864, 43.6579721, 644.0 ], [ -72.8521998, 43.6581293, 647.09765625 ], [ -72.8522229, 43.6583154, 652.19921875 ], [ -72.8523295, 43.6585707, 656.8984375 ], [ -72.8525075, 43.6588225, 659.8984375 ], [ -72.8526906, 43.6589577, 660.0 ], [ -72.8529363, 43.6590474, 659.0 ], [ -72.8529986, 43.6590958, 658.8984375 ], [ -72.8530179, 43.6592217, 659.59765625 ], [ -72.85302, 43.6594155, 660.296875 ], [ -72.8531055, 43.6596205, 659.3984375 ], [ -72.8531674, 43.6599265, 658.0 ], [ -72.8531169, 43.6604868, 656.19921875 ], [ -72.8531166, 43.6607335, 654.59765625 ], [ -72.8528488, 43.6612798, 656.296875 ], [ -72.852727, 43.6617587, 654.796875 ], [ -72.8525891, 43.6622539, 650.09765625 ], [ -72.8526653, 43.662538, 640.3984375 ], [ -72.8528653, 43.662616, 635.8984375 ], [ -72.8530021, 43.6626897, 633.59765625 ], [ -72.8530089, 43.6627709, 632.3984375 ], [ -72.8529276, 43.6628976, 630.69921875 ], [ -72.852821, 43.6630149, 629.19921875 ], [ -72.8525942, 43.6631858, 626.796875 ], [ -72.852348, 43.6634366, 622.19921875 ], [ -72.8522016, 43.6636024, 618.3984375 ], [ -72.8520273, 43.6637088, 615.796875 ], [ -72.8517876, 43.6637452, 616.09765625 ], [ -72.851468, 43.6638498, 616.296875 ], [ -72.8513245, 43.6640335, 613.19921875 ], [ -72.8513046, 43.664264, 608.59765625 ], [ -72.8513876, 43.6645117, 602.59765625 ], [ -72.8514388, 43.6647422, 596.8984375 ], [ -72.851411, 43.6648647, 594.0 ], [ -72.8513517, 43.6650225, 591.19921875 ], [ -72.8511559, 43.6653303, 585.3984375 ], [ -72.8511825, 43.6656229, 580.09765625 ], [ -72.8509495, 43.6658803, 577.0 ], [ -72.8507356, 43.6661454, 574.3984375 ], [ -72.8506348, 43.6663393, 573.09765625 ], [ -72.8505686, 43.6663792, 573.0 ], [ -72.8505023, 43.6664192, 573.09765625 ], [ -72.8504215, 43.6664679, 573.3984375 ], [ -72.8501835, 43.666566, 574.69921875 ], [ -72.8501115, 43.6665611, 575.09765625 ], [ -72.8500575, 43.6665731, 575.3984375 ], [ -72.8500386, 43.6665774, 575.59765625 ], [ -72.8499982, 43.6666716, 575.5 ], [ -72.8501289, 43.6667405, 574.69921875 ], [ -72.8501179, 43.6668357, 574.3984375 ], [ -72.8501099, 43.6669047, 574.296875 ], [ -72.8500294, 43.6670643, 574.0 ], [ -72.8498174, 43.6673919, 577.0 ], [ -72.8498264, 43.6674748, 577.0 ], [ -72.8499462, 43.6685725, 577.296875 ], [ -72.8494852, 43.6689969, 579.0 ], [ -72.8494896, 43.6690458, 579.19921875 ], [ -72.8495022, 43.6691851, 580.796875 ], [ -72.8494863, 43.6694274, 583.296875 ], [ -72.8496643, 43.669638, 584.796875 ], [ -72.8496776, 43.6703536, 594.0 ], [ -72.8494218, 43.6713582, 614.8984375 ], [ -72.8491036, 43.6717446, 621.19921875 ], [ -72.8490538, 43.6720423, 628.8984375 ], [ -72.8487656, 43.6722472, 632.69921875 ], [ -72.8480118, 43.672779, 645.296875 ], [ -72.8478136, 43.6729191, 649.3984375 ], [ -72.8477386, 43.6729934, 651.69921875 ], [ -72.8476336, 43.6730692, 654.19921875 ], [ -72.847011, 43.6734366, 660.69921875 ], [ -72.8462015, 43.6741018, 675.69921875 ], [ -72.8460452, 43.6742164, 680.09765625 ], [ -72.8458207, 43.6743344, 681.796875 ], [ -72.8456936, 43.6744613, 685.69921875 ], [ -72.8456006, 43.6745248, 687.3984375 ], [ -72.8451217, 43.6747937, 692.19921875 ], [ -72.8445999, 43.674826, 689.296875 ], [ -72.8441361, 43.6749903, 693.09765625 ], [ -72.8437016, 43.6749787, 693.09765625 ], [ -72.8425306, 43.674581, 683.5 ], [ -72.8417256, 43.6744181, 686.296875 ], [ -72.841601, 43.6743885, 686.796875 ], [ -72.8413768, 43.6743188, 686.59765625 ], [ -72.8411497, 43.6742409, 685.59765625 ], [ -72.8410518, 43.6742497, 686.59765625 ], [ -72.8406661, 43.6742184, 685.796875 ], [ -72.8405494, 43.6742412, 685.796875 ], [ -72.8404542, 43.6742832, 686.09765625 ], [ -72.8403752, 43.6743229, 686.59765625 ], [ -72.8402305, 43.6743788, 686.59765625 ], [ -72.8401339, 43.6744187, 686.3984375 ], [ -72.8397787, 43.6746371, 686.0 ], [ -72.8392734, 43.6747659, 683.5 ], [ -72.839329, 43.6749958, 682.796875 ], [ -72.8393442, 43.6750582, 682.69921875 ], [ -72.8393712, 43.6751124, 683.0 ], [ -72.8394, 43.6752669, 682.5 ], [ -72.83945, 43.6754307, 682.09765625 ], [ -72.8395242, 43.6756059, 683.296875 ], [ -72.8395992, 43.6757268, 684.09765625 ], [ -72.839606, 43.675777, 684.09765625 ], [ -72.839634, 43.675817, 684.19921875 ], [ -72.839663, 43.675857, 684.5 ], [ -72.839692, 43.675896, 684.796875 ], [ -72.839723, 43.675935, 685.09765625 ], [ -72.839755, 43.675974, 685.59765625 ], [ -72.839788, 43.676012, 685.796875 ], [ -72.839821, 43.676051, 686.09765625 ], [ -72.839855, 43.67609, 686.59765625 ], [ -72.83989, 43.676128, 686.796875 ], [ -72.839927, 43.676166, 687.296875 ], [ -72.839963, 43.676204, 687.59765625 ], [ -72.840001, 43.67624, 688.0 ], [ -72.84004, 43.676276, 688.296875 ], [ -72.840079, 43.676311, 688.59765625 ], [ -72.84012, 43.676345, 688.796875 ], [ -72.840161, 43.676377, 689.0 ], [ -72.840203, 43.676408, 689.19921875 ], [ -72.840246, 43.676438, 689.3984375 ], [ -72.840299, 43.676456, 689.796875 ], [ -72.840362, 43.67646, 690.69921875 ], [ -72.84043, 43.676459, 691.69921875 ], [ -72.840495, 43.676462, 692.69921875 ], [ -72.840548, 43.676478, 693.296875 ], [ -72.840585, 43.676519, 693.3984375 ], [ -72.84062, 43.676557, 693.5 ], [ -72.840676, 43.676557, 694.09765625 ], [ -72.840743, 43.676538, 694.8984375 ], [ -72.840787, 43.676558, 695.296875 ], [ -72.840828, 43.676589, 695.5 ], [ -72.840867, 43.676623, 696.09765625 ], [ -72.840907, 43.67666, 696.59765625 ], [ -72.840944, 43.676698, 696.69921875 ], [ -72.840979, 43.676737, 697.0 ], [ -72.841011, 43.676778, 696.8984375 ], [ -72.841039, 43.676819, 696.8984375 ], [ -72.841063, 43.676861, 696.8984375 ], [ -72.841083, 43.676903, 696.8984375 ], [ -72.841102, 43.676945, 696.796875 ], [ -72.841121, 43.676988, 696.796875 ], [ -72.841138, 43.677032, 696.8984375 ], [ -72.841154, 43.677076, 696.69921875 ], [ -72.841169, 43.677121, 696.8984375 ], [ -72.841183, 43.677165, 696.8984375 ], [ -72.841195, 43.67721, 697.0 ], [ -72.841205, 43.677255, 696.8984375 ], [ -72.841214, 43.6773, 696.69921875 ], [ -72.841221, 43.677345, 696.59765625 ], [ -72.841226, 43.67739, 696.796875 ], [ -72.841229, 43.677435, 697.0 ], [ -72.841229, 43.67748, 697.19921875 ], [ -72.841228, 43.677524, 697.3984375 ], [ -72.841223, 43.677568, 697.5 ], [ -72.841215, 43.677613, 697.69921875 ], [ -72.841205, 43.677657, 697.8984375 ], [ -72.841192, 43.677701, 698.0 ], [ -72.841178, 43.677746, 698.296875 ], [ -72.841163, 43.67779, 698.3984375 ], [ -72.841147, 43.677835, 698.69921875 ], [ -72.84113, 43.677879, 698.8984375 ], [ -72.841113, 43.677923, 699.0 ], [ -72.841096, 43.677968, 699.09765625 ], [ -72.841079, 43.678012, 699.0 ], [ -72.841064, 43.678056, 699.0 ], [ -72.84105, 43.6781, 699.0 ], [ -72.841038, 43.678144, 699.0 ], [ -72.841027, 43.678188, 699.09765625 ], [ -72.841019, 43.678232, 699.09765625 ], [ -72.841014, 43.678276, 699.0 ], [ -72.841013, 43.678319, 699.09765625 ], [ -72.841015, 43.678364, 699.19921875 ], [ -72.841021, 43.67841, 699.296875 ], [ -72.841031, 43.678457, 699.3984375 ], [ -72.841046, 43.678504, 699.3984375 ], [ -72.841065, 43.67855, 699.19921875 ], [ -72.841087, 43.678594, 699.09765625 ], [ -72.841114, 43.678637, 698.796875 ], [ -72.841145, 43.678676, 698.59765625 ], [ -72.84118, 43.678712, 698.5 ], [ -72.84122, 43.678744, 698.5 ], [ -72.841262, 43.678772, 698.19921875 ], [ -72.841309, 43.678799, 697.8984375 ], [ -72.841358, 43.678824, 697.69921875 ], [ -72.84141, 43.678848, 697.296875 ], [ -72.841464, 43.67887, 697.19921875 ], [ -72.84152, 43.67889, 697.19921875 ], [ -72.841577, 43.67891, 697.09765625 ], [ -72.841636, 43.678929, 697.0 ], [ -72.841696, 43.678947, 696.8984375 ], [ -72.841756, 43.678964, 697.09765625 ], [ -72.841816, 43.678981, 697.09765625 ], [ -72.841877, 43.678997, 697.09765625 ], [ -72.841937, 43.679012, 697.3984375 ], [ -72.841995, 43.679027, 697.3984375 ], [ -72.842053, 43.679042, 697.5 ], [ -72.842113, 43.679052, 697.69921875 ], [ -72.842175, 43.679058, 698.0 ], [ -72.842238, 43.679061, 698.3984375 ], [ -72.842301, 43.679063, 698.59765625 ], [ -72.842364, 43.679066, 698.59765625 ], [ -72.842426, 43.679071, 698.796875 ], [ -72.842486, 43.67908, 698.796875 ], [ -72.842543, 43.679095, 698.59765625 ], [ -72.842598, 43.679119, 698.3984375 ], [ -72.842651, 43.679147, 697.8984375 ], [ -72.842703, 43.679175, 697.3984375 ], [ -72.842754, 43.6792, 697.19921875 ], [ -72.842805, 43.679216, 697.0 ], [ -72.842854, 43.679181, 698.09765625 ], [ -72.842897, 43.679176, 698.3984375 ], [ -72.84294, 43.679203, 698.19921875 ], [ -72.842982, 43.679236, 697.69921875 ], [ -72.843024, 43.679273, 697.3984375 ], [ -72.843066, 43.679311, 697.09765625 ], [ -72.843112, 43.67935, 697.0 ], [ -72.843129, 43.679384, 696.8984375 ], [ -72.843281, 43.679481, 697.69921875 ], [ -72.84334, 43.679574, 698.19921875 ], [ -72.843376, 43.679651, 698.59765625 ], [ -72.843384, 43.67977, 698.296875 ], [ -72.843468, 43.679886, 699.796875 ], [ -72.84353, 43.679986, 700.796875 ], [ -72.843563, 43.680059, 701.19921875 ], [ -72.843631, 43.680122, 702.3984375 ], [ -72.843701, 43.680153, 703.5 ], [ -72.843755, 43.680257, 703.59765625 ], [ -72.843755, 43.680381, 702.5 ], [ -72.843745, 43.680467, 701.0 ], [ -72.843809, 43.680556, 700.69921875 ], [ -72.843835, 43.680652, 699.69921875 ], [ -72.843879, 43.680733, 699.0 ], [ -72.843946, 43.680843, 698.0 ], [ -72.844029, 43.680933, 697.5 ], [ -72.844144, 43.680985, 698.09765625 ], [ -72.844267, 43.681047, 698.5 ], [ -72.844399, 43.681083, 699.59765625 ], [ -72.844486, 43.681137, 699.19921875 ], [ -72.844594, 43.681218, 697.8984375 ], [ -72.844674, 43.681293, 696.69921875 ], [ -72.844747, 43.681383, 695.3984375 ], [ -72.844806, 43.681472, 693.8984375 ], [ -72.844859, 43.681584, 691.5 ], [ -72.844988, 43.681657, 690.59765625 ], [ -72.84503, 43.681725, 689.09765625 ], [ -72.845067, 43.681819, 687.0 ], [ -72.845112, 43.681907, 684.19921875 ], [ -72.845158, 43.682025, 680.5 ], [ -72.845298, 43.682087, 680.0 ], [ -72.8455072, 43.6821097, 681.69921875 ], [ -72.8456648, 43.6820926, 683.59765625 ], [ -72.8458123, 43.6820908, 684.69921875 ], [ -72.845905, 43.682086, 685.09765625 ], [ -72.846038, 43.682111, 685.09765625 ], [ -72.846167, 43.682136, 685.0 ], [ -72.846307, 43.682145, 685.796875 ], [ -72.846435, 43.682148, 686.59765625 ], [ -72.846556, 43.682169, 687.0 ], [ -72.846691, 43.682181, 687.8984375 ], [ -72.846803, 43.682186, 689.3984375 ], [ -72.846912, 43.682196, 690.796875 ], [ -72.847009, 43.682211, 692.19921875 ], [ -72.847069, 43.682307, 691.8984375 ], [ -72.847131, 43.682385, 692.09765625 ], [ -72.847217, 43.682466, 692.796875 ], [ -72.847309, 43.682519, 693.5 ], [ -72.847372, 43.682581, 693.796875 ], [ -72.847385, 43.682696, 693.19921875 ], [ -72.847323, 43.682796, 691.796875 ], [ -72.847291, 43.682885, 691.09765625 ], [ -72.847259, 43.682954, 690.69921875 ], [ -72.847216, 43.683076, 690.59765625 ], [ -72.847191, 43.683189, 690.3984375 ], [ -72.847218, 43.683265, 691.19921875 ], [ -72.847211, 43.683357, 691.3984375 ], [ -72.847097, 43.683422, 689.59765625 ], [ -72.847054, 43.683503, 688.8984375 ], [ -72.847088, 43.683598, 689.59765625 ], [ -72.847065, 43.683732, 689.296875 ], [ -72.847072, 43.683812, 689.296875 ], [ -72.84707, 43.683909, 689.296875 ], [ -72.847061, 43.684008, 689.09765625 ], [ -72.847013, 43.684129, 687.8984375 ], [ -72.846958, 43.684221, 686.59765625 ], [ -72.846927, 43.684317, 685.796875 ], [ -72.846881, 43.684422, 685.0 ], [ -72.84691, 43.684512, 685.3984375 ], [ -72.846882, 43.68458, 684.796875 ], [ -72.846883, 43.684678, 684.5 ], [ -72.846966, 43.684756, 685.796875 ], [ -72.847018, 43.684822, 686.296875 ], [ -72.846952, 43.684899, 684.8984375 ], [ -72.846916, 43.684996, 684.0 ], [ -72.846861, 43.685068, 682.5 ], [ -72.84683, 43.685155, 681.3984375 ], [ -72.846806, 43.685241, 680.3984375 ], [ -72.846813, 43.685337, 679.59765625 ], [ -72.846888, 43.685414, 680.8984375 ], [ -72.846883, 43.68552, 679.8984375 ], [ -72.84687, 43.685612, 679.0 ], [ -72.846894, 43.685725, 678.5 ], [ -72.846968, 43.685812, 679.296875 ], [ -72.847023, 43.685914, 679.5 ], [ -72.847033, 43.686025, 678.8984375 ], [ -72.84705, 43.686118, 678.8984375 ], [ -72.847024, 43.686228, 677.69921875 ], [ -72.847008, 43.686331, 677.09765625 ], [ -72.846988, 43.686426, 676.19921875 ], [ -72.847039, 43.686533, 676.69921875 ], [ -72.84704, 43.686639, 676.09765625 ], [ -72.84708, 43.68674, 676.296875 ], [ -72.847072, 43.686844, 675.59765625 ], [ -72.847087, 43.686939, 675.69921875 ], [ -72.8471, 43.687037, 675.5 ], [ -72.847084, 43.687131, 674.69921875 ], [ -72.847072, 43.68723, 673.8984375 ], [ -72.847008, 43.687329, 672.296875 ], [ -72.846985, 43.687427, 671.3984375 ], [ -72.846958, 43.687509, 670.19921875 ], [ -72.846941, 43.687576, 669.296875 ], [ -72.84694, 43.687652, 668.796875 ], [ -72.846915, 43.687751, 667.19921875 ], [ -72.84692, 43.687867, 665.8984375 ], [ -72.846895, 43.687973, 664.5 ], [ -72.846908, 43.68809, 663.796875 ], [ -72.846964, 43.688174, 664.59765625 ], [ -72.84699, 43.688305, 663.8984375 ], [ -72.847039, 43.688404, 664.19921875 ], [ -72.847029, 43.68849, 663.0 ], [ -72.847067, 43.688582, 663.0 ], [ -72.847054, 43.688687, 661.296875 ], [ -72.847102, 43.68877, 661.69921875 ], [ -72.847155, 43.688849, 662.296875 ], [ -72.847179, 43.688943, 661.796875 ], [ -72.847141, 43.689011, 659.796875 ], [ -72.847114, 43.689117, 658.09765625 ], [ -72.847168, 43.689224, 659.09765625 ], [ -72.847189, 43.689322, 659.0 ], [ -72.847245, 43.689424, 659.796875 ], [ -72.847288, 43.689514, 660.0 ], [ -72.847269, 43.68962, 659.19921875 ], [ -72.84721, 43.689716, 658.19921875 ], [ -72.847112, 43.689805, 656.296875 ], [ -72.847037, 43.689896, 655.3984375 ], [ -72.84699, 43.689983, 654.8984375 ], [ -72.846925, 43.690078, 654.19921875 ], [ -72.846873, 43.690166, 653.69921875 ], [ -72.846808, 43.690261, 653.3984375 ], [ -72.846725, 43.690356, 652.796875 ], [ -72.846667, 43.690442, 652.19921875 ], [ -72.846574, 43.69051, 650.796875 ], [ -72.846462, 43.690569, 649.0 ], [ -72.84638, 43.690676, 647.69921875 ], [ -72.846377, 43.690786, 646.796875 ], [ -72.846337, 43.690846, 645.19921875 ], [ -72.846287, 43.690883, 643.69921875 ], [ -72.846247, 43.690928, 642.3984375 ], [ -72.846141, 43.690883, 640.296875 ], [ -72.846066, 43.690794, 639.296875 ], [ -72.845999, 43.690733, 638.0 ], [ -72.845886, 43.690693, 635.3984375 ], [ -72.845844, 43.690718, 634.09765625 ], [ -72.845865, 43.690768, 634.59765625 ], [ -72.845855, 43.690829, 634.09765625 ], [ -72.845879, 43.690911, 634.296875 ], [ -72.845887, 43.690994, 634.09765625 ], [ -72.845915, 43.691081, 634.0 ], [ -72.845847, 43.691178, 631.796875 ], [ -72.845753, 43.691258, 628.796875 ], [ -72.845726, 43.691377, 627.19921875 ], [ -72.845774, 43.691467, 627.19921875 ], [ -72.845722, 43.691552, 625.296875 ], [ -72.845716, 43.691663, 624.0 ], [ -72.84574, 43.691755, 623.19921875 ], [ -72.845705, 43.691864, 621.59765625 ], [ -72.845638, 43.691964, 619.8984375 ], [ -72.845562, 43.692042, 618.3984375 ], [ -72.845499, 43.692106, 616.19921875 ], [ -72.845511, 43.692223, 614.09765625 ], [ -72.845567, 43.692331, 612.8984375 ], [ -72.845625, 43.692412, 611.69921875 ], [ -72.845729, 43.692497, 610.0 ], [ -72.845805, 43.692516, 610.3984375 ], [ -72.845847, 43.692587, 608.09765625 ], [ -72.845933, 43.692651, 606.59765625 ], [ -72.846039, 43.692689, 605.8984375 ], [ -72.846161, 43.692683, 607.0 ], [ -72.846288, 43.692681, 607.0 ], [ -72.846404, 43.692687, 606.3984375 ], [ -72.846522, 43.692693, 605.59765625 ], [ -72.846651, 43.692691, 604.69921875 ], [ -72.846752, 43.692703, 603.59765625 ], [ -72.846854, 43.692689, 603.3984375 ], [ -72.846891, 43.692687, 603.09765625 ], [ -72.847015, 43.692711, 601.69921875 ], [ -72.84716, 43.692745, 599.69921875 ], [ -72.847268, 43.692756, 599.296875 ], [ -72.847344, 43.692813, 597.5 ], [ -72.847456, 43.69285, 596.296875 ], [ -72.847571, 43.692905, 594.5 ], [ -72.847687, 43.692941, 593.69921875 ], [ -72.847827, 43.692972, 592.69921875 ], [ -72.847905, 43.692935, 594.0 ], [ -72.848024, 43.69293, 594.3984375 ], [ -72.848132, 43.692962, 592.59765625 ], [ -72.848198, 43.693028, 589.69921875 ], [ -72.848321, 43.693047, 589.09765625 ], [ -72.848396, 43.693125, 588.296875 ], [ -72.848453, 43.693175, 587.8984375 ], [ -72.848518, 43.693274, 587.09765625 ], [ -72.848532, 43.69335, 585.296875 ], [ -72.848501, 43.693406, 583.19921875 ], [ -72.848443, 43.693473, 580.3984375 ], [ -72.848494, 43.693574, 579.19921875 ], [ -72.848548, 43.693663, 578.19921875 ], [ -72.848619, 43.693676, 578.8984375 ], [ -72.848688, 43.693778, 577.796875 ], [ -72.848752, 43.693878, 576.69921875 ], [ -72.848859, 43.693976, 575.8984375 ], [ -72.848946, 43.694055, 575.3984375 ], [ -72.848981, 43.694146, 574.3984375 ], [ -72.849068, 43.694221, 574.3984375 ], [ -72.849128, 43.694317, 573.296875 ], [ -72.849171, 43.694378, 572.69921875 ], [ -72.849297, 43.69448, 572.296875 ], [ -72.849542, 43.694528, 574.09765625 ], [ -72.849664, 43.694565, 574.59765625 ], [ -72.85025, 43.694725, 578.5 ], [ -72.850361, 43.694724, 580.09765625 ], [ -72.85056, 43.694742, 582.0 ], [ -72.850681, 43.694717, 584.796875 ], [ -72.850794, 43.694729, 586.5 ], [ -72.850942, 43.694793, 586.69921875 ], [ -72.851073, 43.694811, 587.8984375 ], [ -72.851178, 43.694806, 589.3984375 ], [ -72.851275, 43.694807, 590.796875 ], [ -72.851352, 43.694862, 590.5 ], [ -72.85147, 43.694922, 589.69921875 ], [ -72.851568, 43.694953, 589.59765625 ], [ -72.851685, 43.69499, 589.3984375 ], [ -72.851781, 43.69498, 590.19921875 ], [ -72.851891, 43.695011, 589.8984375 ], [ -72.851983, 43.695005, 590.5 ], [ -72.852104, 43.695025, 590.8984375 ], [ -72.852242, 43.695049, 591.3984375 ], [ -72.852361, 43.695056, 592.09765625 ], [ -72.852457, 43.695073, 592.69921875 ], [ -72.852526, 43.695062, 593.5 ], [ -72.852637, 43.69511, 592.796875 ], [ -72.852728, 43.695137, 592.59765625 ], [ -72.852811, 43.695149, 593.0 ], [ -72.85288, 43.695124, 594.296875 ], [ -72.853004, 43.695122, 595.09765625 ], [ -72.853128, 43.69515, 595.296875 ], [ -72.853244, 43.695166, 595.5 ], [ -72.853356, 43.695162, 596.59765625 ], [ -72.853477, 43.695186, 596.296875 ], [ -72.853587, 43.695226, 595.8984375 ], [ -72.853714, 43.695222, 596.19921875 ], [ -72.853958, 43.695211, 596.59765625 ], [ -72.854103, 43.69522, 596.59765625 ], [ -72.854216, 43.695208, 597.19921875 ], [ -72.854329, 43.695171, 598.796875 ], [ -72.854466, 43.695183, 599.19921875 ], [ -72.854553, 43.695204, 599.5 ], [ -72.854653, 43.6953, 597.69921875 ], [ -72.854757, 43.695372, 596.59765625 ], [ -72.854914, 43.695484, 595.09765625 ], [ -72.855005, 43.695454, 596.296875 ], [ -72.855119, 43.695471, 596.59765625 ], [ -72.855246, 43.695509, 596.5 ], [ -72.855338, 43.695502, 597.0 ], [ -72.855471, 43.695562, 596.09765625 ], [ -72.855574, 43.695647, 594.796875 ], [ -72.855673, 43.695651, 594.796875 ], [ -72.855814, 43.695663, 594.59765625 ], [ -72.8561087, 43.6957877, 593.69921875 ], [ -72.856297, 43.69588, 593.69921875 ], [ -72.8564408, 43.6960083, 594.796875 ], [ -72.8565818, 43.6961124, 596.59765625 ], [ -72.8568278, 43.6961995, 597.3984375 ], [ -72.8572096, 43.6962859, 598.5 ], [ -72.8574786, 43.6963269, 599.0 ], [ -72.8576583, 43.6963833, 599.5 ], [ -72.8580838, 43.6966096, 604.296875 ], [ -72.85882, 43.696909, 606.3984375 ], [ -72.858818, 43.696971, 607.8984375 ], [ -72.858848, 43.69702, 608.796875 ], [ -72.858904, 43.69708, 609.796875 ], [ -72.858969, 43.697132, 610.5 ], [ -72.859036, 43.697172, 610.8984375 ], [ -72.859076, 43.697211, 611.5 ], [ -72.859175, 43.69729, 612.3984375 ], [ -72.859274, 43.697327, 612.296875 ], [ -72.859383, 43.697391, 612.3984375 ], [ -72.859518, 43.697463, 612.8984375 ], [ -72.859603, 43.697536, 614.0 ], [ -72.859723, 43.697592, 614.0 ], [ -72.859777, 43.697669, 615.19921875 ], [ -72.859805, 43.697737, 616.69921875 ], [ -72.859855, 43.697813, 617.796875 ], [ -72.859972, 43.697852, 617.59765625 ], [ -72.860099, 43.697856, 616.19921875 ], [ -72.86019, 43.697924, 616.296875 ], [ -72.860298, 43.697998, 616.5 ], [ -72.860361, 43.698076, 617.19921875 ], [ -72.860489, 43.698232, 617.69921875 ], [ -72.860521, 43.698329, 618.69921875 ], [ -72.860541, 43.698407, 619.3984375 ], [ -72.860593, 43.698497, 619.796875 ], [ -72.860682, 43.698584, 619.09765625 ], [ -72.860743, 43.698694, 619.296875 ], [ -72.8608216, 43.6988509, 619.3984375 ], [ -72.8608361, 43.6990501, 621.0 ], [ -72.8607926, 43.6992566, 623.5 ], [ -72.8607816, 43.6993312, 623.8984375 ], [ -72.860716, 43.6994074, 624.8984375 ], [ -72.860625, 43.699505, 626.09765625 ], [ -72.860575, 43.699599, 626.59765625 ], [ -72.860522, 43.699673, 627.296875 ], [ -72.860443, 43.699732, 628.296875 ], [ -72.860389, 43.699802, 628.69921875 ], [ -72.860315, 43.699895, 629.0 ], [ -72.860227, 43.699987, 629.5 ], [ -72.860153, 43.700073, 630.0 ], [ -72.860112, 43.700158, 629.796875 ], [ -72.86003, 43.700264, 629.8984375 ], [ -72.859963, 43.70037, 629.19921875 ], [ -72.859834, 43.700402, 630.69921875 ], [ -72.859785, 43.700471, 630.296875 ], [ -72.859701, 43.700553, 630.3984375 ], [ -72.8596, 43.700628, 630.3984375 ], [ -72.859469, 43.700672, 631.19921875 ], [ -72.859352, 43.700728, 631.296875 ], [ -72.859228, 43.700791, 631.296875 ], [ -72.859117, 43.700862, 630.69921875 ], [ -72.858994, 43.70093, 629.59765625 ], [ -72.858908, 43.701019, 628.3984375 ], [ -72.858831, 43.701114, 627.5 ], [ -72.858839, 43.701166, 626.796875 ], [ -72.858796, 43.701231, 625.8984375 ], [ -72.858827, 43.701322, 625.69921875 ], [ -72.858774, 43.701408, 625.09765625 ], [ -72.858697, 43.70149, 624.09765625 ], [ -72.858527, 43.701687, 622.0 ], [ -72.858542, 43.701751, 622.0 ], [ -72.858506, 43.701881, 621.69921875 ], [ -72.85851, 43.701964, 621.8984375 ], [ -72.858515, 43.702062, 622.296875 ], [ -72.858524, 43.702162, 622.3984375 ], [ -72.858502, 43.702283, 622.0 ], [ -72.858485, 43.702376, 621.796875 ], [ -72.858478, 43.702493, 621.59765625 ], [ -72.858456, 43.702602, 621.296875 ], [ -72.858408, 43.7027, 620.19921875 ], [ -72.858361, 43.7028, 619.0 ], [ -72.858396, 43.702892, 619.5 ], [ -72.858396, 43.702974, 619.3984375 ], [ -72.858386, 43.703083, 619.09765625 ], [ -72.858328, 43.703175, 617.8984375 ], [ -72.858209, 43.703229, 616.296875 ], [ -72.858093, 43.703305, 616.0 ], [ -72.857976, 43.703351, 615.796875 ], [ -72.857877, 43.703412, 616.3984375 ], [ -72.857791, 43.703472, 617.0 ], [ -72.857629, 43.703554, 617.09765625 ], [ -72.85759, 43.703592, 617.5 ], [ -72.857489, 43.703679, 618.3984375 ], [ -72.857393, 43.703744, 618.19921875 ], [ -72.857278, 43.703834, 618.0 ], [ -72.857165, 43.703905, 617.59765625 ], [ -72.857103, 43.704006, 618.0 ], [ -72.857044, 43.70409, 618.0 ], [ -72.856951, 43.704182, 617.69921875 ], [ -72.856861, 43.704268, 617.69921875 ], [ -72.85678, 43.704359, 618.0 ], [ -72.856688, 43.704408, 617.796875 ], [ -72.8558434, 43.70479, 615.296875 ], [ -72.8553548, 43.7052245, 612.8984375 ], [ -72.855341, 43.705962, 618.5 ], [ -72.855401, 43.706029, 620.296875 ], [ -72.855385, 43.706083, 620.19921875 ], [ -72.855389, 43.706168, 620.5 ], [ -72.855354, 43.706256, 619.796875 ], [ -72.855363, 43.706362, 620.0 ], [ -72.855393, 43.706461, 620.5 ], [ -72.855413, 43.706575, 620.69921875 ], [ -72.855437, 43.706673, 621.0 ], [ -72.855445, 43.706764, 620.8984375 ], [ -72.855442, 43.706855, 620.69921875 ], [ -72.855427, 43.706936, 620.69921875 ], [ -72.855407, 43.707033, 620.69921875 ], [ -72.855391, 43.707119, 621.3984375 ], [ -72.855316, 43.707184, 621.59765625 ], [ -72.855258, 43.707247, 622.296875 ], [ -72.855186, 43.707313, 622.3984375 ], [ -72.855133, 43.707378, 622.69921875 ], [ -72.855039, 43.707453, 622.59765625 ], [ -72.854996, 43.70754, 623.8984375 ], [ -72.854957, 43.707611, 624.69921875 ], [ -72.854915, 43.707685, 625.296875 ], [ -72.854876, 43.707775, 626.09765625 ], [ -72.854826, 43.707875, 626.8984375 ], [ -72.854835, 43.707954, 627.8984375 ], [ -72.854841, 43.708035, 628.796875 ], [ -72.854819, 43.708132, 629.3984375 ], [ -72.854791, 43.708238, 630.296875 ], [ -72.854767, 43.708322, 631.19921875 ], [ -72.854734, 43.708405, 632.19921875 ], [ -72.85465, 43.708491, 633.0 ], [ -72.854574, 43.708581, 634.0 ], [ -72.854501, 43.708671, 635.0 ], [ -72.854448, 43.708756, 636.09765625 ], [ -72.854411, 43.708856, 636.69921875 ], [ -72.854365, 43.708961, 637.19921875 ], [ -72.854352, 43.709073, 637.59765625 ], [ -72.854449, 43.709205, 637.3984375 ], [ -72.854464, 43.709283, 637.09765625 ], [ -72.854466, 43.709389, 636.5 ], [ -72.854549, 43.709483, 635.8984375 ], [ -72.854677, 43.709544, 635.3984375 ], [ -72.8548, 43.709614, 634.8984375 ], [ -72.855007, 43.709699, 634.3984375 ], [ -72.855176, 43.709789, 633.69921875 ], [ -72.855306, 43.709846, 633.296875 ], [ -72.855423, 43.709884, 633.19921875 ], [ -72.855566, 43.709938, 633.0 ], [ -72.855701, 43.709927, 633.8984375 ], [ -72.855844, 43.709977, 633.8984375 ], [ -72.856026, 43.71003, 634.09765625 ], [ -72.856107, 43.710048, 634.296875 ], [ -72.856242, 43.710084, 634.69921875 ], [ -72.856368, 43.710146, 634.69921875 ], [ -72.856534, 43.710214, 634.59765625 ], [ -72.856605, 43.710249, 634.5 ], [ -72.856728, 43.710295, 634.69921875 ], [ -72.856842, 43.71037, 634.796875 ], [ -72.856976, 43.710425, 634.8984375 ], [ -72.857103, 43.710477, 634.796875 ], [ -72.857203, 43.710542, 634.59765625 ], [ -72.857285, 43.710619, 634.5 ], [ -72.857376, 43.710703, 634.69921875 ], [ -72.857466, 43.710765, 635.09765625 ], [ -72.857563, 43.710858, 635.5 ], [ -72.857604, 43.710878, 635.69921875 ], [ -72.857662, 43.71096, 635.796875 ], [ -72.857738, 43.711048, 636.0 ], [ -72.857811, 43.711128, 636.09765625 ], [ -72.857893, 43.711219, 636.0 ], [ -72.857975, 43.711303, 636.19921875 ], [ -72.858061, 43.711382, 636.59765625 ], [ -72.858161, 43.711452, 637.3984375 ], [ -72.858304, 43.711507, 638.69921875 ], [ -72.858386, 43.711552, 639.3984375 ], [ -72.858503, 43.711603, 640.19921875 ], [ -72.858616, 43.711663, 641.09765625 ], [ -72.858733, 43.711724, 641.8984375 ], [ -72.858849, 43.711773, 642.796875 ], [ -72.859039, 43.711869, 643.69921875 ], [ -72.859084, 43.711898, 643.69921875 ], [ -72.859313, 43.712022, 644.5 ], [ -72.859455, 43.7121, 644.8984375 ], [ -72.859555, 43.712138, 645.5 ], [ -72.859667, 43.712182, 646.296875 ], [ -72.859787, 43.712216, 647.296875 ], [ -72.859917, 43.712243, 648.3984375 ], [ -72.860014, 43.712275, 649.0 ], [ -72.860125, 43.712292, 650.19921875 ], [ -72.860482, 43.712306, 653.69921875 ], [ -72.860614, 43.71232, 655.19921875 ], [ -72.860696, 43.712335, 656.296875 ], [ -72.860785, 43.712345, 657.5 ], [ -72.860917, 43.712354, 658.69921875 ], [ -72.861012, 43.712359, 659.296875 ], [ -72.861117, 43.712381, 660.0 ], [ -72.861237, 43.712439, 660.796875 ], [ -72.86134, 43.7125, 661.5 ], [ -72.861446, 43.712673, 661.796875 ], [ -72.861515, 43.712733, 662.69921875 ], [ -72.861713, 43.712847, 665.19921875 ], [ -72.861666, 43.712915, 665.09765625 ], [ -72.861746, 43.712998, 666.5 ], [ -72.861755, 43.713094, 667.296875 ], [ -72.861723, 43.713188, 667.5 ], [ -72.86171, 43.713215, 667.59765625 ], [ -72.861675, 43.713284, 667.69921875 ], [ -72.8616, 43.713341, 667.59765625 ], [ -72.861561, 43.713444, 668.0 ], [ -72.861522, 43.713552, 668.8984375 ], [ -72.861464, 43.713659, 670.0 ], [ -72.861396, 43.713763, 671.19921875 ], [ -72.861426, 43.713867, 672.8984375 ], [ -72.8614181, 43.7140292, 675.296875 ], [ -72.8614067, 43.7141235, 676.5 ], [ -72.86145, 43.714242, 678.5 ], [ -72.861486, 43.714307, 679.796875 ], [ -72.861475, 43.714381, 681.0 ], [ -72.8614858, 43.714461, 682.5 ], [ -72.861502, 43.714546, 684.19921875 ], [ -72.861528, 43.714625, 685.69921875 ], [ -72.861509, 43.714697, 686.59765625 ], [ -72.861535, 43.714766, 687.796875 ], [ -72.861529, 43.714838, 688.69921875 ], [ -72.861485, 43.7149, 689.296875 ], [ -72.861429, 43.714959, 689.69921875 ], [ -72.86135, 43.715, 689.8984375 ], [ -72.861263, 43.715067, 690.8984375 ], [ -72.861288, 43.715139, 692.0 ], [ -72.861333, 43.715218, 693.0 ], [ -72.861313, 43.715292, 693.8984375 ], [ -72.861272, 43.715337, 694.796875 ], [ -72.861236, 43.715416, 696.09765625 ], [ -72.861179, 43.715489, 697.796875 ], [ -72.861116, 43.715567, 699.69921875 ], [ -72.861078, 43.715649, 701.3984375 ], [ -72.861072, 43.715721, 702.69921875 ], [ -72.861038, 43.715799, 704.0 ], [ -72.860981, 43.71587, 705.5 ], [ -72.860911, 43.715952, 707.09765625 ], [ -72.86089, 43.716037, 708.59765625 ], [ -72.86087, 43.716112, 709.69921875 ], [ -72.860846, 43.716179, 710.8984375 ], [ -72.860773, 43.716229, 711.8984375 ], [ -72.860695, 43.716291, 712.8984375 ], [ -72.860641, 43.716362, 713.8984375 ], [ -72.860621, 43.716418, 714.59765625 ], [ -72.860591, 43.716483, 715.3984375 ], [ -72.860577, 43.71655, 716.19921875 ], [ -72.860554, 43.716635, 717.59765625 ], [ -72.860533, 43.716699, 718.5 ], [ -72.860528, 43.716719, 718.796875 ], [ -72.860498, 43.716801, 719.8984375 ], [ -72.860435, 43.716865, 720.8984375 ], [ -72.860386, 43.716943, 721.8984375 ], [ -72.860332, 43.71703, 723.19921875 ], [ -72.860234, 43.717115, 724.69921875 ], [ -72.860221, 43.717186, 725.8984375 ], [ -72.860168, 43.717274, 727.3984375 ], [ -72.860122, 43.717357, 729.0 ], [ -72.860132, 43.717414, 729.8984375 ], [ -72.860099, 43.717497, 731.5 ], [ -72.860057, 43.717557, 732.59765625 ], [ -72.860001, 43.717608, 733.5 ], [ -72.859908, 43.717654, 733.8984375 ], [ -72.85979, 43.717706, 734.5 ], [ -72.859729, 43.717769, 735.3984375 ], [ -72.859719, 43.717838, 736.59765625 ], [ -72.85963, 43.717903, 737.3984375 ], [ -72.859606, 43.717964, 738.5 ], [ -72.859554, 43.718023, 739.59765625 ], [ -72.859493, 43.718087, 740.8984375 ], [ -72.859464, 43.718091, 740.796875 ], [ -72.859332, 43.718122, 741.0 ], [ -72.85923, 43.718173, 741.69921875 ], [ -72.859131, 43.71822, 742.59765625 ], [ -72.859063, 43.718276, 744.09765625 ], [ -72.858969, 43.718315, 744.8984375 ], [ -72.858865, 43.718335, 745.19921875 ], [ -72.858782, 43.718359, 745.8984375 ], [ -72.858691, 43.718411, 747.3984375 ], [ -72.858578, 43.718447, 748.5 ], [ -72.858493, 43.718441, 748.59765625 ], [ -72.858419, 43.71846, 749.296875 ], [ -72.858375, 43.718516, 751.19921875 ], [ -72.858389, 43.718567, 752.5 ], [ -72.858341, 43.718632, 754.5 ], [ -72.858302, 43.718711, 757.0 ], [ -72.858253, 43.7188, 759.09765625 ], [ -72.858191, 43.71887, 760.5 ], [ -72.858165, 43.718957, 761.8984375 ], [ -72.858137, 43.719031, 763.0 ], [ -72.858138, 43.719122, 764.09765625 ], [ -72.858153, 43.719205, 765.19921875 ], [ -72.858208, 43.719276, 766.19921875 ], [ -72.858254, 43.719347, 766.796875 ], [ -72.858315, 43.719406, 767.296875 ], [ -72.858349, 43.719479, 767.8984375 ], [ -72.858381, 43.719539, 768.796875 ], [ -72.858421, 43.719563, 769.69921875 ], [ -72.858441, 43.719618, 770.296875 ], [ -72.858501, 43.719673, 771.3984375 ], [ -72.858534, 43.719757, 771.796875 ], [ -72.858623, 43.719826, 773.296875 ], [ -72.858721, 43.719886, 774.8984375 ], [ -72.858808, 43.719949, 775.796875 ], [ -72.858901, 43.719967, 777.296875 ], [ -72.858991, 43.719961, 779.296875 ], [ -72.859024, 43.719947, 780.09765625 ], [ -72.859068, 43.719936, 781.296875 ], [ -72.859144, 43.719932, 783.0 ], [ -72.859224, 43.719937, 784.19921875 ], [ -72.859248, 43.719943, 784.69921875 ], [ -72.859321, 43.719914, 786.59765625 ], [ -72.859397, 43.719914, 788.0 ], [ -72.859481, 43.719907, 789.3984375 ], [ -72.859579, 43.71992, 790.8984375 ], [ -72.859675, 43.719945, 791.69921875 ], [ -72.859757, 43.719918, 793.69921875 ], [ -72.859818, 43.719878, 795.5 ], [ -72.859878, 43.719839, 796.8984375 ], [ -72.86, 43.719828, 798.296875 ], [ -72.860054, 43.719802, 799.296875 ], [ -72.860105, 43.71977, 800.3984375 ], [ -72.860164, 43.719751, 801.3984375 ], [ -72.860252, 43.719739, 802.796875 ], [ -72.860361, 43.719712, 804.19921875 ], [ -72.860443, 43.719672, 805.19921875 ], [ -72.860531, 43.719644, 806.09765625 ], [ -72.860595, 43.719678, 805.69921875 ], [ -72.860724, 43.719635, 806.296875 ], [ -72.860831, 43.719579, 806.8984375 ], [ -72.860927, 43.719529, 805.69921875 ], [ -72.861014, 43.719476, 804.3984375 ], [ -72.861134, 43.719405, 802.59765625 ], [ -72.861246, 43.719356, 801.3984375 ], [ -72.861332, 43.719276, 799.19921875 ], [ -72.861464, 43.719279, 799.296875 ], [ -72.86161, 43.719267, 799.09765625 ], [ -72.861726, 43.71924, 798.3984375 ], [ -72.861864, 43.719234, 798.296875 ], [ -72.861982, 43.719201, 797.69921875 ], [ -72.862072, 43.719185, 797.5 ], [ -72.862184, 43.71919, 797.5 ], [ -72.862307, 43.719183, 797.59765625 ], [ -72.862431, 43.719171, 797.796875 ], [ -72.862518, 43.719113, 796.796875 ], [ -72.862634, 43.719083, 796.59765625 ], [ -72.862748, 43.719115, 797.8984375 ], [ -72.862869, 43.719163, 799.296875 ], [ -72.862987, 43.719209, 801.19921875 ], [ -72.863086, 43.719269, 803.19921875 ], [ -72.86315, 43.719331, 804.5 ], [ -72.863274, 43.719363, 805.0 ], [ -72.863403, 43.719326, 805.296875 ], [ -72.863509, 43.719268, 805.0 ], [ -72.863624, 43.719206, 804.69921875 ], [ -72.863722, 43.71922, 805.296875 ], [ -72.863851, 43.719188, 805.59765625 ], [ -72.864009, 43.719188, 806.59765625 ], [ -72.8641, 43.719162, 806.8984375 ], [ -72.864187, 43.719121, 807.296875 ], [ -72.864253, 43.719063, 807.5 ], [ -72.86434, 43.719037, 808.59765625 ], [ -72.864451, 43.719014, 809.796875 ], [ -72.864537, 43.718957, 810.19921875 ], [ -72.864633, 43.718915, 811.0 ], [ -72.864739, 43.718878, 812.19921875 ], [ -72.864839, 43.718859, 813.5 ], [ -72.864917, 43.718848, 814.59765625 ], [ -72.864987, 43.718836, 815.5 ], [ -72.865046, 43.718789, 815.8984375 ], [ -72.865138, 43.718754, 816.5 ], [ -72.865231, 43.71872, 817.19921875 ], [ -72.865314, 43.718662, 817.3984375 ], [ -72.865428, 43.718629, 818.59765625 ], [ -72.865533, 43.718568, 819.3984375 ], [ -72.865637, 43.718515, 820.59765625 ], [ -72.865757, 43.71846, 821.8984375 ], [ -72.865861, 43.718442, 823.5 ], [ -72.865952, 43.71841, 825.5 ], [ -72.866053, 43.718372, 827.5 ], [ -72.866107, 43.718346, 828.69921875 ], [ -72.866187, 43.718313, 830.09765625 ], [ -72.866232, 43.718242, 830.3984375 ], [ -72.866281, 43.718209, 831.3984375 ], [ -72.866311, 43.718145, 831.5 ], [ -72.866348, 43.718098, 831.796875 ], [ -72.866411, 43.718051, 832.5 ], [ -72.866475, 43.718011, 833.3984375 ], [ -72.866547, 43.717972, 834.796875 ], [ -72.866616, 43.717914, 835.69921875 ], [ -72.866722, 43.717884, 837.0 ], [ -72.866827, 43.717877, 838.5 ], [ -72.866924, 43.717875, 839.69921875 ], [ -72.867038, 43.717857, 839.796875 ], [ -72.867169, 43.717808, 838.796875 ], [ -72.86728, 43.717795, 838.59765625 ], [ -72.867378, 43.717734, 836.59765625 ], [ -72.867495, 43.717696, 835.796875 ], [ -72.867618, 43.717687, 835.0 ], [ -72.867746, 43.7177, 834.8984375 ], [ -72.867862, 43.717738, 835.5 ], [ -72.867984, 43.717763, 835.3984375 ], [ -72.868104, 43.717794, 835.59765625 ], [ -72.86822, 43.717813, 835.69921875 ], [ -72.868354, 43.717812, 835.296875 ], [ -72.868474, 43.717859, 836.09765625 ], [ -72.868582, 43.717899, 836.69921875 ], [ -72.868677, 43.717934, 836.796875 ], [ -72.868785, 43.717982, 837.296875 ], [ -72.868885, 43.718011, 837.296875 ], [ -72.868999, 43.718045, 837.59765625 ], [ -72.869113, 43.718099, 838.0 ], [ -72.869148, 43.718183, 839.796875 ], [ -72.869195, 43.718254, 840.19921875 ], [ -72.869267, 43.718329, 840.296875 ], [ -72.869368, 43.718376, 839.5 ], [ -72.869475, 43.718436, 838.796875 ], [ -72.869565, 43.718508, 837.3984375 ], [ -72.869654, 43.718585, 836.0 ], [ -72.869713, 43.718667, 835.3984375 ], [ -72.869748, 43.718767, 835.296875 ], [ -72.86979, 43.718862, 834.3984375 ], [ -72.869868, 43.718928, 832.3984375 ], [ -72.869886, 43.719026, 832.19921875 ], [ -72.869901, 43.719131, 832.09765625 ], [ -72.869934, 43.719229, 831.69921875 ], [ -72.869977, 43.719316, 831.09765625 ], [ -72.870014, 43.719401, 829.69921875 ], [ -72.870074, 43.71943, 828.09765625 ], [ -72.87008, 43.719463, 827.69921875 ], [ -72.870165, 43.719524, 825.69921875 ], [ -72.870238, 43.719594, 824.5 ], [ -72.870279, 43.719682, 823.59765625 ], [ -72.870347, 43.719762, 822.09765625 ], [ -72.870437, 43.719808, 820.59765625 ], [ -72.870494, 43.719869, 819.8984375 ], [ -72.87058, 43.719918, 818.296875 ], [ -72.870604, 43.719991, 817.8984375 ], [ -72.870608, 43.720079, 817.69921875 ], [ -72.870648, 43.720167, 817.09765625 ], [ -72.870736, 43.720238, 816.09765625 ], [ -72.870845, 43.720262, 815.296875 ], [ -72.870946, 43.720314, 814.09765625 ], [ -72.871055, 43.720377, 813.19921875 ], [ -72.871189, 43.720409, 812.3984375 ], [ -72.871289, 43.720449, 811.796875 ], [ -72.871366, 43.720519, 811.5 ], [ -72.871443, 43.720606, 811.09765625 ], [ -72.871538, 43.720675, 810.296875 ], [ -72.871638, 43.720756, 809.0 ], [ -72.871675, 43.720846, 808.296875 ], [ -72.871779, 43.72092, 806.8984375 ], [ -72.871828, 43.72102, 805.8984375 ], [ -72.871916, 43.721096, 804.69921875 ], [ -72.871968, 43.721179, 804.0 ], [ -72.871993, 43.721277, 803.296875 ], [ -72.872039, 43.721333, 802.5 ], [ -72.872074, 43.721436, 801.796875 ], [ -72.8722, 43.721477, 801.796875 ], [ -72.872285, 43.721572, 802.09765625 ], [ -72.87235, 43.721657, 802.69921875 ], [ -72.872478, 43.721655, 803.296875 ], [ -72.87263, 43.721655, 804.09765625 ], [ -72.872788, 43.721642, 804.69921875 ], [ -72.872894, 43.721662, 805.296875 ], [ -72.873029, 43.721675, 806.19921875 ], [ -72.873156, 43.721676, 806.5 ], [ -72.873272, 43.721669, 806.5 ], [ -72.873392, 43.721648, 806.19921875 ], [ -72.873486, 43.721654, 806.296875 ], [ -72.873611, 43.721678, 807.3984375 ], [ -72.87372, 43.721718, 807.8984375 ], [ -72.873816, 43.721757, 808.296875 ], [ -72.873916, 43.7218, 808.59765625 ], [ -72.874034, 43.721821, 808.3984375 ], [ -72.874131, 43.721866, 809.09765625 ], [ -72.874217, 43.721908, 809.59765625 ], [ -72.874285, 43.721958, 810.59765625 ], [ -72.874334, 43.722025, 812.296875 ], [ -72.874384, 43.722091, 813.59765625 ], [ -72.874404, 43.722182, 815.3984375 ], [ -72.874438, 43.722241, 816.3984375 ], [ -72.874486, 43.722288, 816.8984375 ], [ -72.874496, 43.722296, 817.0 ], [ -72.874525, 43.722379, 818.5 ], [ -72.874585, 43.722428, 819.0 ], [ -72.874706, 43.722476, 819.09765625 ], [ -72.874838, 43.722505, 817.3984375 ], [ -72.874936, 43.722567, 817.09765625 ], [ -72.874981, 43.722652, 818.59765625 ], [ -72.875037, 43.722744, 819.19921875 ], [ -72.875077, 43.722844, 820.5 ], [ -72.8751, 43.722926, 822.0 ], [ -72.875141, 43.723009, 822.296875 ], [ -72.875186, 43.723092, 822.59765625 ], [ -72.875218, 43.723171, 823.3984375 ], [ -72.875261, 43.723252, 823.8984375 ], [ -72.875347, 43.723337, 823.09765625 ], [ -72.875441, 43.723418, 822.3984375 ], [ -72.875533, 43.723506, 822.0 ], [ -72.875625, 43.723588, 821.0 ], [ -72.875708, 43.723652, 819.8984375 ], [ -72.875815, 43.72371, 817.8984375 ], [ -72.875907, 43.723786, 816.19921875 ], [ -72.875948, 43.723876, 815.5 ], [ -72.875977, 43.723961, 815.09765625 ], [ -72.876016, 43.724051, 814.19921875 ], [ -72.87604, 43.724137, 813.19921875 ], [ -72.876064, 43.724233, 812.296875 ], [ -72.876032, 43.724327, 812.09765625 ], [ -72.875996, 43.724435, 811.19921875 ], [ -72.87594, 43.72452, 810.796875 ], [ -72.875946, 43.724618, 809.5 ], [ -72.875994, 43.7247, 808.69921875 ], [ -72.876052, 43.724782, 807.796875 ], [ -72.876151, 43.724866, 806.69921875 ], [ -72.876284, 43.724914, 805.796875 ], [ -72.876409, 43.724978, 805.296875 ], [ -72.876514, 43.725037, 805.296875 ], [ -72.876622, 43.725097, 805.59765625 ], [ -72.876745, 43.725144, 805.3984375 ], [ -72.876862, 43.725195, 804.796875 ], [ -72.876959, 43.72527, 804.19921875 ], [ -72.877041, 43.72534, 803.296875 ], [ -72.87715, 43.725393, 801.8984375 ], [ -72.877196, 43.72549, 801.59765625 ], [ -72.877219, 43.725588, 801.69921875 ], [ -72.877259, 43.725682, 801.09765625 ], [ -72.877328, 43.725764, 799.796875 ], [ -72.877416, 43.725852, 798.09765625 ], [ -72.877444, 43.725946, 798.0 ], [ -72.87745, 43.726032, 798.19921875 ], [ -72.877488, 43.726129, 798.296875 ], [ -72.877471, 43.726221, 799.09765625 ], [ -72.877467, 43.726317, 800.0 ], [ -72.877497, 43.726417, 800.796875 ], [ -72.877584, 43.726488, 801.0 ], [ -72.877701, 43.726519, 800.5 ], [ -72.877812, 43.726571, 800.3984375 ], [ -72.877887, 43.726641, 801.0 ], [ -72.877991, 43.726695, 801.3984375 ], [ -72.878091, 43.726761, 801.796875 ], [ -72.878182, 43.726821, 801.8984375 ], [ -72.878294, 43.72687, 801.59765625 ], [ -72.878375, 43.726939, 801.69921875 ], [ -72.878454, 43.727011, 801.8984375 ], [ -72.87852, 43.727103, 802.59765625 ], [ -72.878573, 43.727196, 803.59765625 ], [ -72.878599, 43.727295, 805.0 ], [ -72.878654, 43.727378, 805.3984375 ], [ -72.878707, 43.727474, 805.3984375 ], [ -72.878708, 43.727555, 806.69921875 ], [ -72.878731, 43.727629, 807.296875 ], [ -72.878781, 43.727705, 806.59765625 ], [ -72.878864, 43.727773, 805.09765625 ], [ -72.878983, 43.727786, 801.8984375 ], [ -72.879062, 43.727863, 799.8984375 ], [ -72.879087, 43.727948, 798.69921875 ], [ -72.879064, 43.72805, 798.19921875 ], [ -72.879075, 43.728151, 796.09765625 ], [ -72.878991, 43.728225, 797.19921875 ], [ -72.87889, 43.728284, 799.09765625 ], [ -72.878792, 43.728353, 799.59765625 ], [ -72.878735, 43.728443, 798.3984375 ], [ -72.878658, 43.728525, 797.5 ], [ -72.878563, 43.72859, 797.8984375 ], [ -72.878466, 43.728647, 797.69921875 ], [ -72.878429, 43.728673, 797.796875 ], [ -72.878417, 43.728675, 797.69921875 ], [ -72.878302, 43.72872, 798.09765625 ], [ -72.878208, 43.728755, 797.5 ], [ -72.878095, 43.728822, 796.296875 ], [ -72.878027, 43.728888, 794.5 ], [ -72.87789, 43.728908, 793.796875 ], [ -72.877746, 43.728917, 793.296875 ], [ -72.877617, 43.728953, 791.3984375 ], [ -72.877513, 43.728988, 789.296875 ], [ -72.877424, 43.72904, 786.796875 ], [ -72.877351, 43.72908, 784.5 ], [ -72.87724, 43.729129, 782.296875 ], [ -72.877142, 43.729207, 779.59765625 ], [ -72.877037, 43.729273, 778.296875 ], [ -72.876962, 43.729347, 775.8984375 ], [ -72.876863, 43.729425, 772.69921875 ], [ -72.876742, 43.72945, 772.19921875 ], [ -72.87662, 43.729463, 771.5 ], [ -72.876471, 43.729467, 769.69921875 ], [ -72.87639, 43.729409, 770.3984375 ], [ -72.876275, 43.729358, 769.69921875 ], [ -72.876203, 43.72935, 768.5 ], [ -72.87614, 43.72933, 767.8984375 ], [ -72.876054, 43.729288, 766.59765625 ], [ -72.875946, 43.729267, 764.3984375 ], [ -72.875827, 43.729211, 762.296875 ], [ -72.875749, 43.729157, 760.3984375 ], [ -72.875693, 43.729123, 759.0 ], [ -72.87556, 43.729094, 755.19921875 ], [ -72.875512, 43.72899, 755.0 ], [ -72.875452, 43.728927, 753.59765625 ], [ -72.875346, 43.728833, 751.0 ], [ -72.875254, 43.72887, 748.19921875 ], [ -72.875122, 43.728893, 744.5 ], [ -72.875087, 43.728983, 743.09765625 ], [ -72.875074, 43.729091, 741.5 ], [ -72.87507, 43.729207, 740.09765625 ], [ -72.875069, 43.72931, 738.8984375 ], [ -72.875118, 43.729401, 738.59765625 ], [ -72.875194, 43.729479, 738.8984375 ], [ -72.875287, 43.729535, 740.296875 ], [ -72.875353, 43.729602, 740.59765625 ], [ -72.875416, 43.729694, 740.19921875 ], [ -72.875464, 43.729793, 738.59765625 ], [ -72.875502, 43.729891, 736.59765625 ], [ -72.875547, 43.729968, 735.0 ], [ -72.875699, 43.730214, 729.796875 ], [ -72.875742, 43.730307, 728.0 ], [ -72.875825, 43.730398, 727.3984375 ], [ -72.875894, 43.730472, 725.8984375 ], [ -72.875924, 43.73053, 724.296875 ], [ -72.875986, 43.730615, 722.09765625 ], [ -72.876037, 43.730708, 719.69921875 ], [ -72.87611, 43.730787, 717.5 ], [ -72.876182, 43.73088, 714.796875 ], [ -72.876252, 43.730923, 713.8984375 ], [ -72.876342, 43.730963, 713.09765625 ], [ -72.876453, 43.730992, 712.19921875 ], [ -72.87657, 43.730972, 712.3984375 ], [ -72.876628, 43.730941, 713.296875 ], [ -72.876689, 43.730933, 713.3984375 ], [ -72.876805, 43.730944, 712.5 ], [ -72.876929, 43.730971, 711.09765625 ], [ -72.877073, 43.730979, 709.3984375 ], [ -72.87722, 43.730992, 707.3984375 ], [ -72.877341, 43.73095, 706.8984375 ], [ -72.877467, 43.730898, 706.296875 ], [ -72.877583, 43.730869, 705.59765625 ], [ -72.8777, 43.730854, 704.796875 ], [ -72.877814, 43.73088, 702.8984375 ], [ -72.877939, 43.730907, 701.59765625 ], [ -72.878078, 43.730905, 701.19921875 ], [ -72.878223, 43.730925, 700.0 ], [ -72.878348, 43.730947, 698.796875 ], [ -72.878489, 43.730948, 697.69921875 ], [ -72.878598, 43.730898, 698.69921875 ], [ -72.878724, 43.730873, 700.5 ], [ -72.878817, 43.73084, 702.0 ], [ -72.878872, 43.730785, 703.19921875 ], [ -72.878969, 43.730793, 703.8984375 ], [ -72.879012, 43.730777, 704.296875 ], [ -72.87904, 43.730783, 704.5 ], [ -72.879108, 43.73082, 704.59765625 ], [ -72.879194, 43.730837, 705.296875 ], [ -72.879275, 43.730875, 706.296875 ], [ -72.879385, 43.730921, 707.59765625 ], [ -72.879459, 43.730979, 707.8984375 ], [ -72.879569, 43.731033, 707.19921875 ], [ -72.879696, 43.731058, 707.0 ], [ -72.879844, 43.731065, 706.8984375 ], [ -72.879987, 43.731044, 707.296875 ], [ -72.880129, 43.731052, 708.0 ], [ -72.880276, 43.731025, 709.0 ], [ -72.880363, 43.730942, 709.69921875 ], [ -72.880437, 43.730846, 709.5 ], [ -72.88048, 43.730745, 708.59765625 ], [ -72.880573, 43.730663, 707.8984375 ], [ -72.880662, 43.730582, 708.09765625 ], [ -72.880778, 43.730515, 707.8984375 ], [ -72.880878, 43.730434, 706.796875 ], [ -72.880995, 43.730367, 707.19921875 ], [ -72.881141, 43.730335, 707.69921875 ], [ -72.881212, 43.730257, 706.5 ], [ -72.881263, 43.730161, 704.8984375 ], [ -72.881368, 43.730105, 704.3984375 ], [ -72.88145, 43.730057, 703.3984375 ], [ -72.88147, 43.730048, 703.09765625 ], [ -72.881504, 43.730016, 702.5 ], [ -72.881614, 43.729943, 700.59765625 ], [ -72.881743, 43.729897, 698.8984375 ], [ -72.881874, 43.729849, 696.59765625 ], [ -72.882011, 43.729811, 694.0 ], [ -72.882159, 43.729806, 691.8984375 ], [ -72.882268, 43.729861, 691.09765625 ], [ -72.882407, 43.729916, 689.69921875 ], [ -72.882526, 43.729941, 687.69921875 ], [ -72.882587, 43.730026, 687.69921875 ], [ -72.882627, 43.730124, 688.0 ], [ -72.882713, 43.730176, 686.19921875 ], [ -72.882774, 43.730219, 684.5 ], [ -72.882784, 43.730224, 684.19921875 ], [ -72.882845, 43.73027, 681.19921875 ], [ -72.882922, 43.730336, 678.0 ], [ -72.882957, 43.730417, 675.796875 ], [ -72.883028, 43.730494, 672.5 ], [ -72.883091, 43.730579, 670.296875 ], [ -72.883132, 43.730645, 669.19921875 ], [ -72.883223, 43.730719, 666.8984375 ], [ -72.883279, 43.730805, 667.59765625 ], [ -72.883307, 43.730881, 668.796875 ], [ -72.883368, 43.730967, 669.8984375 ], [ -72.883429, 43.731045, 671.19921875 ], [ -72.883504, 43.731128, 672.09765625 ], [ -72.88361, 43.731199, 671.19921875 ], [ -72.883711, 43.731261, 669.796875 ], [ -72.883832, 43.731285, 666.296875 ], [ -72.883908, 43.731352, 665.09765625 ], [ -72.883944, 43.731444, 666.59765625 ], [ -72.884035, 43.73152, 664.796875 ], [ -72.884084, 43.731598, 665.19921875 ], [ -72.884167, 43.731714, 663.796875 ], [ -72.884203, 43.73177, 664.0 ], [ -72.884266, 43.731848, 663.09765625 ], [ -72.884311, 43.731925, 663.09765625 ], [ -72.884339, 43.732022, 663.59765625 ], [ -72.884384, 43.732095, 663.69921875 ], [ -72.884396, 43.732186, 664.796875 ], [ -72.884407, 43.732251, 665.5 ], [ -72.884454, 43.732343, 665.3984375 ], [ -72.884525, 43.732444, 664.19921875 ], [ -72.884581, 43.73254, 664.19921875 ], [ -72.884657, 43.732637, 662.69921875 ], [ -72.884673, 43.732723, 663.796875 ], [ -72.884748, 43.732796, 661.69921875 ], [ -72.884805, 43.73289, 660.69921875 ], [ -72.884809, 43.732973, 662.3984375 ], [ -72.884809, 43.733022, 663.3984375 ], [ -72.88486, 43.733102, 663.0 ], [ -72.884893, 43.733192, 663.69921875 ], [ -72.884959, 43.733253, 662.0 ], [ -72.885007, 43.733346, 662.0 ], [ -72.885032, 43.733442, 663.19921875 ], [ -72.885056, 43.733531, 664.296875 ], [ -72.885088, 43.733624, 665.5 ], [ -72.885105, 43.733708, 667.0 ], [ -72.885122, 43.733785, 669.0 ], [ -72.885123, 43.73385, 671.0 ], [ -72.88514, 43.733929, 672.796875 ], [ -72.885173, 43.734004, 673.796875 ], [ -72.885188, 43.734084, 675.59765625 ], [ -72.885203, 43.734105, 676.19921875 ], [ -72.885234, 43.734206, 678.3984375 ], [ -72.88526, 43.73427, 679.3984375 ], [ -72.885264, 43.734272, 679.3984375 ], [ -72.88527, 43.734297, 680.09765625 ], [ -72.885266, 43.734362, 682.3984375 ], [ -72.885252, 43.734425, 685.796875 ], [ -72.885261, 43.734474, 687.09765625 ], [ -72.885256, 43.734545, 690.19921875 ], [ -72.885269, 43.734593, 691.3984375 ], [ -72.885269, 43.73466, 693.3984375 ], [ -72.885275, 43.734726, 695.3984375 ], [ -72.885282, 43.734786, 696.8984375 ], [ -72.885287, 43.734847, 698.3984375 ], [ -72.885299, 43.734914, 700.0 ], [ -72.885308, 43.734974, 701.69921875 ], [ -72.885349, 43.735016, 702.296875 ], [ -72.885357, 43.735064, 703.3984375 ], [ -72.885378, 43.735059, 702.8984375 ], [ -72.885402, 43.735141, 705.0 ], [ -72.885381, 43.735158, 706.09765625 ], [ -72.885377, 43.735201, 707.296875 ], [ -72.885377, 43.735245, 708.796875 ], [ -72.885421, 43.735302, 709.3984375 ], [ -72.885453, 43.735358, 710.5 ], [ -72.885479, 43.735406, 711.3984375 ], [ -72.885501, 43.735447, 711.8984375 ], [ -72.885537, 43.73547, 711.5 ], [ -72.885571, 43.735496, 711.3984375 ], [ -72.885669, 43.735556, 710.0 ], [ -72.885773, 43.735619, 708.796875 ], [ -72.885804, 43.735699, 709.8984375 ], [ -72.885795, 43.735782, 711.0 ], [ -72.885767, 43.735855, 712.796875 ], [ -72.885754, 43.735944, 714.3984375 ], [ -72.885693, 43.736023, 716.3984375 ], [ -72.88565, 43.736101, 717.69921875 ], [ -72.885576, 43.736176, 719.3984375 ], [ -72.885542, 43.736273, 719.796875 ], [ -72.885513, 43.736367, 719.0 ], [ -72.885487, 43.736461, 718.296875 ], [ -72.885487, 43.73657, 717.09765625 ], [ -72.885452, 43.736661, 716.09765625 ], [ -72.885432, 43.736754, 714.796875 ], [ -72.885358, 43.736856, 713.5 ], [ -72.885287, 43.73695, 712.796875 ], [ -72.885205, 43.737023, 712.59765625 ], [ -72.885109, 43.737093, 712.69921875 ], [ -72.885037, 43.737192, 712.3984375 ], [ -72.884944, 43.737269, 712.59765625 ], [ -72.884901, 43.737361, 712.09765625 ], [ -72.884857, 43.737463, 711.3984375 ], [ -72.884803, 43.73755, 711.3984375 ], [ -72.884751, 43.737635, 711.5 ], [ -72.884719, 43.737746, 711.59765625 ], [ -72.884615, 43.737801, 711.8984375 ], [ -72.884561, 43.737881, 711.796875 ], [ -72.884605, 43.737956, 712.09765625 ], [ -72.88465, 43.738011, 712.796875 ], [ -72.884682, 43.738092, 714.09765625 ], [ -72.884647, 43.738161, 715.19921875 ], [ -72.884577, 43.738239, 716.0 ], [ -72.884567, 43.738309, 716.69921875 ], [ -72.884579, 43.738402, 717.69921875 ], [ -72.884661, 43.738461, 719.19921875 ], [ -72.8847, 43.73854, 720.8984375 ], [ -72.884783, 43.738595, 723.0 ], [ -72.88481, 43.738679, 724.796875 ], [ -72.884835, 43.738754, 726.296875 ], [ -72.884859, 43.738837, 727.5 ], [ -72.884934, 43.738913, 729.0 ], [ -72.885029, 43.738901, 730.0 ], [ -72.885089, 43.738942, 731.3984375 ], [ -72.8851, 43.738957, 731.796875 ], [ -72.885201, 43.738936, 733.0 ], [ -72.885181, 43.739063, 735.19921875 ], [ -72.885212, 43.739113, 737.3984375 ], [ -72.88526, 43.739134, 739.0 ], [ -72.885301, 43.73919, 741.59765625 ], [ -72.885348, 43.739221, 743.296875 ], [ -72.885363, 43.739237, 744.09765625 ], [ -72.885407, 43.73927, 745.796875 ], [ -72.885444, 43.7393, 747.19921875 ], [ -72.885474, 43.739325, 748.5 ], [ -72.885499, 43.739352, 749.3984375 ], [ -72.885504, 43.739357, 749.69921875 ], [ -72.885546, 43.739391, 751.09765625 ], [ -72.885575, 43.739432, 751.796875 ], [ -72.885623, 43.739486, 752.59765625 ], [ -72.885663, 43.739507, 752.296875 ], [ -72.885668, 43.739555, 753.09765625 ], [ -72.885684, 43.739577, 753.19921875 ], [ -72.885717, 43.739654, 752.5 ], [ -72.885721, 43.739719, 752.5 ], [ -72.885714, 43.739775, 752.796875 ], [ -72.885696, 43.739817, 753.19921875 ], [ -72.885726, 43.73988, 752.0 ], [ -72.885767, 43.739893, 750.3984375 ], [ -72.885799, 43.739913, 749.09765625 ], [ -72.885847, 43.739998, 747.0 ], [ -72.885845, 43.740078, 746.69921875 ], [ -72.885852, 43.740134, 746.59765625 ], [ -72.885858, 43.740166, 746.296875 ], [ -72.88587, 43.740223, 746.19921875 ], [ -72.885877, 43.740289, 746.09765625 ], [ -72.885912, 43.740362, 745.3984375 ], [ -72.885952, 43.740415, 744.296875 ], [ -72.886027, 43.74044, 741.8984375 ], [ -72.88612, 43.740497, 739.69921875 ], [ -72.886182, 43.740569, 738.8984375 ], [ -72.886241, 43.740661, 738.3984375 ], [ -72.886324, 43.741461, 747.69921875 ], [ -72.886335, 43.741518, 747.5 ], [ -72.886336, 43.741576, 747.59765625 ], [ -72.886423, 43.74167, 744.8984375 ], [ -72.886424, 43.741719, 744.8984375 ], [ -72.886484, 43.741802, 742.69921875 ], [ -72.886505, 43.741901, 740.69921875 ], [ -72.886477, 43.741979, 741.09765625 ], [ -72.886387, 43.74205, 744.19921875 ], [ -72.886368, 43.742439, 741.59765625 ], [ -72.886348, 43.742622, 740.09765625 ], [ -72.886336, 43.742729, 739.69921875 ], [ -72.886359, 43.742765, 738.5 ], [ -72.886357, 43.742814, 738.19921875 ], [ -72.886379, 43.742954, 736.5 ], [ -72.886369, 43.742987, 737.0 ], [ -72.886373, 43.743078, 737.0 ], [ -72.886407, 43.743199, 735.296875 ], [ -72.886415, 43.743223, 735.0 ], [ -72.886449, 43.743367, 734.296875 ], [ -72.886481, 43.744106, 738.296875 ], [ -72.886517, 43.74419, 736.3984375 ], [ -72.886524, 43.744245, 736.296875 ], [ -72.886532, 43.744327, 736.09765625 ], [ -72.886558, 43.744417, 735.69921875 ], [ -72.886584, 43.744471, 735.59765625 ], [ -72.886602, 43.744537, 735.8984375 ], [ -72.886637, 43.74463, 738.796875 ], [ -72.886626, 43.744695, 743.8984375 ], [ -72.88657, 43.744733, 746.5 ], [ -72.886576, 43.744785, 750.3984375 ], [ -72.8866196, 43.7448209, 752.19921875 ], [ -72.886524, 43.744866, 755.296875 ], [ -72.886436, 43.74491, 756.69921875 ], [ -72.886345, 43.744937, 757.5 ], [ -72.886237, 43.744987, 758.69921875 ], [ -72.88618, 43.74504, 759.59765625 ], [ -72.886157, 43.745062, 759.8984375 ], [ -72.886094, 43.745122, 760.5 ], [ -72.886082, 43.745123, 760.5 ], [ -72.885959, 43.745242, 761.296875 ], [ -72.885934, 43.745269, 761.3984375 ], [ -72.885892, 43.745281, 761.09765625 ], [ -72.885862, 43.745275, 760.796875 ], [ -72.885739, 43.745346, 760.5 ], [ -72.885602, 43.74545, 759.69921875 ], [ -72.885555, 43.745535, 759.8984375 ], [ -72.885572, 43.745585, 760.3984375 ], [ -72.8855834, 43.7456153, 760.796875 ], [ -72.88563, 43.745723, 762.19921875 ], [ -72.88577, 43.745735, 764.3984375 ], [ -72.885844, 43.745804, 765.8984375 ], [ -72.885958, 43.745837, 768.59765625 ], [ -72.886072, 43.745849, 770.8984375 ], [ -72.886193, 43.745827, 773.59765625 ], [ -72.886273, 43.745744, 774.19921875 ], [ -72.886371, 43.74569, 775.5 ], [ -72.886433, 43.745619, 775.8984375 ], [ -72.886467, 43.745532, 775.09765625 ], [ -72.886536, 43.745455, 775.296875 ], [ -72.886622, 43.745407, 775.796875 ], [ -72.886687, 43.745399, 776.796875 ], [ -72.886786, 43.745404, 778.5 ], [ -72.886873, 43.745375, 779.0 ], [ -72.886979, 43.745369, 779.8984375 ], [ -72.887023, 43.745358, 779.69921875 ], [ -72.887042, 43.745376, 781.0 ], [ -72.887166, 43.745423, 784.59765625 ], [ -72.887305, 43.745414, 784.296875 ], [ -72.887455, 43.745419, 784.296875 ], [ -72.887605, 43.745445, 783.796875 ], [ -72.887736, 43.745475, 783.19921875 ], [ -72.887872, 43.745487, 781.296875 ], [ -72.887968, 43.745511, 780.5 ], [ -72.888111, 43.745538, 780.09765625 ], [ -72.888239, 43.745554, 779.0 ], [ -72.888358, 43.745572, 778.8984375 ], [ -72.888528, 43.745662, 784.69921875 ], [ -72.888631, 43.745652, 783.59765625 ], [ -72.888769, 43.745647, 781.19921875 ], [ -72.888921, 43.745655, 779.296875 ], [ -72.889026, 43.745655, 777.69921875 ], [ -72.88913, 43.74568, 777.5 ], [ -72.889239, 43.745709, 777.09765625 ], [ -72.889347, 43.745713, 774.296875 ], [ -72.889487, 43.745729, 772.0 ], [ -72.889603, 43.745772, 771.3984375 ], [ -72.889692, 43.745822, 771.69921875 ], [ -72.889771, 43.745891, 773.0 ], [ -72.889888, 43.745943, 771.796875 ], [ -72.889986, 43.746001, 771.69921875 ], [ -72.890066, 43.746066, 772.5 ], [ -72.890185, 43.746114, 770.3984375 ], [ -72.890308, 43.74619, 770.8984375 ], [ -72.890396, 43.746274, 772.296875 ], [ -72.890508, 43.746353, 772.296875 ], [ -72.890561, 43.746423, 773.59765625 ], [ -72.89065, 43.746491, 774.0 ], [ -72.890702, 43.746569, 775.5 ], [ -72.890764, 43.746635, 775.796875 ], [ -72.890845, 43.7467, 774.8984375 ], [ -72.89091, 43.746758, 774.8984375 ], [ -72.891003, 43.746832, 774.296875 ], [ -72.8911, 43.746888, 773.09765625 ], [ -72.89119, 43.746958, 771.8984375 ], [ -72.891259, 43.747035, 771.69921875 ], [ -72.891318, 43.747129, 771.796875 ], [ -72.891352, 43.747228, 772.69921875 ], [ -72.89138, 43.747338, 773.796875 ], [ -72.891392, 43.747417, 774.19921875 ], [ -72.891428, 43.747526, 772.796875 ], [ -72.89141, 43.747627, 774.09765625 ], [ -72.891411, 43.74772, 774.0 ], [ -72.891445, 43.747828, 772.09765625 ], [ -72.891492, 43.747933, 769.8984375 ], [ -72.89152, 43.748036, 768.19921875 ], [ -72.891525, 43.748138, 767.5 ], [ -72.891568, 43.74825, 766.296875 ], [ -72.891616, 43.748346, 765.296875 ], [ -72.891673, 43.748442, 764.3984375 ], [ -72.891672, 43.748547, 766.59765625 ], [ -72.891736, 43.748617, 765.69921875 ], [ -72.891813, 43.748691, 764.69921875 ], [ -72.891846, 43.748772, 765.09765625 ], [ -72.891854, 43.748851, 767.8984375 ], [ -72.891903, 43.748951, 769.296875 ], [ -72.891965, 43.749032, 769.19921875 ], [ -72.892058, 43.749111, 769.09765625 ], [ -72.892088, 43.7492, 771.59765625 ], [ -72.892131, 43.749235, 771.69921875 ], [ -72.892245, 43.749263, 768.3984375 ], [ -72.892335, 43.749307, 767.796875 ], [ -72.892451, 43.749359, 767.09765625 ], [ -72.892493, 43.749422, 769.0 ], [ -72.892586, 43.749462, 769.69921875 ], [ -72.892622, 43.749505, 771.8984375 ], [ -72.892707, 43.749551, 773.0 ], [ -72.892841, 43.749573, 772.796875 ], [ -72.892958, 43.749585, 773.0 ], [ -72.893074, 43.749626, 774.0 ], [ -72.893196, 43.749657, 774.19921875 ], [ -72.893316, 43.749653, 772.5 ], [ -72.893421, 43.749678, 773.59765625 ], [ -72.893566, 43.74968, 773.0 ], [ -72.893717, 43.749689, 772.59765625 ], [ -72.893835, 43.749729, 773.69921875 ], [ -72.893947, 43.749755, 774.3984375 ], [ -72.894032, 43.749771, 774.19921875 ], [ -72.894076, 43.749766, 773.796875 ], [ -72.894167, 43.749787, 774.09765625 ], [ -72.894255, 43.749787, 773.3984375 ], [ -72.894324, 43.749779, 772.3984375 ], [ -72.89447, 43.749803, 772.19921875 ], [ -72.894584, 43.749819, 772.19921875 ], [ -72.89468, 43.749852, 772.796875 ], [ -72.894742, 43.749901, 774.69921875 ], [ -72.894826, 43.749933, 774.8984375 ], [ -72.894866, 43.749984, 776.8984375 ], [ -72.894952, 43.750003, 776.69921875 ], [ -72.894976, 43.750005, 776.796875 ], [ -72.895045, 43.750024, 776.09765625 ], [ -72.89513, 43.750054, 776.0 ], [ -72.89524, 43.750113, 776.5 ], [ -72.895316, 43.750169, 776.296875 ], [ -72.895358, 43.75022, 775.8984375 ], [ -72.895442, 43.750273, 774.0 ], [ -72.895517, 43.750321, 771.8984375 ], [ -72.895578, 43.750414, 770.796875 ], [ -72.89561, 43.750495, 769.09765625 ], [ -72.895606, 43.750587, 768.69921875 ], [ -72.895622, 43.750662, 767.8984375 ], [ -72.895603, 43.750734, 768.19921875 ], [ -72.895545, 43.750782, 770.09765625 ], [ -72.895503, 43.750821, 772.09765625 ], [ -72.895501, 43.750895, 771.0 ], [ -72.895518, 43.750961, 769.09765625 ], [ -72.895465, 43.751017, 770.69921875 ], [ -72.895433, 43.751062, 772.19921875 ], [ -72.895394, 43.751107, 773.59765625 ], [ -72.89535, 43.751212, 774.19921875 ], [ -72.895277, 43.751289, 776.8984375 ], [ -72.895229, 43.751334, 779.0 ], [ -72.895196, 43.751392, 779.3984375 ], [ -72.895173, 43.751584, 776.59765625 ], [ -72.89517, 43.751646, 774.69921875 ], [ -72.895149, 43.751742, 773.59765625 ], [ -72.895132, 43.751848, 772.09765625 ], [ -72.895097, 43.751949, 771.59765625 ], [ -72.89505, 43.752018, 772.796875 ], [ -72.895004, 43.752095, 773.5 ], [ -72.894964, 43.752163, 773.8984375 ], [ -72.894906, 43.752266, 773.296875 ], [ -72.894854, 43.752356, 773.59765625 ], [ -72.894792, 43.75244, 774.5 ], [ -72.89477, 43.752533, 772.8984375 ], [ -72.894731, 43.752645, 771.5 ], [ -72.894643, 43.75269, 775.59765625 ], [ -72.89458, 43.752758, 777.69921875 ], [ -72.894583, 43.752851, 776.296875 ], [ -72.894626, 43.75294, 772.69921875 ], [ -72.894679, 43.753044, 771.0 ], [ -72.894679, 43.753093, 771.69921875 ], [ -72.894715, 43.753162, 769.796875 ], [ -72.894844, 43.753421, 769.19921875 ], [ -72.894903, 43.753526, 768.0 ], [ -72.89492, 43.753599, 768.296875 ], [ -72.894988, 43.75369, 765.3984375 ], [ -72.895031, 43.753835, 766.8984375 ], [ -72.895029, 43.75384, 766.8984375 ], [ -72.895023, 43.753897, 768.796875 ], [ -72.895059, 43.753975, 768.796875 ], [ -72.895123, 43.754078, 768.5 ], [ -72.895164, 43.754136, 768.0 ], [ -72.895204, 43.754208, 767.59765625 ], [ -72.895247, 43.754282, 766.19921875 ], [ -72.895342, 43.754372, 764.5 ], [ -72.895456, 43.75453, 763.59765625 ], [ -72.895481, 43.754587, 764.296875 ], [ -72.895501, 43.754656, 765.796875 ], [ -72.895507, 43.754735, 768.09765625 ], [ -72.895472, 43.754806, 772.796875 ], [ -72.89549, 43.754865, 773.796875 ], [ -72.895571, 43.754937, 772.0 ], [ -72.895627, 43.754982, 770.796875 ], [ -72.895711, 43.755051, 769.59765625 ], [ -72.895778, 43.755117, 768.69921875 ], [ -72.895812, 43.75519, 769.796875 ], [ -72.895835, 43.755263, 771.09765625 ], [ -72.895896, 43.755347, 771.69921875 ], [ -72.895957, 43.75542, 771.19921875 ], [ -72.89604, 43.755468, 769.09765625 ], [ -72.89614, 43.755529, 767.0 ], [ -72.896222, 43.755636, 767.5 ], [ -72.896274, 43.755699, 767.296875 ], [ -72.896314, 43.755767, 767.59765625 ], [ -72.896318, 43.755819, 768.59765625 ], [ -72.896344, 43.755883, 769.5 ], [ -72.896381, 43.755971, 770.296875 ], [ -72.896392, 43.756054, 772.5 ], [ -72.896432, 43.756106, 772.796875 ], [ -72.896468, 43.756181, 773.19921875 ], [ -72.896488, 43.756265, 774.69921875 ], [ -72.896503, 43.756316, 775.3984375 ], [ -72.89652, 43.756402, 776.296875 ], [ -72.896561, 43.756489, 776.8984375 ], [ -72.896555, 43.756605, 778.5 ], [ -72.896527, 43.756711, 779.8984375 ], [ -72.896488, 43.756811, 781.09765625 ], [ -72.896459, 43.756908, 779.59765625 ], [ -72.896376, 43.756995, 778.796875 ], [ -72.896306, 43.757093, 776.796875 ], [ -72.89627, 43.757198, 772.8984375 ], [ -72.896229, 43.757328, 768.796875 ], [ -72.896176, 43.757422, 766.09765625 ], [ -72.896054, 43.757469, 765.3984375 ], [ -72.895911, 43.757506, 764.796875 ], [ -72.89576, 43.757556, 763.69921875 ], [ -72.895679, 43.757617, 762.09765625 ], [ -72.895685, 43.757702, 759.0 ], [ -72.895671, 43.757779, 755.796875 ], [ -72.895673, 43.757866, 752.09765625 ], [ -72.895633, 43.757944, 749.296875 ], [ -72.895525, 43.75802, 745.69921875 ], [ -72.895438, 43.758077, 742.8984375 ], [ -72.895394, 43.758149, 740.09765625 ], [ -72.895322, 43.758212, 737.8984375 ], [ -72.895209, 43.75827, 734.59765625 ], [ -72.895122, 43.758367, 729.19921875 ], [ -72.895098, 43.758433, 726.296875 ], [ -72.895079, 43.7585, 723.19921875 ], [ -72.895064, 43.758567, 720.5 ], [ -72.89513, 43.758608, 719.0 ], [ -72.895198, 43.758645, 717.3984375 ], [ -72.895318, 43.758664, 716.69921875 ], [ -72.895445, 43.758682, 715.296875 ], [ -72.895573, 43.758656, 715.5 ], [ -72.895695, 43.75863, 715.69921875 ], [ -72.895784, 43.7586, 716.296875 ], [ -72.895913, 43.758612, 715.09765625 ], [ -72.896054, 43.758606, 714.3984375 ], [ -72.896151, 43.758598, 714.19921875 ], [ -72.896274, 43.758595, 713.5 ], [ -72.896414, 43.758619, 712.19921875 ], [ -72.896568, 43.758633, 712.0 ], [ -72.896704, 43.75863, 712.19921875 ], [ -72.896829, 43.758583, 713.69921875 ], [ -72.896932, 43.758585, 713.796875 ], [ -72.897072, 43.758612, 714.0 ], [ -72.897152, 43.758663, 713.3984375 ], [ -72.897245, 43.75873, 712.5 ], [ -72.897391, 43.75874, 712.796875 ], [ -72.897515, 43.758791, 712.19921875 ], [ -72.897622, 43.758851, 711.296875 ], [ -72.897677, 43.758952, 709.296875 ], [ -72.897764, 43.759039, 707.5 ], [ -72.897848, 43.759099, 706.5 ], [ -72.897948, 43.759136, 706.59765625 ], [ -72.898028, 43.759205, 706.296875 ], [ -72.898105, 43.759289, 706.59765625 ], [ -72.898132, 43.759385, 705.5 ], [ -72.898191, 43.759463, 706.09765625 ], [ -72.898235, 43.759567, 706.19921875 ], [ -72.89825, 43.75964, 705.09765625 ], [ -72.898297, 43.759736, 704.59765625 ], [ -72.898372, 43.759804, 705.3984375 ], [ -72.898407, 43.759907, 705.0 ], [ -72.898456, 43.759983, 705.796875 ], [ -72.89847, 43.760089, 705.0 ], [ -72.898465, 43.760173, 704.09765625 ], [ -72.898422, 43.760272, 701.69921875 ], [ -72.898426, 43.760366, 701.19921875 ], [ -72.89847, 43.760446, 701.19921875 ], [ -72.898547, 43.760503, 702.296875 ], [ -72.898637, 43.76058, 702.296875 ], [ -72.898737, 43.760641, 702.09765625 ], [ -72.898842, 43.760691, 702.3984375 ], [ -72.89895, 43.760716, 702.19921875 ], [ -72.89908, 43.760711, 702.5 ], [ -72.899216, 43.760718, 701.59765625 ], [ -72.899368, 43.760718, 699.8984375 ], [ -72.899484, 43.760696, 699.0 ], [ -72.899606, 43.760678, 696.8984375 ], [ -72.899685, 43.7606, 697.69921875 ], [ -72.899793, 43.760535, 697.796875 ], [ -72.899883, 43.760475, 698.09765625 ], [ -72.899971, 43.760413, 698.69921875 ], [ -72.900089, 43.760334, 699.09765625 ], [ -72.900193, 43.760257, 699.8984375 ], [ -72.900286, 43.76024, 699.296875 ], [ -72.900304, 43.760243, 699.296875 ], [ -72.900388, 43.760247, 698.59765625 ], [ -72.900499, 43.760228, 698.8984375 ], [ -72.900648, 43.760215, 699.3984375 ], [ -72.900774, 43.760204, 700.59765625 ], [ -72.900898, 43.760204, 700.59765625 ], [ -72.901041, 43.760175, 700.8984375 ], [ -72.901169, 43.760134, 702.0 ], [ -72.901281, 43.76007, 702.69921875 ], [ -72.901383, 43.760016, 703.19921875 ], [ -72.901479, 43.759948, 703.796875 ], [ -72.90155, 43.759873, 704.69921875 ], [ -72.901624, 43.759786, 704.59765625 ], [ -72.901736, 43.759759, 704.3984375 ], [ -72.901827, 43.759809, 704.59765625 ], [ -72.901899, 43.759871, 704.796875 ], [ -72.901988, 43.759942, 704.8984375 ], [ -72.902062, 43.760024, 705.19921875 ], [ -72.902072, 43.760127, 704.796875 ], [ -72.902154, 43.760212, 705.3984375 ], [ -72.902248, 43.760295, 706.3984375 ], [ -72.902303, 43.760373, 707.0 ], [ -72.902373, 43.760446, 707.8984375 ], [ -72.90244, 43.760508, 708.796875 ], [ -72.902501, 43.760593, 709.09765625 ], [ -72.902535, 43.760678, 708.8984375 ], [ -72.902568, 43.760805, 707.8984375 ], [ -72.902589, 43.760895, 707.19921875 ], [ -72.902636, 43.761005, 706.3984375 ], [ -72.902742, 43.761077, 706.8984375 ], [ -72.902839, 43.76117, 707.296875 ], [ -72.90293, 43.761237, 707.8984375 ], [ -72.903044, 43.761276, 709.19921875 ], [ -72.90313, 43.761356, 709.3984375 ], [ -72.903172, 43.761453, 708.5 ], [ -72.90323, 43.761549, 707.69921875 ], [ -72.903323, 43.761621, 708.09765625 ], [ -72.903406, 43.761707, 708.19921875 ], [ -72.90347, 43.761785, 707.796875 ], [ -72.903534, 43.761878, 707.3984375 ], [ -72.903609, 43.761941, 708.0 ], [ -72.903714, 43.762016, 708.296875 ], [ -72.903811, 43.762051, 709.296875 ], [ -72.903854, 43.762014, 710.5 ], [ -72.903836, 43.761933, 711.5 ], [ -72.90381, 43.761849, 712.19921875 ], [ -72.903798, 43.761771, 713.59765625 ], [ -72.90384, 43.761697, 715.8984375 ], [ -72.903883, 43.761665, 717.296875 ], [ -72.904007, 43.761676, 719.296875 ], [ -72.904121, 43.761725, 720.09765625 ], [ -72.904219, 43.761751, 721.09765625 ], [ -72.904312, 43.761757, 722.09765625 ], [ -72.904417, 43.76176, 723.59765625 ], [ -72.90452, 43.761769, 724.796875 ], [ -72.904673, 43.761712, 728.0 ], [ -72.904775, 43.761684, 730.3984375 ], [ -72.904881, 43.761674, 732.59765625 ], [ -72.905, 43.761741, 733.8984375 ], [ -72.905085, 43.761817, 734.69921875 ], [ -72.905144, 43.761891, 734.796875 ], [ -72.905264, 43.761937, 736.69921875 ], [ -72.905358, 43.761979, 737.69921875 ], [ -72.905441, 43.762, 738.796875 ], [ -72.905553, 43.761981, 740.69921875 ], [ -72.905644, 43.761991, 742.59765625 ], [ -72.905715, 43.761989, 744.3984375 ], [ -72.905773, 43.761981, 745.69921875 ], [ -72.905823, 43.761958, 747.0 ], [ -72.905879, 43.761906, 748.796875 ], [ -72.905928, 43.761841, 750.19921875 ], [ -72.906018, 43.761852, 751.59765625 ], [ -72.906084, 43.76188, 752.69921875 ], [ -72.906117, 43.76192, 753.59765625 ], [ -72.906147, 43.76194, 754.19921875 ], [ -72.906201, 43.761974, 755.3984375 ], [ -72.906245, 43.762024, 756.8984375 ], [ -72.906311, 43.762075, 759.0 ], [ -72.906415, 43.762102, 761.69921875 ], [ -72.906451, 43.762086, 762.19921875 ], [ -72.906501, 43.762063, 762.5 ], [ -72.906605, 43.762089, 765.09765625 ], [ -72.906675, 43.762133, 766.8984375 ], [ -72.906727, 43.762167, 768.0 ], [ -72.906805, 43.762199, 769.296875 ], [ -72.906885, 43.762218, 770.5 ], [ -72.906894, 43.762271, 771.796875 ], [ -72.906877, 43.76231, 772.69921875 ], [ -72.906898, 43.762358, 774.296875 ], [ -72.906925, 43.762381, 775.09765625 ], [ -72.906927, 43.7624, 775.5 ], [ -72.907003, 43.762444, 776.8984375 ], [ -72.907102, 43.76247, 778.59765625 ], [ -72.907146, 43.762525, 781.0 ], [ -72.907258, 43.762543, 782.5 ], [ -72.907347, 43.762583, 784.296875 ], [ -72.907455, 43.762586, 785.19921875 ], [ -72.907592, 43.762624, 785.0 ], [ -72.907702, 43.762661, 784.59765625 ], [ -72.907798, 43.762716, 785.19921875 ], [ -72.907903, 43.762762, 784.5 ], [ -72.907989, 43.762837, 786.69921875 ], [ -72.90804, 43.762897, 789.296875 ], [ -72.908153, 43.762936, 787.69921875 ], [ -72.908239, 43.762995, 787.5 ], [ -72.908308, 43.763033, 786.5 ], [ -72.908406, 43.763102, 787.296875 ], [ -72.908483, 43.763172, 789.09765625 ], [ -72.908513, 43.763228, 791.09765625 ], [ -72.908529, 43.763261, 791.8984375 ], [ -72.908597, 43.763275, 790.69921875 ], [ -72.908715, 43.763311, 788.796875 ], [ -72.908769, 43.763372, 790.09765625 ], [ -72.908816, 43.763435, 792.0 ], [ -72.908896, 43.763466, 791.69921875 ], [ -72.90896, 43.763549, 793.0 ], [ -72.909003, 43.763656, 795.69921875 ], [ -72.909057, 43.763669, 794.69921875 ], [ -72.909155, 43.763708, 793.796875 ], [ -72.909259, 43.763765, 793.5 ], [ -72.909338, 43.763781, 792.0 ], [ -72.909392, 43.763815, 791.8984375 ], [ -72.909439, 43.763869, 792.09765625 ], [ -72.909492, 43.763898, 791.796875 ], [ -72.909526, 43.763972, 792.8984375 ], [ -72.909578, 43.764019, 793.296875 ], [ -72.909703, 43.76407, 792.296875 ], [ -72.909831, 43.764098, 789.8984375 ], [ -72.909952, 43.764137, 788.0 ], [ -72.91007, 43.764149, 785.5 ], [ -72.91019, 43.764173, 783.09765625 ], [ -72.910306, 43.764176, 780.8984375 ], [ -72.910359, 43.764228, 781.296875 ], [ -72.910493, 43.764313, 781.0 ], [ -72.9107474, 43.7646081, 784.796875 ], [ -72.9109098, 43.7648866, 791.796875 ], [ -72.9113766, 43.7651596, 796.3984375 ], [ -72.9116015, 43.76526, 799.0 ], [ -72.911712, 43.765335, 800.09765625 ], [ -72.911774, 43.76556, 801.09765625 ], [ -72.9115662, 43.7657737, 802.796875 ], [ -72.9115972, 43.7661836, 802.8984375 ], [ -72.9115544, 43.7664719, 802.0 ], [ -72.911608, 43.766751, 798.0 ], [ -72.911567, 43.76691, 797.69921875 ], [ -72.911494, 43.767221, 798.09765625 ], [ -72.911484, 43.767413, 798.19921875 ], [ -72.9116877, 43.7676846, 793.8984375 ], [ -72.91171, 43.7679209, 795.296875 ], [ -72.9118207, 43.7682112, 797.09765625 ], [ -72.911842, 43.768287, 798.3984375 ], [ -72.9118554, 43.7686076, 804.8984375 ], [ -72.9120907, 43.7686485, 803.796875 ], [ -72.912439, 43.768732, 803.09765625 ], [ -72.9125795, 43.7687956, 803.0 ], [ -72.9128573, 43.768887, 802.0 ], [ -72.9131293, 43.7689597, 802.296875 ], [ -72.9134459, 43.7689432, 804.3984375 ], [ -72.913876, 43.768929, 807.8984375 ], [ -72.914133, 43.768983, 810.59765625 ], [ -72.914358, 43.7689109, 813.8984375 ], [ -72.9147621, 43.7690711, 822.0 ], [ -72.9149741, 43.7693289, 828.59765625 ], [ -72.915049, 43.769488, 832.19921875 ], [ -72.915301, 43.769813, 840.3984375 ], [ -72.9155444, 43.7699036, 846.59765625 ], [ -72.9156606, 43.7701398, 850.796875 ], [ -72.9156742, 43.7702961, 850.59765625 ], [ -72.9157331, 43.7703803, 852.19921875 ], [ -72.9158134, 43.7704195, 854.296875 ], [ -72.9159365, 43.7703928, 857.5 ], [ -72.9160474, 43.770272, 860.296875 ], [ -72.9161913, 43.7701482, 860.59765625 ], [ -72.916565, 43.770044, 850.796875 ], [ -72.916972, 43.770037, 844.09765625 ], [ -72.9172401, 43.7699546, 840.296875 ], [ -72.917368, 43.769858, 838.5 ], [ -72.917519, 43.769747, 836.09765625 ], [ -72.917753, 43.769593, 834.796875 ], [ -72.917881, 43.769483, 834.0 ], [ -72.918133, 43.769259, 830.3984375 ], [ -72.918306, 43.769165, 829.296875 ], [ -72.918473, 43.7690615, 826.0 ], [ -72.9188612, 43.7689916, 827.59765625 ], [ -72.9190772, 43.768946, 825.796875 ], [ -72.9193443, 43.7688653, 820.8984375 ], [ -72.920198, 43.769041, 820.296875 ], [ -72.9204599, 43.7691155, 820.19921875 ], [ -72.92071, 43.769097, 816.796875 ], [ -72.921108, 43.7691005, 815.09765625 ], [ -72.921091, 43.7693689, 823.296875 ], [ -72.9210928, 43.7696527, 832.59765625 ], [ -72.9212156, 43.7699514, 842.3984375 ], [ -72.9214594, 43.7701121, 846.3984375 ], [ -72.9216126, 43.7701454, 848.0 ], [ -72.9218363, 43.7702651, 853.0 ], [ -72.9219639, 43.7708536, 870.3984375 ], [ -72.9221067, 43.7714008, 879.5 ], [ -72.9225529, 43.7718194, 879.09765625 ], [ -72.9227329, 43.7721936, 880.69921875 ], [ -72.9229416, 43.7725843, 885.69921875 ], [ -72.9231, 43.7729917, 890.5 ], [ -72.923158, 43.773227, 890.296875 ], [ -72.923303, 43.773391, 885.59765625 ], [ -72.923535, 43.773555, 881.69921875 ], [ -72.923724, 43.7736043, 879.296875 ], [ -72.923832, 43.773705, 879.296875 ], [ -72.9241197, 43.7739031, 878.09765625 ], [ -72.9247536, 43.7740579, 870.296875 ], [ -72.9252991, 43.774151, 860.796875 ], [ -72.9255184, 43.774161, 856.59765625 ], [ -72.925741, 43.7741247, 851.19921875 ], [ -72.9259317, 43.7742636, 846.3984375 ], [ -72.9260797, 43.7748297, 833.8984375 ], [ -72.9260457, 43.7752726, 825.5 ], [ -72.9257063, 43.7759829, 824.796875 ], [ -72.925759, 43.7762947, 820.69921875 ], [ -72.9259734, 43.7765334, 813.59765625 ], [ -72.9260961, 43.7770125, 813.296875 ], [ -72.926285, 43.7773831, 811.69921875 ], [ -72.9264889, 43.7777963, 814.09765625 ], [ -72.9270293, 43.7781008, 804.5 ], [ -72.9273298, 43.7782784, 799.5 ], [ -72.927559, 43.7782423, 793.0 ], [ -72.9278555, 43.7784404, 794.19921875 ], [ -72.9280717, 43.7786523, 795.796875 ], [ -72.9282874, 43.7788272, 800.8984375 ], [ -72.9284444, 43.7790016, 807.0 ], [ -72.928569, 43.77924, 815.8984375 ], [ -72.928663, 43.779618, 824.3984375 ], [ -72.928715, 43.780029, 832.0 ], [ -72.928783, 43.780501, 841.09765625 ], [ -72.9289543, 43.7808622, 853.8984375 ], [ -72.9288581, 43.7811498, 853.59765625 ], [ -72.9288099, 43.7814349, 854.3984375 ], [ -72.9286358, 43.7816397, 851.8984375 ], [ -72.9286383, 43.7819065, 856.19921875 ], [ -72.9284956, 43.7821838, 857.09765625 ], [ -72.9283492, 43.7822805, 855.59765625 ], [ -72.9279129, 43.7826061, 853.5 ], [ -72.9278233, 43.782743, 854.19921875 ], [ -72.9276019, 43.7829096, 851.3984375 ], [ -72.9275414, 43.7830726, 851.09765625 ], [ -72.9275813, 43.7832424, 853.19921875 ], [ -72.9276797, 43.7837268, 855.296875 ], [ -72.927889, 43.784185, 857.296875 ], [ -72.9280601, 43.7842665, 860.3984375 ], [ -72.928224, 43.7844887, 863.5 ], [ -72.9283524, 43.7849985, 870.3984375 ], [ -72.9283037, 43.7852642, 873.19921875 ], [ -72.9279839, 43.7855788, 874.296875 ], [ -72.9276655, 43.7857767, 877.796875 ], [ -72.9271897, 43.7859265, 879.69921875 ], [ -72.926994, 43.786055, 882.69921875 ], [ -72.9265878, 43.7863934, 884.8984375 ], [ -72.9264793, 43.7865483, 885.0 ], [ -72.9264467, 43.7867767, 885.19921875 ], [ -72.9264057, 43.7869792, 883.19921875 ], [ -72.9267269, 43.7872513, 888.5 ], [ -72.9270518, 43.7874669, 892.0 ], [ -72.9274375, 43.7877177, 893.5 ], [ -72.928117, 43.78794, 893.69921875 ], [ -72.928587, 43.78804, 892.796875 ], [ -72.9289527, 43.7879881, 895.0 ], [ -72.9293173, 43.7880503, 893.19921875 ], [ -72.929579, 43.787982, 895.19921875 ], [ -72.929957, 43.78781, 902.0 ], [ -72.930342, 43.787724, 905.8984375 ], [ -72.9307234, 43.7877397, 905.09765625 ], [ -72.931076, 43.7875629, 913.09765625 ], [ -72.931681, 43.7875556, 914.8984375 ], [ -72.9324246, 43.787786, 910.0 ], [ -72.9330095, 43.7880202, 907.69921875 ], [ -72.933247, 43.7881332, 907.0 ], [ -72.9334404, 43.7882728, 906.296875 ], [ -72.933706, 43.788462, 909.3984375 ], [ -72.9338727, 43.7887463, 912.296875 ], [ -72.933838, 43.7889629, 910.3984375 ], [ -72.9340476, 43.7891115, 916.3984375 ], [ -72.93419, 43.789336, 921.8984375 ], [ -72.9341393, 43.7897723, 922.3984375 ], [ -72.9340892, 43.7901722, 924.8984375 ], [ -72.9338603, 43.7903867, 920.5 ], [ -72.933866, 43.790602, 920.69921875 ], [ -72.933894, 43.790785, 919.59765625 ], [ -72.9340976, 43.7909359, 921.3984375 ], [ -72.9342583, 43.7910309, 922.69921875 ], [ -72.9344631, 43.7911096, 924.8984375 ], [ -72.9346043, 43.7911859, 926.3984375 ], [ -72.934734, 43.7912743, 927.69921875 ], [ -72.934833, 43.791372, 927.69921875 ], [ -72.9350076, 43.7915085, 928.69921875 ], [ -72.9351828, 43.7917268, 928.296875 ], [ -72.935433, 43.792042, 926.59765625 ], [ -72.935577, 43.792129, 927.296875 ], [ -72.9360447, 43.7923568, 926.5 ], [ -72.9362121, 43.7922932, 931.3984375 ], [ -72.9366782, 43.7923664, 935.0 ], [ -72.9367908, 43.7924577, 934.0 ], [ -72.937008, 43.7925649, 935.296875 ], [ -72.9373682, 43.7928329, 938.3984375 ], [ -72.9375582, 43.7930062, 939.3984375 ], [ -72.9379023, 43.7933513, 942.0 ], [ -72.938166, 43.793466, 947.296875 ], [ -72.9382896, 43.7936236, 949.09765625 ], [ -72.9383259, 43.7938121, 948.19921875 ], [ -72.9384213, 43.7941198, 947.796875 ], [ -72.938521, 43.794312, 949.296875 ], [ -72.938607, 43.794773, 947.0 ], [ -72.938612, 43.795365, 942.09765625 ], [ -72.938568, 43.795557, 942.09765625 ], [ -72.93854, 43.79581, 945.09765625 ], [ -72.938439, 43.796134, 948.8984375 ], [ -72.9381522, 43.7964541, 948.5 ], [ -72.938001, 43.796715, 948.796875 ], [ -72.937953, 43.796956, 947.796875 ], [ -72.937969, 43.797011, 947.8984375 ], [ -72.938114, 43.797148, 947.69921875 ], [ -72.938403, 43.797374, 946.796875 ], [ -72.9388397, 43.7977269, 942.296875 ], [ -72.9392504, 43.7979704, 943.09765625 ], [ -72.9397233, 43.7983873, 940.19921875 ], [ -72.9403141, 43.7988514, 940.59765625 ], [ -72.9405919, 43.7992298, 937.09765625 ], [ -72.9410288, 43.7996607, 937.296875 ], [ -72.9414465, 43.7998258, 940.5 ], [ -72.9417666, 43.8000127, 943.3984375 ], [ -72.9418474, 43.8002846, 941.5 ], [ -72.9419552, 43.8005829, 941.69921875 ], [ -72.9419642, 43.8008364, 940.796875 ], [ -72.9420367, 43.8011056, 941.59765625 ], [ -72.9422242, 43.801336, 945.296875 ], [ -72.942445, 43.80157, 946.296875 ], [ -72.9426805, 43.8018867, 945.19921875 ], [ -72.942661, 43.802027, 945.0 ], [ -72.9425932, 43.8022521, 945.5 ], [ -72.9426081, 43.802606, 946.8984375 ], [ -72.9427218, 43.8029869, 946.69921875 ], [ -72.9428529, 43.803148, 948.09765625 ], [ -72.9428734, 43.8035517, 949.296875 ], [ -72.9428139, 43.8040127, 950.796875 ], [ -72.9425747, 43.8043958, 952.0 ], [ -72.9425439, 43.804688, 956.69921875 ], [ -72.942522, 43.804856, 959.3984375 ], [ -72.942279, 43.805213, 961.3984375 ], [ -72.941918, 43.805517, 961.0 ], [ -72.941659, 43.805833, 960.296875 ], [ -72.941388, 43.806092, 957.296875 ], [ -72.941214, 43.806158, 954.796875 ], [ -72.940795, 43.8063, 950.59765625 ], [ -72.9401311, 43.8064674, 947.8984375 ], [ -72.93957, 43.8068266, 950.59765625 ], [ -72.9390224, 43.8069926, 950.3984375 ], [ -72.938525, 43.807211, 955.0 ], [ -72.938151, 43.80738, 958.59765625 ], [ -72.937932, 43.807491, 959.09765625 ], [ -72.9376559, 43.8075566, 958.19921875 ], [ -72.9374488, 43.8078324, 960.59765625 ], [ -72.9373524, 43.8080148, 960.0 ], [ -72.9373792, 43.8082238, 959.296875 ], [ -72.9375329, 43.8084946, 957.09765625 ], [ -72.937623, 43.808776, 952.8984375 ], [ -72.9375969, 43.8090019, 946.59765625 ], [ -72.9377434, 43.8091922, 943.09765625 ], [ -72.9379791, 43.809454, 940.0 ], [ -72.938244, 43.809654, 938.19921875 ], [ -72.938585, 43.809812, 939.296875 ], [ -72.938726, 43.809888, 939.19921875 ], [ -72.938893, 43.809948, 940.5 ], [ -72.9391884, 43.8100539, 944.0 ], [ -72.9393613, 43.8101714, 943.59765625 ], [ -72.939554, 43.8103304, 943.296875 ], [ -72.939803, 43.8105115, 943.5 ], [ -72.940033, 43.8107426, 942.69921875 ], [ -72.940151, 43.811007, 939.3984375 ], [ -72.9404363, 43.8112234, 942.3984375 ], [ -72.9405789, 43.8115284, 942.69921875 ], [ -72.9405786, 43.8118215, 941.796875 ], [ -72.9406056, 43.8122735, 942.796875 ], [ -72.9404803, 43.8125789, 938.296875 ], [ -72.9404983, 43.8129243, 938.19921875 ], [ -72.9405336, 43.8132076, 937.0 ], [ -72.940643, 43.8134672, 937.5 ], [ -72.940751, 43.813757, 934.0 ], [ -72.9408768, 43.8140873, 927.09765625 ], [ -72.9410745, 43.8142899, 924.69921875 ], [ -72.9413392, 43.814488, 924.19921875 ], [ -72.9416128, 43.8147181, 922.69921875 ], [ -72.94198, 43.814948, 924.09765625 ], [ -72.942114, 43.815101, 922.8984375 ], [ -72.9423976, 43.8153022, 925.19921875 ], [ -72.9425786, 43.8154636, 926.59765625 ], [ -72.942754, 43.8156757, 927.59765625 ], [ -72.9428859, 43.8159871, 927.59765625 ], [ -72.9429692, 43.8162763, 926.59765625 ], [ -72.943058, 43.8167706, 926.19921875 ], [ -72.9429794, 43.8172028, 923.09765625 ], [ -72.9428481, 43.817734, 919.19921875 ], [ -72.9427635, 43.81841, 914.69921875 ], [ -72.9427314, 43.8187483, 914.796875 ], [ -72.9425955, 43.8191565, 914.09765625 ], [ -72.9425482, 43.8195844, 914.09765625 ], [ -72.9425759, 43.8199935, 913.09765625 ], [ -72.942618, 43.820216, 911.69921875 ], [ -72.9429816, 43.8206281, 912.59765625 ], [ -72.9432466, 43.8209365, 912.59765625 ], [ -72.9436226, 43.8212882, 912.0 ], [ -72.943927, 43.821513, 912.296875 ], [ -72.94417, 43.821641, 912.3984375 ], [ -72.9444421, 43.8218629, 910.19921875 ], [ -72.9448481, 43.82208, 909.5 ], [ -72.945156, 43.822205, 911.5 ], [ -72.9452251, 43.8223309, 910.796875 ], [ -72.9452835, 43.8224854, 910.59765625 ], [ -72.9452934, 43.8226611, 910.09765625 ], [ -72.9452549, 43.8229346, 908.3984375 ], [ -72.945241, 43.8233127, 908.19921875 ], [ -72.9452142, 43.8237313, 908.5 ], [ -72.9451505, 43.8240373, 909.296875 ], [ -72.9449104, 43.8243695, 905.8984375 ], [ -72.9448, 43.8246407, 905.296875 ], [ -72.9446698, 43.8249957, 904.296875 ], [ -72.9446299, 43.8252443, 903.3984375 ], [ -72.9446412, 43.8254899, 901.5 ], [ -72.9447197, 43.8256664, 899.296875 ], [ -72.94477, 43.8257381, 897.796875 ], [ -72.944951, 43.825789, 895.59765625 ], [ -72.945285, 43.825788, 893.8984375 ], [ -72.9455042, 43.8258353, 892.0 ], [ -72.9458096, 43.8258738, 890.8984375 ], [ -72.946195, 43.825908, 891.19921875 ], [ -72.94632, 43.825948, 890.5 ], [ -72.9465926, 43.8259822, 891.19921875 ], [ -72.9468772, 43.8260913, 891.296875 ], [ -72.9470782, 43.8261805, 891.19921875 ], [ -72.947369, 43.826348, 891.0 ], [ -72.947829, 43.826595, 893.5 ], [ -72.948028, 43.826765, 894.8984375 ], [ -72.948162, 43.826995, 895.19921875 ], [ -72.948231, 43.827153, 895.5 ], [ -72.94831, 43.827422, 895.8984375 ], [ -72.948294, 43.827894, 892.59765625 ], [ -72.948211, 43.828377, 886.59765625 ], [ -72.948119, 43.828761, 881.5 ], [ -72.948081, 43.829261, 879.0 ], [ -72.948133, 43.829722, 877.5 ], [ -72.948227, 43.830034, 877.19921875 ], [ -72.948292, 43.830215, 876.09765625 ], [ -72.948507, 43.830568, 874.5 ], [ -72.948618, 43.830732, 873.59765625 ], [ -72.948757, 43.831072, 869.69921875 ], [ -72.948885, 43.831291, 867.3984375 ], [ -72.949007, 43.831477, 865.09765625 ], [ -72.949129, 43.831622, 862.5 ], [ -72.949308, 43.831725, 859.8984375 ], [ -72.949513, 43.831774, 858.59765625 ], [ -72.94968, 43.831784, 857.59765625 ], [ -72.949846, 43.831748, 857.3984375 ], [ -72.950028, 43.831676, 857.19921875 ], [ -72.9502644, 43.8315936, 856.69921875 ], [ -72.9504826, 43.831417, 854.5 ], [ -72.9505867, 43.8311529, 853.09765625 ], [ -72.95065, 43.8308588, 852.0 ], [ -72.9507864, 43.830656, 849.3984375 ], [ -72.9509861, 43.8304338, 846.0 ], [ -72.9511264, 43.830199, 845.59765625 ], [ -72.9513064, 43.83005, 843.3984375 ], [ -72.9515, 43.829865, 843.3984375 ], [ -72.951734, 43.829787, 841.19921875 ], [ -72.952037, 43.829701, 839.0 ], [ -72.952309, 43.829683, 836.59765625 ], [ -72.952786, 43.829618, 834.5 ], [ -72.953362, 43.829561, 833.09765625 ], [ -72.954146, 43.829552, 830.8984375 ], [ -72.954662, 43.82955, 829.0 ], [ -72.954787, 43.8296006, 826.296875 ], [ -72.9550177, 43.829589, 826.59765625 ], [ -72.955371, 43.829627, 823.796875 ], [ -72.9559159, 43.8296162, 823.09765625 ], [ -72.9563951, 43.8296844, 819.09765625 ], [ -72.957017, 43.829782, 813.19921875 ], [ -72.9578462, 43.8299327, 803.09765625 ], [ -72.958207, 43.82983, 804.0 ], [ -72.958487, 43.82982, 802.796875 ], [ -72.958805, 43.829781, 802.0 ], [ -72.958987, 43.829747, 801.5 ], [ -72.9593865, 43.8296634, 800.796875 ], [ -72.959675, 43.8296136, 799.69921875 ], [ -72.9599903, 43.8296509, 796.59765625 ], [ -72.9601679, 43.8296967, 796.69921875 ], [ -72.9603166, 43.8297875, 796.19921875 ], [ -72.9604058, 43.829908, 795.5 ], [ -72.9605011, 43.8301333, 793.19921875 ], [ -72.9605459, 43.8302658, 791.09765625 ], [ -72.9606261, 43.8304791, 788.3984375 ], [ -72.960682, 43.8306964, 785.19921875 ], [ -72.9607223, 43.8309773, 781.296875 ], [ -72.9606074, 43.8311602, 779.09765625 ], [ -72.9605162, 43.8313846, 778.0 ], [ -72.9605746, 43.8316243, 779.19921875 ], [ -72.960294, 43.8319259, 776.09765625 ], [ -72.9599793, 43.832168, 772.296875 ], [ -72.9596942, 43.8323676, 768.59765625 ], [ -72.9594916, 43.8326423, 766.0 ], [ -72.9593253, 43.8329751, 763.59765625 ], [ -72.9591671, 43.8331973, 761.0 ], [ -72.9590453, 43.8334875, 757.0 ], [ -72.9591134, 43.8336878, 757.59765625 ], [ -72.959104, 43.8338417, 755.8984375 ], [ -72.9591883, 43.834163, 754.09765625 ], [ -72.959196, 43.8343506, 752.3984375 ], [ -72.9591525, 43.8344483, 750.59765625 ], [ -72.9590485, 43.8346246, 747.5 ], [ -72.9590071, 43.8347155, 746.59765625 ], [ -72.9588651, 43.8349135, 743.5 ], [ -72.9585901, 43.8352435, 737.8984375 ], [ -72.9584134, 43.835409, 734.59765625 ], [ -72.9582905, 43.8356561, 732.796875 ], [ -72.9581076, 43.8359121, 729.09765625 ], [ -72.9579461, 43.8362592, 725.69921875 ], [ -72.9578067, 43.8364821, 722.59765625 ], [ -72.957856, 43.8366449, 720.59765625 ], [ -72.957895, 43.8367099, 718.8984375 ], [ -72.957956, 43.8367599, 717.296875 ], [ -72.9582766, 43.8368432, 708.796875 ], [ -72.958429, 43.8368178, 707.796875 ], [ -72.958657, 43.8368127, 705.3984375 ], [ -72.9588866, 43.8368014, 704.5 ], [ -72.9591855, 43.8368062, 703.0 ], [ -72.9595135, 43.8368308, 704.796875 ], [ -72.9597754, 43.836902, 706.09765625 ], [ -72.9600312, 43.8370359, 706.19921875 ], [ -72.9602512, 43.8373551, 700.5 ], [ -72.960444, 43.837651, 698.296875 ], [ -72.9605633, 43.8378945, 696.5 ], [ -72.9608993, 43.8380626, 698.09765625 ], [ -72.9611659, 43.838315, 695.796875 ], [ -72.9615283, 43.8384855, 695.0 ], [ -72.9617814, 43.8385691, 692.8984375 ], [ -72.9620928, 43.8386355, 691.0 ], [ -72.9622688, 43.8387004, 689.296875 ], [ -72.9627183, 43.838826, 682.5 ], [ -72.9632062, 43.8388279, 683.8984375 ], [ -72.9634999, 43.8389765, 682.5 ], [ -72.9637591, 43.8389912, 685.3984375 ], [ -72.964013, 43.839058, 683.296875 ], [ -72.9642138, 43.8390881, 679.69921875 ], [ -72.9643892, 43.8390457, 678.796875 ], [ -72.9645786, 43.8389092, 682.09765625 ], [ -72.9647452, 43.838899, 679.8984375 ], [ -72.9652544, 43.8390111, 675.5 ], [ -72.9656951, 43.8391056, 675.09765625 ], [ -72.9659924, 43.8391636, 676.09765625 ], [ -72.9661077, 43.8392538, 674.59765625 ], [ -72.9662727, 43.8393658, 671.8984375 ], [ -72.9664188, 43.8394283, 671.3984375 ], [ -72.9666744, 43.8395456, 671.0 ], [ -72.9668331, 43.8397063, 667.0 ], [ -72.9669651, 43.8398228, 663.5 ], [ -72.9669892, 43.8398795, 662.296875 ], [ -72.9669784, 43.8399355, 663.3984375 ], [ -72.9672226, 43.840057, 665.59765625 ], [ -72.9674983, 43.8401278, 666.796875 ], [ -72.9674012, 43.8401564, 667.5 ], [ -72.9674147, 43.8402397, 669.3984375 ], [ -72.9674094, 43.8403627, 672.296875 ], [ -72.9672939, 43.840421, 674.59765625 ], [ -72.9671247, 43.8404286, 675.3984375 ], [ -72.9669495, 43.8405167, 678.296875 ], [ -72.9668771, 43.84059, 679.796875 ], [ -72.9668787, 43.8407946, 685.69921875 ], [ -72.9668617, 43.8408735, 687.5 ], [ -72.9667987, 43.840904, 687.09765625 ], [ -72.9665579, 43.841062, 684.59765625 ], [ -72.9665548, 43.8411236, 685.3984375 ], [ -72.9666612, 43.8411436, 689.3984375 ], [ -72.9671342, 43.841124, 697.09765625 ], [ -72.9671866, 43.8411504, 698.69921875 ], [ -72.9671273, 43.8412602, 701.8984375 ], [ -72.9671409, 43.8413371, 704.19921875 ], [ -72.9672263, 43.8414016, 707.3984375 ], [ -72.9674649, 43.8413912, 707.8984375 ], [ -72.9676782, 43.8414724, 709.3984375 ], [ -72.9678628, 43.8416018, 712.296875 ], [ -72.9681166, 43.8419646, 721.59765625 ], [ -72.9682856, 43.8420987, 722.69921875 ], [ -72.9685813, 43.8425654, 732.59765625 ], [ -72.968511, 43.8426449, 736.59765625 ], [ -72.9684235, 43.842712, 740.796875 ], [ -72.9683186, 43.8427033, 743.09765625 ], [ -72.9681953, 43.8425806, 742.69921875 ], [ -72.9680926, 43.8425305, 743.796875 ], [ -72.967928, 43.8425448, 748.19921875 ], [ -72.9679087, 43.8426122, 751.5 ], [ -72.9679255, 43.8426694, 753.0 ], [ -72.967967, 43.8428243, 756.09765625 ], [ -72.9679408, 43.8428993, 759.296875 ], [ -72.9678785, 43.8430017, 763.3984375 ], [ -72.9677198, 43.843041, 769.69921875 ], [ -72.9675334, 43.8431638, 778.3984375 ], [ -72.9674548, 43.8432804, 781.3984375 ], [ -72.9674478, 43.8434058, 782.09765625 ], [ -72.9673666, 43.8434704, 784.69921875 ], [ -72.9670921, 43.8434893, 791.296875 ], [ -72.9668785, 43.8435304, 793.3984375 ], [ -72.9667126, 43.8435941, 793.69921875 ], [ -72.9666246, 43.843655, 795.59765625 ], [ -72.966603, 43.843726, 798.19921875 ], [ -72.9664782, 43.8438558, 798.59765625 ], [ -72.9664395, 43.8439602, 800.19921875 ], [ -72.9662914, 43.8440819, 802.19921875 ], [ -72.9660534, 43.8442575, 805.69921875 ], [ -72.9658726, 43.8443374, 806.796875 ], [ -72.9658237, 43.8444936, 810.0 ], [ -72.9658369, 43.8447533, 814.296875 ], [ -72.9655111, 43.8449122, 822.69921875 ], [ -72.9652814, 43.8451814, 837.796875 ], [ -72.9650869, 43.8453091, 847.59765625 ], [ -72.9650147, 43.8455008, 852.296875 ], [ -72.964907, 43.845634, 856.296875 ], [ -72.964829, 43.845717, 859.19921875 ], [ -72.964724, 43.845791, 863.09765625 ], [ -72.9644509, 43.8459397, 870.59765625 ], [ -72.9644245, 43.8460806, 873.8984375 ], [ -72.96464, 43.846463, 880.296875 ], [ -72.964731, 43.846524, 880.59765625 ], [ -72.964853, 43.84658, 880.69921875 ], [ -72.964961, 43.846642, 880.796875 ], [ -72.965074, 43.846714, 881.3984375 ], [ -72.965179, 43.846746, 880.8984375 ], [ -72.965219, 43.846781, 881.19921875 ], [ -72.965344, 43.846908, 884.0 ], [ -72.965423, 43.846955, 884.0 ], [ -72.965467, 43.846965, 883.09765625 ], [ -72.965597, 43.84719, 888.69921875 ], [ -72.965736, 43.847242, 887.69921875 ], [ -72.96582, 43.847279, 887.3984375 ], [ -72.965878, 43.847346, 888.3984375 ], [ -72.965969, 43.847389, 887.59765625 ], [ -72.966051, 43.847456, 888.5 ], [ -72.966099, 43.847451, 887.09765625 ], [ -72.966148, 43.847496, 888.3984375 ], [ -72.966243, 43.847575, 890.59765625 ], [ -72.966278, 43.847669, 893.59765625 ], [ -72.96626, 43.847771, 897.0 ], [ -72.966298, 43.847858, 899.796875 ], [ -72.966415, 43.847914, 901.5 ], [ -72.966538, 43.847964, 902.0 ], [ -72.966534, 43.848044, 904.09765625 ], [ -72.966453, 43.848117, 906.296875 ], [ -72.966477, 43.848181, 907.69921875 ], [ -72.966567, 43.848213, 908.296875 ], [ -72.966531, 43.848291, 910.09765625 ], [ -72.966537, 43.848373, 911.796875 ], [ -72.966545, 43.848469, 914.0 ], [ -72.966479, 43.848554, 916.296875 ], [ -72.966438, 43.848626, 918.59765625 ], [ -72.966432, 43.848714, 921.0 ], [ -72.966493, 43.848812, 923.69921875 ], [ -72.9666, 43.848866, 925.3984375 ], [ -72.96672, 43.848918, 926.296875 ], [ -72.966738, 43.84895, 926.8984375 ], [ -72.966724, 43.849024, 928.59765625 ], [ -72.96671, 43.849082, 930.5 ], [ -72.966708, 43.849161, 933.09765625 ], [ -72.966753, 43.849221, 934.69921875 ], [ -72.966804, 43.849267, 935.8984375 ], [ -72.966824, 43.84935, 938.59765625 ], [ -72.96684, 43.849392, 940.0 ], [ -72.966792, 43.849481, 944.09765625 ], [ -72.966762, 43.849554, 947.296875 ], [ -72.966723, 43.849645, 951.69921875 ], [ -72.966681, 43.849715, 954.3984375 ], [ -72.966703, 43.849801, 957.09765625 ], [ -72.966714, 43.849874, 959.5 ], [ -72.966768, 43.849956, 961.796875 ], [ -72.96676, 43.850034, 963.09765625 ], [ -72.966825, 43.850081, 965.59765625 ], [ -72.966903, 43.850129, 968.59765625 ], [ -72.966972, 43.850167, 970.3984375 ], [ -72.967013, 43.850215, 971.296875 ], [ -72.967059, 43.850275, 972.59765625 ], [ -72.967089, 43.850374, 974.8984375 ], [ -72.967144, 43.850432, 976.296875 ], [ -72.967227, 43.850501, 976.5 ], [ -72.967242, 43.850546, 976.19921875 ], [ -72.967242, 43.85055, 976.19921875 ], [ -72.967383, 43.850642, 975.19921875 ], [ -72.967457, 43.850681, 975.69921875 ], [ -72.967515, 43.850744, 973.8984375 ], [ -72.967584, 43.850796, 971.296875 ], [ -72.967649, 43.85082, 970.296875 ], [ -72.967655, 43.850895, 969.5 ], [ -72.967701, 43.850967, 969.59765625 ], [ -72.967781, 43.851005, 969.19921875 ], [ -72.967876, 43.851065, 966.09765625 ], [ -72.967945, 43.851082, 965.59765625 ], [ -72.967986, 43.851108, 964.8984375 ], [ -72.968019, 43.85114, 964.3984375 ], [ -72.968059, 43.851192, 963.796875 ], [ -72.968089, 43.851226, 963.19921875 ], [ -72.968118, 43.851266, 962.0 ], [ -72.968118, 43.851269, 962.0 ], [ -72.968188, 43.851316, 959.796875 ], [ -72.96824, 43.851364, 958.3984375 ], [ -72.968338, 43.851409, 957.09765625 ], [ -72.968409, 43.851443, 955.19921875 ], [ -72.968538, 43.851526, 953.69921875 ], [ -72.968612, 43.851603, 951.59765625 ], [ -72.968648, 43.851616, 950.69921875 ], [ -72.968676, 43.851634, 950.19921875 ], [ -72.968744, 43.851679, 949.09765625 ], [ -72.968804, 43.851726, 948.796875 ], [ -72.968912, 43.85174, 949.09765625 ], [ -72.96902, 43.85177, 947.796875 ], [ -72.9691, 43.851833, 947.796875 ], [ -72.969177, 43.851909, 947.3984375 ], [ -72.969237, 43.851994, 947.09765625 ], [ -72.969302, 43.852066, 947.796875 ], [ -72.969292, 43.852172, 949.0 ], [ -72.969322, 43.852287, 950.796875 ], [ -72.969366, 43.852353, 952.8984375 ], [ -72.969452, 43.852398, 954.8984375 ], [ -72.96957, 43.852445, 954.59765625 ], [ -72.969624, 43.852515, 956.5 ], [ -72.969681, 43.852574, 959.09765625 ], [ -72.969717, 43.852641, 962.8984375 ], [ -72.969733, 43.85271, 962.09765625 ], [ -72.969732, 43.852813, 961.09765625 ], [ -72.969745, 43.852937, 959.8984375 ], [ -72.970362, 43.853354, 960.19921875 ], [ -72.970445, 43.853427, 960.3984375 ], [ -72.970627, 43.853463, 961.5 ], [ -72.970665, 43.853495, 961.796875 ], [ -72.970789, 43.853593, 962.59765625 ], [ -72.970871, 43.853669, 963.09765625 ], [ -72.970917, 43.853695, 963.5 ], [ -72.970991, 43.853782, 964.19921875 ], [ -72.970992, 43.853822, 964.3984375 ], [ -72.971076, 43.854057, 966.796875 ], [ -72.971121, 43.854118, 967.796875 ], [ -72.971209, 43.854128, 969.19921875 ], [ -72.971242, 43.854154, 969.8984375 ], [ -72.971257, 43.854166, 970.5 ], [ -72.971355, 43.854211, 972.796875 ], [ -72.971397, 43.854292, 974.796875 ], [ -72.971462, 43.854396, 977.0 ], [ -72.971528, 43.854482, 979.19921875 ], [ -72.971552, 43.854585, 981.3984375 ], [ -72.971559, 43.854673, 982.09765625 ], [ -72.971559, 43.854773, 982.796875 ], [ -72.971647, 43.85483, 984.5 ], [ -72.971693, 43.854896, 985.796875 ], [ -72.971743, 43.854953, 987.5 ], [ -72.971837, 43.855001, 990.796875 ], [ -72.97192, 43.855033, 993.5 ], [ -72.972004, 43.855054, 996.19921875 ], [ -72.972268, 43.854968, 1003.5 ], [ -72.972646, 43.854862, 1011.59765625 ], [ -72.972707, 43.854908, 1013.5 ], [ -72.972757, 43.854943, 1015.0 ], [ -72.972824, 43.854958, 1013.5 ], [ -72.972844, 43.855003, 1013.3984375 ], [ -72.972835, 43.855101, 1015.796875 ], [ -72.972926, 43.855152, 1010.59765625 ], [ -72.972928, 43.855185, 1010.69921875 ], [ -72.973006, 43.855185, 1005.09765625 ], [ -72.973034, 43.855197, 1003.796875 ], [ -72.973029, 43.855203, 1003.796875 ], [ -72.973006, 43.855232, 1005.19921875 ], [ -72.972944, 43.855338, 1010.19921875 ], [ -72.972922, 43.855392, 1011.69921875 ], [ -72.972943, 43.855446, 1010.19921875 ], [ -72.972915, 43.855497, 1011.296875 ], [ -72.972888, 43.855575, 1013.0 ], [ -72.972851, 43.855648, 1015.296875 ], [ -72.972811, 43.855703, 1017.796875 ], [ -72.972789, 43.855788, 1018.796875 ], [ -72.972758, 43.855859, 1019.09765625 ], [ -72.972738, 43.855927, 1018.5 ], [ -72.972755, 43.855984, 1018.5 ], [ -72.972809, 43.856052, 1014.59765625 ], [ -72.972761, 43.856111, 1014.8984375 ], [ -72.972734, 43.856174, 1013.09765625 ], [ -72.972788, 43.856258, 1010.19921875 ], [ -72.972798, 43.856303, 1009.09765625 ], [ -72.972783, 43.856361, 1009.296875 ], [ -72.97276, 43.856387, 1008.8984375 ], [ -72.972782, 43.856421, 1008.3984375 ], [ -72.972792, 43.856491, 1006.8984375 ], [ -72.97282, 43.856561, 1004.59765625 ], [ -72.972854, 43.856643, 1002.5 ], [ -72.972909, 43.856697, 999.3984375 ], [ -72.9729, 43.856738, 999.59765625 ], [ -72.972856, 43.856779, 1000.8984375 ], [ -72.972822, 43.856817, 1002.19921875 ], [ -72.972848, 43.856876, 1000.5 ], [ -72.972835, 43.856912, 1000.59765625 ], [ -72.972854, 43.857011, 999.296875 ], [ -72.972763, 43.857085, 1000.59765625 ], [ -72.972713, 43.857132, 999.09765625 ], [ -72.972702, 43.857138, 998.69921875 ], [ -72.972658, 43.857171, 997.59765625 ], [ -72.9727, 43.857278, 995.796875 ], [ -72.972774, 43.857313, 996.0 ], [ -72.972812, 43.857359, 994.69921875 ], [ -72.972838, 43.857418, 994.0 ], [ -72.972852, 43.857473, 993.59765625 ], [ -72.972851, 43.857507, 993.3984375 ], [ -72.972871, 43.857641, 992.69921875 ], [ -72.972903, 43.8577, 992.3984375 ], [ -72.972929, 43.857817, 992.296875 ], [ -72.97292, 43.8579, 992.09765625 ], [ -72.972914, 43.857978, 991.19921875 ], [ -72.972978, 43.85806, 991.3984375 ], [ -72.973043, 43.858129, 991.5 ], [ -72.973072, 43.858211, 990.8984375 ], [ -72.973155, 43.85828, 990.796875 ], [ -72.973246, 43.85832, 991.3984375 ], [ -72.973269, 43.858398, 990.19921875 ], [ -72.973306, 43.858443, 990.19921875 ], [ -72.973305, 43.858504, 988.796875 ], [ -72.973326, 43.858576, 986.796875 ], [ -72.973391, 43.858643, 985.8984375 ], [ -72.973475, 43.858702, 985.59765625 ], [ -72.973559, 43.858761, 985.69921875 ], [ -72.973629, 43.858843, 983.296875 ], [ -72.973687, 43.858881, 981.5 ], [ -72.973705, 43.858882, 981.3984375 ], [ -72.973778, 43.858896, 980.59765625 ], [ -72.973869, 43.858924, 980.19921875 ], [ -72.973929, 43.858972, 978.59765625 ], [ -72.973991, 43.859007, 976.8984375 ], [ -72.974076, 43.858995, 974.796875 ], [ -72.974187, 43.858995, 972.09765625 ], [ -72.974263, 43.859023, 970.296875 ], [ -72.974305, 43.859078, 969.296875 ], [ -72.974339, 43.859132, 969.09765625 ], [ -72.974392, 43.859201, 969.296875 ], [ -72.974414, 43.859285, 970.69921875 ], [ -72.974402, 43.859358, 970.59765625 ], [ -72.974405, 43.859406, 970.296875 ], [ -72.974389, 43.85946, 969.796875 ], [ -72.97446, 43.859537, 969.8984375 ], [ -72.974552, 43.859596, 968.5 ], [ -72.974639, 43.859663, 967.296875 ], [ -72.974713, 43.859724, 967.3984375 ], [ -72.974788, 43.859804, 966.0 ], [ -72.974856, 43.85988, 964.59765625 ], [ -72.974959, 43.859937, 962.09765625 ], [ -72.975046, 43.859964, 960.09765625 ], [ -72.975061, 43.860032, 960.0 ], [ -72.975092, 43.860075, 959.59765625 ], [ -72.97517, 43.860082, 958.19921875 ], [ -72.975248, 43.860047, 956.0 ], [ -72.975318, 43.860045, 953.8984375 ], [ -72.975358, 43.860099, 953.69921875 ], [ -72.975357, 43.860105, 954.0 ], [ -72.975415, 43.860159, 952.5 ], [ -72.975434, 43.860233, 952.5 ], [ -72.975502, 43.860273, 951.09765625 ], [ -72.975559, 43.860336, 951.19921875 ], [ -72.975566, 43.86038, 951.796875 ], [ -72.975653, 43.860485, 949.3984375 ], [ -72.975682, 43.860548, 948.19921875 ], [ -72.97579, 43.860498, 947.19921875 ], [ -72.975816, 43.860522, 946.8984375 ], [ -72.975874, 43.860565, 946.59765625 ], [ -72.975948, 43.860593, 945.8984375 ], [ -72.975995, 43.860672, 946.8984375 ], [ -72.976014, 43.860724, 946.8984375 ], [ -72.976045, 43.860804, 945.59765625 ], [ -72.97615, 43.860775, 946.0 ], [ -72.976301, 43.860756, 945.59765625 ], [ -72.976418, 43.860818, 945.19921875 ], [ -72.976441, 43.860928, 945.8984375 ], [ -72.976544, 43.860987, 946.3984375 ], [ -72.976632, 43.860995, 946.69921875 ], [ -72.976743, 43.861043, 946.3984375 ], [ -72.976789, 43.861122, 946.19921875 ], [ -72.976885, 43.861182, 946.5 ], [ -72.977007, 43.861271, 946.69921875 ], [ -72.977068, 43.861346, 945.8984375 ], [ -72.977143, 43.861388, 945.8984375 ], [ -72.977221, 43.861451, 946.296875 ], [ -72.97731, 43.861507, 946.0 ], [ -72.977296, 43.861586, 945.0 ], [ -72.977333, 43.861661, 944.0 ], [ -72.977309, 43.861738, 942.69921875 ], [ -72.977288, 43.861825, 941.09765625 ], [ -72.977277, 43.861912, 939.8984375 ], [ -72.977347, 43.861999, 939.09765625 ], [ -72.977432, 43.862135, 937.5 ], [ -72.977466, 43.862178, 937.0 ], [ -72.977452, 43.862455, 932.0 ], [ -72.977416, 43.862525, 930.69921875 ], [ -72.97731, 43.862664, 928.8984375 ], [ -72.977282, 43.862693, 928.796875 ], [ -72.977112, 43.86287, 927.69921875 ], [ -72.977095, 43.862956, 927.5 ], [ -72.977055, 43.863042, 927.09765625 ], [ -72.977014, 43.863126, 926.59765625 ], [ -72.977005, 43.863216, 926.296875 ], [ -72.976993, 43.863257, 925.8984375 ], [ -72.976968, 43.86341, 924.59765625 ], [ -72.976887, 43.863692, 924.69921875 ], [ -72.976852, 43.863804, 925.09765625 ], [ -72.976856, 43.863901, 925.3984375 ], [ -72.976878, 43.863994, 925.69921875 ], [ -72.976861, 43.864101, 926.0 ], [ -72.97685, 43.864155, 926.09765625 ], [ -72.976797, 43.864271, 926.3984375 ], [ -72.976815, 43.86435, 926.59765625 ], [ -72.976819, 43.864453, 926.796875 ], [ -72.976788, 43.864553, 926.796875 ], [ -72.976863, 43.864643, 927.69921875 ], [ -72.976869, 43.864722, 928.19921875 ], [ -72.97697, 43.8648, 929.19921875 ], [ -72.977, 43.864911, 930.296875 ], [ -72.977031, 43.865004, 931.69921875 ], [ -72.977011, 43.865105, 932.59765625 ], [ -72.976859, 43.865183, 933.296875 ], [ -72.976783, 43.865304, 935.19921875 ], [ -72.976688, 43.865338, 936.296875 ], [ -72.976665, 43.865361, 936.59765625 ], [ -72.976416, 43.865511, 936.5 ], [ -72.976378, 43.865565, 937.09765625 ], [ -72.976359, 43.865682, 938.5 ], [ -72.976165, 43.865801, 939.09765625 ], [ -72.976078, 43.865846, 939.69921875 ], [ -72.975969, 43.865863, 939.296875 ], [ -72.975876, 43.865888, 939.59765625 ], [ -72.975732, 43.865935, 939.796875 ], [ -72.975623, 43.865983, 940.19921875 ], [ -72.975516, 43.866017, 941.5 ], [ -72.975442, 43.866052, 941.8984375 ], [ -72.975427, 43.866096, 944.59765625 ], [ -72.975461, 43.866125, 947.09765625 ], [ -72.975499, 43.866153, 949.19921875 ], [ -72.975448, 43.866198, 951.0 ], [ -72.975334, 43.866238, 950.0 ], [ -72.975247, 43.8663, 951.59765625 ], [ -72.97521, 43.866333, 952.5 ], [ -72.975212, 43.866371, 955.0 ], [ -72.97525, 43.866348, 954.796875 ], [ -72.975365, 43.86631, 955.3984375 ], [ -72.975382, 43.866289, 954.3984375 ], [ -72.975416, 43.866304, 956.19921875 ], [ -72.975424, 43.866337, 958.59765625 ], [ -72.975427, 43.866374, 960.69921875 ], [ -72.975416, 43.866453, 965.296875 ], [ -72.975366, 43.866489, 966.59765625 ], [ -72.975426, 43.866504, 968.59765625 ], [ -72.975503, 43.866472, 968.3984375 ], [ -72.975544, 43.866518, 972.19921875 ], [ -72.975619, 43.866598, 974.296875 ], [ -72.975708, 43.866666, 975.0 ], [ -72.975701, 43.866757, 976.0 ], [ -72.975669, 43.866857, 977.3984375 ], [ -72.975644, 43.866954, 979.296875 ], [ -72.975577, 43.867027, 982.796875 ], [ -72.975546, 43.867114, 984.69921875 ], [ -72.975533, 43.867216, 983.5 ], [ -72.975403, 43.867265, 983.59765625 ], [ -72.975323, 43.867304, 984.09765625 ], [ -72.975349, 43.867466, 983.19921875 ], [ -72.975258, 43.867511, 983.8984375 ], [ -72.975198, 43.867558, 983.8984375 ], [ -72.975234, 43.867676, 983.09765625 ], [ -72.975212, 43.867749, 982.5 ], [ -72.97516, 43.86783, 982.19921875 ], [ -72.975152, 43.867899, 981.59765625 ], [ -72.975106, 43.868005, 980.3984375 ], [ -72.975108, 43.868069, 979.5 ], [ -72.975099, 43.86813, 978.796875 ], [ -72.975055, 43.868185, 978.796875 ], [ -72.975066, 43.868246, 977.19921875 ], [ -72.975102, 43.86829, 975.796875 ], [ -72.975176, 43.868327, 973.59765625 ], [ -72.97521, 43.868347, 972.796875 ], [ -72.975351, 43.868472, 968.69921875 ], [ -72.975269, 43.868541, 970.0 ], [ -72.975281, 43.868608, 970.0 ], [ -72.975309, 43.868705, 969.69921875 ], [ -72.975404, 43.868832, 969.796875 ], [ -72.975447, 43.868911, 970.5 ], [ -72.975474, 43.868955, 971.19921875 ], [ -72.975582, 43.869059, 972.796875 ], [ -72.975645, 43.869137, 972.5 ], [ -72.97573, 43.869205, 972.3984375 ], [ -72.975753, 43.86935, 973.5 ], [ -72.975806, 43.869426, 973.796875 ], [ -72.975897, 43.869506, 973.296875 ], [ -72.975947, 43.869597, 973.09765625 ], [ -72.975942, 43.869683, 972.296875 ], [ -72.976057, 43.869727, 972.69921875 ], [ -72.976146, 43.869751, 973.69921875 ], [ -72.976279, 43.869773, 975.09765625 ], [ -72.976343, 43.869821, 977.09765625 ], [ -72.976451, 43.869959, 980.69921875 ], [ -72.976512, 43.870086, 984.296875 ], [ -72.976622, 43.870223, 987.0 ], [ -72.976693, 43.870283, 988.19921875 ], [ -72.976804, 43.87039, 991.296875 ], [ -72.976839, 43.870452, 993.59765625 ], [ -72.97686, 43.870548, 996.59765625 ], [ -72.976937, 43.870628, 999.8984375 ], [ -72.976937, 43.870693, 1001.796875 ], [ -72.976917, 43.870748, 1003.796875 ], [ -72.976971, 43.870808, 1006.3984375 ], [ -72.977018, 43.870863, 1008.0 ], [ -72.977044, 43.870957, 1011.796875 ], [ -72.97706, 43.871026, 1013.5 ], [ -72.977279, 43.871184, 1018.09765625 ], [ -72.977253, 43.871271, 1021.19921875 ], [ -72.977356, 43.871341, 1019.5 ], [ -72.977443, 43.871426, 1019.8984375 ], [ -72.977512, 43.871465, 1020.8984375 ], [ -72.977591, 43.871513, 1021.296875 ], [ -72.977704, 43.871545, 1020.59765625 ], [ -72.977766, 43.8716, 1019.19921875 ], [ -72.977827, 43.871641, 1016.796875 ], [ -72.977878, 43.871682, 1015.19921875 ], [ -72.977965, 43.871746, 1014.59765625 ], [ -72.978034, 43.871792, 1015.3984375 ], [ -72.978097, 43.871838, 1013.296875 ], [ -72.978145, 43.871895, 1010.5 ], [ -72.978222, 43.871962, 1008.5 ], [ -72.978278, 43.872, 1008.0 ], [ -72.97835, 43.872024, 1007.796875 ], [ -72.97841, 43.872042, 1007.0 ], [ -72.978405, 43.872047, 1007.3984375 ], [ -72.978465, 43.872099, 1006.296875 ], [ -72.978521, 43.872147, 1003.8984375 ], [ -72.978552, 43.872164, 1003.3984375 ], [ -72.978591, 43.872204, 1002.09765625 ], [ -72.978608, 43.872213, 1001.796875 ], [ -72.978652, 43.872208, 1000.59765625 ], [ -72.978704, 43.872266, 998.3984375 ], [ -72.978746, 43.8723, 997.19921875 ], [ -72.978831, 43.872342, 996.19921875 ], [ -72.978875, 43.872411, 994.296875 ], [ -72.978929, 43.872476, 990.59765625 ], [ -72.978934, 43.872496, 990.0 ], [ -72.978978, 43.872548, 987.59765625 ], [ -72.979013, 43.872577, 986.59765625 ], [ -72.979083, 43.872599, 985.59765625 ], [ -72.979107, 43.87263, 985.19921875 ], [ -72.979124, 43.872657, 984.3984375 ], [ -72.979158, 43.872702, 983.0 ], [ -72.979163, 43.872711, 982.69921875 ], [ -72.979197, 43.872745, 980.296875 ], [ -72.979205, 43.872789, 979.09765625 ], [ -72.979245, 43.872823, 976.796875 ], [ -72.979275, 43.872853, 975.19921875 ], [ -72.979295, 43.872875, 974.19921875 ], [ -72.979342, 43.872899, 972.59765625 ], [ -72.979321, 43.872955, 971.59765625 ], [ -72.979342, 43.873045, 969.09765625 ], [ -72.979364, 43.873086, 967.8984375 ], [ -72.979371, 43.873126, 966.8984375 ], [ -72.979412, 43.873147, 966.09765625 ], [ -72.979475, 43.873154, 965.09765625 ], [ -72.979521, 43.873123, 964.296875 ], [ -72.979557, 43.873082, 963.796875 ], [ -72.979605, 43.873068, 962.5 ], [ -72.979654, 43.873026, 961.8984375 ], [ -72.979699, 43.872968, 961.09765625 ], [ -72.979741, 43.87301, 959.296875 ], [ -72.979825, 43.873057, 955.59765625 ], [ -72.979867, 43.873105, 953.796875 ], [ -72.979921, 43.873173, 951.69921875 ], [ -72.979926, 43.873176, 951.296875 ], [ -72.979961, 43.87321, 950.09765625 ], [ -72.979988, 43.873268, 948.5 ], [ -72.979995, 43.873341, 947.3984375 ], [ -72.980022, 43.873392, 946.09765625 ], [ -72.980043, 43.873435, 944.69921875 ], [ -72.980015, 43.873511, 945.09765625 ], [ -72.979993, 43.873598, 944.5 ], [ -72.979961, 43.873658, 944.296875 ], [ -72.979948, 43.873703, 943.8984375 ], [ -72.979977, 43.873751, 942.3984375 ], [ -72.979946, 43.873813, 941.19921875 ], [ -72.979907, 43.873846, 940.3984375 ], [ -72.979927, 43.87389, 938.796875 ], [ -72.979948, 43.873923, 937.796875 ], [ -72.979986, 43.873942, 937.19921875 ], [ -72.980042, 43.874003, 934.69921875 ], [ -72.980073, 43.874039, 933.19921875 ], [ -72.980085, 43.874067, 932.09765625 ], [ -72.980086, 43.874092, 931.69921875 ], [ -72.980088, 43.87415, 930.3984375 ], [ -72.980087, 43.874217, 928.8984375 ], [ -72.980097, 43.874263, 927.796875 ], [ -72.980121, 43.874361, 925.5 ], [ -72.980136, 43.874418, 924.09765625 ], [ -72.980122, 43.874498, 923.0 ], [ -72.980161, 43.874589, 921.5 ], [ -72.980186, 43.874677, 922.8984375 ], [ -72.980273, 43.874785, 926.09765625 ], [ -72.980325, 43.874868, 927.8984375 ], [ -72.980349, 43.874955, 928.8984375 ], [ -72.980406, 43.874976, 929.3984375 ], [ -72.980459, 43.875005, 930.19921875 ], [ -72.980511, 43.87507, 931.796875 ], [ -72.980514, 43.87517, 933.0 ], [ -72.980572, 43.875243, 933.19921875 ], [ -72.980657, 43.875279, 933.19921875 ], [ -72.980699, 43.875342, 933.8984375 ], [ -72.980794, 43.875405, 936.09765625 ], [ -72.980892, 43.875479, 935.796875 ], [ -72.98096, 43.875561, 935.3984375 ], [ -72.980971, 43.87566, 936.59765625 ], [ -72.981025, 43.875744, 937.19921875 ], [ -72.981055, 43.875834, 937.09765625 ], [ -72.981045, 43.875907, 936.5 ], [ -72.981029, 43.875986, 936.09765625 ], [ -72.98108, 43.876064, 936.69921875 ], [ -72.981159, 43.876154, 935.296875 ], [ -72.98116, 43.876204, 935.296875 ], [ -72.981174, 43.87626, 934.796875 ], [ -72.981186, 43.876313, 933.3984375 ], [ -72.981155, 43.876387, 933.59765625 ], [ -72.981088, 43.876431, 935.09765625 ], [ -72.981036, 43.876498, 934.69921875 ], [ -72.981023, 43.876558, 934.296875 ], [ -72.981022, 43.876645, 933.5 ], [ -72.981036, 43.87671, 933.0 ], [ -72.981042, 43.876761, 932.59765625 ], [ -72.981021, 43.876853, 932.19921875 ], [ -72.981044, 43.876919, 932.5 ], [ -72.981014, 43.877005, 932.69921875 ], [ -72.981007, 43.877095, 932.8984375 ], [ -72.981044, 43.877177, 932.69921875 ], [ -72.981037, 43.877271, 932.296875 ], [ -72.981053, 43.877341, 932.09765625 ], [ -72.981036, 43.877445, 932.69921875 ], [ -72.981005, 43.877527, 933.19921875 ], [ -72.981022, 43.877621, 933.8984375 ], [ -72.981048, 43.877711, 933.796875 ], [ -72.981087, 43.877756, 933.8984375 ], [ -72.981145, 43.877813, 933.09765625 ], [ -72.981202, 43.877889, 932.09765625 ], [ -72.981188, 43.877977, 932.0 ], [ -72.98118, 43.87805, 932.0 ], [ -72.981213, 43.878139, 931.69921875 ], [ -72.981201, 43.878236, 931.3984375 ], [ -72.981194, 43.878326, 930.8984375 ], [ -72.981165, 43.878398, 930.5 ], [ -72.981128, 43.878533, 930.19921875 ], [ -72.981102, 43.878612, 930.3984375 ], [ -72.981103, 43.878688, 930.69921875 ], [ -72.981121, 43.878784, 931.3984375 ], [ -72.981147, 43.878866, 932.5 ], [ -72.981235, 43.878949, 934.0 ], [ -72.981301, 43.879058, 935.59765625 ], [ -72.981379, 43.879119, 936.59765625 ], [ -72.981494, 43.879157, 936.59765625 ], [ -72.981551, 43.879243, 937.59765625 ], [ -72.981576, 43.879335, 938.8984375 ], [ -72.981631, 43.879378, 939.3984375 ], [ -72.981769, 43.879639, 940.3984375 ], [ -72.981703, 43.879666, 941.296875 ], [ -72.981557, 43.879671, 941.09765625 ], [ -72.981483, 43.879733, 941.3984375 ], [ -72.981416, 43.879816, 942.3984375 ], [ -72.981394, 43.879851, 942.796875 ], [ -72.981259, 43.879946, 943.59765625 ], [ -72.981144, 43.879929, 943.69921875 ], [ -72.981074, 43.880008, 944.5 ], [ -72.981065, 43.88002, 944.59765625 ], [ -72.98097, 43.880062, 944.796875 ], [ -72.980913, 43.880105, 945.0 ], [ -72.980914, 43.880203, 945.09765625 ], [ -72.980862, 43.880272, 944.59765625 ], [ -72.980865, 43.880355, 944.296875 ], [ -72.980825, 43.880427, 943.8984375 ], [ -72.980882, 43.880519, 943.796875 ], [ -72.98093, 43.880599, 943.69921875 ], [ -72.980881, 43.880672, 943.296875 ], [ -72.980792, 43.880734, 942.69921875 ], [ -72.980674, 43.880759, 941.796875 ], [ -72.980602, 43.880784, 941.296875 ], [ -72.980482, 43.880825, 940.19921875 ], [ -72.980385, 43.880822, 939.19921875 ], [ -72.980327, 43.880852, 938.59765625 ], [ -72.980277, 43.880908, 938.0 ], [ -72.980202, 43.880934, 936.8984375 ], [ -72.980124, 43.880976, 935.69921875 ], [ -72.980065, 43.881014, 934.69921875 ], [ -72.980004, 43.881062, 933.3984375 ], [ -72.979933, 43.881104, 932.19921875 ], [ -72.97988, 43.88115, 931.296875 ], [ -72.979848, 43.881242, 930.3984375 ], [ -72.97973, 43.881236, 929.09765625 ], [ -72.979727, 43.881236, 929.09765625 ], [ -72.979707, 43.88126, 928.69921875 ], [ -72.979679, 43.88132, 927.09765625 ], [ -72.979642, 43.881373, 925.59765625 ], [ -72.979623, 43.881437, 924.0 ], [ -72.979617, 43.881492, 923.0 ], [ -72.97964, 43.881556, 921.8984375 ], [ -72.979596, 43.881618, 920.8984375 ], [ -72.979535, 43.881658, 920.19921875 ], [ -72.979425, 43.88171, 919.59765625 ], [ -72.979328, 43.881752, 919.0 ], [ -72.979271, 43.881828, 917.59765625 ], [ -72.979207, 43.881885, 915.59765625 ], [ -72.979172, 43.881949, 913.796875 ], [ -72.97907, 43.881933, 914.0 ], [ -72.978987, 43.881887, 914.69921875 ], [ -72.978878, 43.881917, 913.3984375 ], [ -72.978784, 43.881916, 912.3984375 ], [ -72.978697, 43.881939, 911.09765625 ], [ -72.978599, 43.881946, 909.796875 ], [ -72.978507, 43.881925, 909.296875 ], [ -72.978462, 43.881962, 908.3984375 ], [ -72.978459, 43.882039, 907.09765625 ], [ -72.978444, 43.882101, 906.0 ], [ -72.978413, 43.882156, 904.3984375 ], [ -72.978465, 43.882211, 903.5 ], [ -72.978503, 43.882275, 902.09765625 ], [ -72.978481, 43.882327, 900.796875 ], [ -72.978398, 43.882327, 900.19921875 ], [ -72.978349, 43.882324, 900.09765625 ], [ -72.978321, 43.882327, 899.59765625 ], [ -72.978246, 43.88233, 898.59765625 ], [ -72.978152, 43.882312, 897.5 ], [ -72.978072, 43.882296, 896.5 ], [ -72.977985, 43.88229, 895.5 ], [ -72.977911, 43.882259, 894.69921875 ], [ -72.97784, 43.882199, 894.5 ], [ -72.97776, 43.882174, 893.3984375 ], [ -72.977671, 43.882149, 892.0 ], [ -72.977575, 43.882133, 890.59765625 ], [ -72.977504, 43.882097, 889.69921875 ], [ -72.977416, 43.882096, 888.0 ], [ -72.977341, 43.882056, 886.8984375 ], [ -72.97729, 43.882016, 886.3984375 ], [ -72.977209, 43.881966, 885.296875 ], [ -72.977135, 43.881948, 883.796875 ], [ -72.977074, 43.881912, 882.69921875 ], [ -72.977007, 43.881927, 880.8984375 ], [ -72.977019, 43.881998, 880.09765625 ], [ -72.976979, 43.882055, 878.19921875 ], [ -72.976949, 43.882147, 876.8984375 ], [ -72.976907, 43.882221, 875.8984375 ], [ -72.976892, 43.882263, 875.3984375 ], [ -72.976885, 43.882361, 875.19921875 ], [ -72.976849, 43.882427, 874.09765625 ], [ -72.976844, 43.882517, 873.09765625 ], [ -72.976888, 43.882598, 873.296875 ], [ -72.976908, 43.882684, 872.59765625 ], [ -72.976966, 43.882768, 872.09765625 ], [ -72.977004, 43.882838, 871.19921875 ], [ -72.977056, 43.882916, 870.59765625 ], [ -72.977116, 43.882984, 870.09765625 ], [ -72.977149, 43.883043, 869.19921875 ], [ -72.977189, 43.883122, 868.09765625 ], [ -72.977184, 43.883196, 866.09765625 ], [ -72.977218, 43.883259, 865.5 ], [ -72.977229, 43.883333, 864.09765625 ], [ -72.977266, 43.883401, 862.69921875 ], [ -72.977323, 43.883473, 861.3984375 ], [ -72.977349, 43.883523, 860.59765625 ], [ -72.977349, 43.883579, 859.5 ], [ -72.977324, 43.883605, 858.69921875 ], [ -72.977304, 43.883632, 858.19921875 ], [ -72.977288, 43.8837, 856.69921875 ], [ -72.97731, 43.883754, 855.8984375 ], [ -72.977357, 43.883805, 854.796875 ], [ -72.977418, 43.88384, 854.296875 ], [ -72.977441, 43.883879, 853.09765625 ], [ -72.977428, 43.883947, 850.796875 ], [ -72.977413, 43.88401, 848.8984375 ], [ -72.977398, 43.88406, 847.09765625 ], [ -72.97733, 43.884112, 845.59765625 ], [ -72.97725, 43.884139, 845.09765625 ], [ -72.977185, 43.884166, 844.0 ], [ -72.977128, 43.884187, 842.69921875 ], [ -72.977086, 43.884189, 842.296875 ], [ -72.977, 43.884195, 841.0 ], [ -72.976942, 43.884215, 839.69921875 ], [ -72.976896, 43.884293, 837.296875 ], [ -72.976855, 43.884348, 835.69921875 ], [ -72.976814, 43.884397, 834.5 ], [ -72.976727, 43.88443, 833.5 ], [ -72.976644, 43.88444, 832.69921875 ], [ -72.976564, 43.884467, 830.796875 ], [ -72.976502, 43.884498, 829.5 ], [ -72.976445, 43.884547, 828.09765625 ], [ -72.976402, 43.884632, 826.59765625 ], [ -72.976377, 43.884703, 825.69921875 ], [ -72.976336, 43.884779, 824.796875 ], [ -72.976251, 43.88483, 823.8984375 ], [ -72.976156, 43.884887, 822.3984375 ], [ -72.976085, 43.884926, 821.19921875 ], [ -72.975949, 43.88493, 820.5 ], [ -72.975813, 43.884958, 819.59765625 ], [ -72.975702, 43.885034, 818.69921875 ], [ -72.975557, 43.885068, 818.5 ], [ -72.975472, 43.885134, 818.3984375 ], [ -72.975357, 43.885213, 818.19921875 ], [ -72.975245, 43.88529, 818.09765625 ], [ -72.975135, 43.88537, 819.0 ], [ -72.975033, 43.885433, 820.5 ], [ -72.975004, 43.885533, 820.59765625 ], [ -72.974991, 43.885615, 820.296875 ], [ -72.974808, 43.886179, 817.59765625 ], [ -72.974808, 43.886351, 815.296875 ], [ -72.974705, 43.886353, 816.796875 ], [ -72.974633, 43.88644, 816.8984375 ], [ -72.974583, 43.886526, 816.5 ], [ -72.974537, 43.886613, 815.8984375 ], [ -72.974499, 43.886689, 815.19921875 ], [ -72.974492, 43.886778, 813.796875 ], [ -72.974462, 43.886868, 813.09765625 ], [ -72.974433, 43.88696, 812.796875 ], [ -72.974415, 43.887036, 812.59765625 ], [ -72.974408, 43.88711, 811.8984375 ], [ -72.97443, 43.887174, 810.796875 ], [ -72.974424, 43.887249, 810.59765625 ], [ -72.974415, 43.887334, 810.296875 ], [ -72.97443, 43.887408, 809.09765625 ], [ -72.974442, 43.887492, 808.19921875 ], [ -72.974467, 43.887554, 806.796875 ], [ -72.974473, 43.887631, 806.19921875 ], [ -72.97448, 43.887717, 806.09765625 ], [ -72.974514, 43.887791, 805.296875 ], [ -72.974566, 43.887829, 803.296875 ], [ -72.97461, 43.887874, 802.0 ], [ -72.974557, 43.887963, 804.296875 ], [ -72.974598, 43.888008, 803.3984375 ], [ -72.974639, 43.888056, 802.5 ], [ -72.97468, 43.888121, 801.69921875 ], [ -72.974732, 43.888153, 800.19921875 ], [ -72.974776, 43.888221, 799.19921875 ], [ -72.97481, 43.888304, 799.0 ], [ -72.97484, 43.888378, 798.796875 ], [ -72.974884, 43.888435, 798.0 ], [ -72.974937, 43.888493, 796.3984375 ], [ -72.974938, 43.888569, 797.19921875 ], [ -72.975, 43.888629, 795.69921875 ], [ -72.975071, 43.888694, 793.8984375 ], [ -72.975134, 43.888768, 792.69921875 ], [ -72.975164, 43.888857, 793.19921875 ], [ -72.975163, 43.888867, 793.296875 ], [ -72.975179, 43.888877, 792.69921875 ], [ -72.975225, 43.888918, 791.796875 ], [ -72.975271, 43.888962, 790.296875 ], [ -72.97533, 43.889007, 788.8984375 ], [ -72.975369, 43.889041, 787.796875 ], [ -72.975407, 43.88911, 787.09765625 ], [ -72.975431, 43.889209, 787.5 ], [ -72.975461, 43.889302, 787.3984375 ], [ -72.975512, 43.889371, 786.19921875 ], [ -72.97555, 43.889453, 785.296875 ], [ -72.975586, 43.889524, 784.296875 ], [ -72.975639, 43.889569, 782.8984375 ], [ -72.975674, 43.889647, 781.796875 ], [ -72.975713, 43.889732, 780.09765625 ], [ -72.975747, 43.889769, 778.296875 ], [ -72.975763, 43.889796, 777.69921875 ], [ -72.975785, 43.889828, 776.19921875 ], [ -72.97581, 43.889837, 775.19921875 ], [ -72.975817, 43.889855, 774.59765625 ], [ -72.975846, 43.889914, 773.296875 ], [ -72.975883, 43.889944, 772.296875 ], [ -72.975937, 43.889993, 770.296875 ], [ -72.975978, 43.89004, 768.796875 ], [ -72.976002, 43.890102, 767.796875 ], [ -72.976047, 43.890189, 765.796875 ], [ -72.976055, 43.890295, 765.19921875 ], [ -72.976062, 43.890391, 765.0 ], [ -72.97606, 43.890495, 764.296875 ], [ -72.976061, 43.890591, 763.69921875 ], [ -72.976049, 43.890698, 763.09765625 ], [ -72.976043, 43.890803, 763.09765625 ], [ -72.976014, 43.890879, 763.296875 ], [ -72.976004, 43.89099, 763.0 ], [ -72.976001, 43.891014, 762.8984375 ], [ -72.976022, 43.891077, 762.09765625 ], [ -72.976045, 43.891154, 761.19921875 ], [ -72.976031, 43.891235, 760.69921875 ], [ -72.975991, 43.891316, 760.09765625 ], [ -72.976022, 43.891395, 759.0 ], [ -72.976, 43.891476, 758.296875 ], [ -72.975979, 43.891575, 757.296875 ], [ -72.975935, 43.891639, 756.796875 ], [ -72.975836, 43.891692, 756.59765625 ], [ -72.975767, 43.891782, 755.69921875 ], [ -72.975698, 43.891846, 754.8984375 ], [ -72.975612, 43.891923, 754.19921875 ], [ -72.975511, 43.891989, 753.3984375 ], [ -72.975436, 43.892057, 752.3984375 ], [ -72.975352, 43.892112, 751.69921875 ], [ -72.975243, 43.892158, 751.09765625 ], [ -72.975145, 43.892207, 750.3984375 ], [ -72.975044, 43.892235, 749.8984375 ], [ -72.974921, 43.892261, 749.5 ], [ -72.974817, 43.892286, 748.69921875 ], [ -72.974723, 43.892329, 747.5 ], [ -72.974638, 43.892356, 746.3984375 ], [ -72.974536, 43.892359, 745.69921875 ], [ -72.974437, 43.892408, 744.09765625 ], [ -72.974319, 43.892436, 744.19921875 ], [ -72.974176, 43.89244, 744.8984375 ], [ -72.974072, 43.892508, 743.8984375 ], [ -72.973978, 43.892554, 743.59765625 ], [ -72.973886, 43.892583, 743.5 ], [ -72.973816, 43.892636, 742.0 ], [ -72.973746, 43.89268, 740.69921875 ], [ -72.97365, 43.892723, 739.3984375 ], [ -72.973561, 43.892766, 737.8984375 ], [ -72.97348, 43.892795, 737.296875 ], [ -72.973414, 43.892832, 736.5 ], [ -72.973348, 43.892869, 735.5 ], [ -72.973281, 43.892916, 733.69921875 ], [ -72.973209, 43.892948, 732.3984375 ], [ -72.973097, 43.892954, 732.0 ], [ -72.973001, 43.892958, 730.69921875 ], [ -72.972922, 43.89299, 728.69921875 ], [ -72.972834, 43.892998, 727.19921875 ], [ -72.972726, 43.892981, 726.59765625 ], [ -72.972604, 43.892942, 726.3984375 ], [ -72.972488, 43.892911, 726.09765625 ], [ -72.972391, 43.89284, 727.19921875 ], [ -72.972294, 43.892767, 728.796875 ], [ -72.972145, 43.892707, 729.8984375 ], [ -72.97201, 43.892666, 729.796875 ], [ -72.971901, 43.892661, 729.59765625 ], [ -72.971811, 43.892724, 728.59765625 ], [ -72.971718, 43.892774, 727.8984375 ], [ -72.971587, 43.892823, 727.3984375 ], [ -72.971463, 43.892834, 727.59765625 ], [ -72.971341, 43.892852, 727.69921875 ], [ -72.971222, 43.892876, 727.3984375 ], [ -72.971128, 43.892924, 725.8984375 ], [ -72.970684, 43.892926, 731.19921875 ], [ -72.970552, 43.892954, 732.0 ], [ -72.970495, 43.892955, 732.69921875 ], [ -72.970391, 43.892992, 734.09765625 ], [ -72.970266, 43.893047, 735.296875 ], [ -72.970119, 43.893083, 737.59765625 ], [ -72.969992, 43.89313, 739.19921875 ], [ -72.969854, 43.893155, 739.796875 ], [ -72.969726, 43.893177, 740.296875 ], [ -72.969607, 43.893137, 740.59765625 ], [ -72.969497, 43.893099, 740.69921875 ], [ -72.969389, 43.893065, 741.09765625 ], [ -72.969263, 43.893096, 741.19921875 ], [ -72.969148, 43.893127, 741.296875 ], [ -72.969114, 43.893198, 740.59765625 ], [ -72.969052, 43.893302, 741.296875 ], [ -72.969046, 43.893392, 741.296875 ], [ -72.969058, 43.893497, 741.5 ], [ -72.969065, 43.893594, 742.59765625 ], [ -72.969083, 43.893681, 743.796875 ], [ -72.969078, 43.893783, 745.5 ], [ -72.969029, 43.893879, 748.296875 ], [ -72.969022, 43.893903, 748.796875 ], [ -72.969027, 43.893964, 749.796875 ], [ -72.969013, 43.894069, 750.796875 ], [ -72.969038, 43.894147, 750.0 ], [ -72.969014, 43.894244, 749.59765625 ], [ -72.968981, 43.894341, 749.19921875 ], [ -72.968957, 43.894432, 749.09765625 ], [ -72.96893, 43.894536, 749.296875 ], [ -72.968904, 43.894639, 749.0 ], [ -72.968855, 43.894718, 749.0 ], [ -72.968861, 43.894786, 748.0 ], [ -72.968835, 43.894863, 747.59765625 ], [ -72.968848, 43.894952, 747.296875 ], [ -72.968818, 43.895041, 748.59765625 ], [ -72.968781, 43.895116, 750.296875 ], [ -72.968718, 43.895201, 752.09765625 ], [ -72.96865, 43.895286, 754.19921875 ], [ -72.968589, 43.895358, 756.19921875 ], [ -72.968554, 43.895454, 757.69921875 ], [ -72.968582, 43.895532, 758.0 ], [ -72.968604, 43.895615, 758.8984375 ], [ -72.968589, 43.895704, 760.3984375 ], [ -72.96853, 43.895776, 760.8984375 ], [ -72.968502, 43.89585, 760.8984375 ], [ -72.968462, 43.895917, 761.296875 ], [ -72.968434, 43.895999, 761.19921875 ], [ -72.968447, 43.896068, 759.59765625 ], [ -72.968497, 43.896136, 756.8984375 ], [ -72.968528, 43.896191, 755.0 ], [ -72.968533, 43.896195, 754.796875 ], [ -72.968556, 43.896243, 753.0 ], [ -72.968546, 43.896318, 752.5 ], [ -72.968534, 43.896383, 752.3984375 ], [ -72.968559, 43.896447, 750.8984375 ], [ -72.968539, 43.896519, 750.59765625 ], [ -72.968487, 43.896598, 750.09765625 ], [ -72.968369, 43.896636, 751.796875 ], [ -72.968275, 43.896687, 752.296875 ], [ -72.968246, 43.896757, 751.0 ], [ -72.968225, 43.896824, 749.8984375 ], [ -72.968262, 43.896879, 748.59765625 ], [ -72.968263, 43.896954, 747.3984375 ], [ -72.968274, 43.897006, 746.3984375 ], [ -72.968331, 43.897079, 745.09765625 ], [ -72.968336, 43.897168, 745.0 ], [ -72.968391, 43.897243, 745.09765625 ], [ -72.96841, 43.897266, 745.296875 ], [ -72.968421, 43.89735, 745.59765625 ], [ -72.968472, 43.897423, 746.5 ], [ -72.968579, 43.897469, 748.5 ], [ -72.968674, 43.897526, 750.5 ], [ -72.968786, 43.897555, 752.5 ], [ -72.968846, 43.89761, 755.19921875 ], [ -72.968855, 43.897679, 757.3984375 ], [ -72.968902, 43.897759, 759.5 ], [ -72.968866, 43.897852, 761.3984375 ], [ -72.968763, 43.897907, 762.296875 ], [ -72.968759, 43.89799, 763.8984375 ], [ -72.968855, 43.898038, 765.09765625 ], [ -72.968965, 43.898064, 765.0 ], [ -72.969025, 43.898146, 766.19921875 ], [ -72.969008, 43.898238, 767.8984375 ], [ -72.968979, 43.898308, 769.296875 ], [ -72.968988, 43.898399, 770.69921875 ], [ -72.968923, 43.89849, 772.796875 ], [ -72.968864, 43.898579, 773.69921875 ], [ -72.968796, 43.898652, 774.5 ], [ -72.968772, 43.898742, 775.69921875 ], [ -72.968739, 43.898825, 776.8984375 ], [ -72.968753, 43.898922, 777.796875 ], [ -72.968804, 43.899001, 778.69921875 ], [ -72.968719, 43.899084, 779.8984375 ], [ -72.968633, 43.899177, 781.69921875 ], [ -72.968634, 43.899265, 783.296875 ], [ -72.968579, 43.899349, 784.3984375 ], [ -72.96856, 43.89944, 785.5 ], [ -72.968575, 43.899532, 786.8984375 ], [ -72.968558, 43.899642, 789.0 ], [ -72.968533, 43.899722, 791.09765625 ], [ -72.968404, 43.899732, 791.0 ], [ -72.968357, 43.89974, 791.296875 ], [ -72.968319, 43.899814, 793.8984375 ], [ -72.968221, 43.899874, 795.3984375 ], [ -72.968152, 43.899938, 796.8984375 ], [ -72.96804, 43.900002, 797.296875 ], [ -72.967987, 43.900088, 799.296875 ], [ -72.968035, 43.900163, 801.3984375 ], [ -72.968063, 43.900254, 803.5 ], [ -72.968092, 43.900356, 806.19921875 ], [ -72.968203, 43.900401, 808.19921875 ], [ -72.968311, 43.900455, 810.69921875 ], [ -72.968343, 43.900547, 812.8984375 ], [ -72.968355, 43.900649, 815.0 ], [ -72.968397, 43.900735, 816.69921875 ], [ -72.96842, 43.900832, 818.3984375 ], [ -72.968395, 43.900926, 820.3984375 ], [ -72.96844, 43.901, 821.796875 ], [ -72.968434, 43.901104, 823.0 ], [ -72.968523, 43.901178, 824.8984375 ], [ -72.968579, 43.901235, 826.5 ], [ -72.968609, 43.90133, 828.09765625 ], [ -72.968664, 43.901427, 829.5 ], [ -72.968726, 43.901514, 830.69921875 ], [ -72.968786, 43.901599, 832.09765625 ], [ -72.968863, 43.901659, 833.296875 ], [ -72.968955, 43.901709, 833.796875 ], [ -72.968992, 43.901795, 835.5 ], [ -72.96905, 43.901888, 836.8984375 ], [ -72.969092, 43.90199, 838.59765625 ], [ -72.969098, 43.902078, 840.19921875 ], [ -72.969129, 43.902168, 842.0 ], [ -72.969154, 43.902266, 844.09765625 ], [ -72.96914, 43.902352, 845.796875 ], [ -72.969163, 43.902445, 847.296875 ], [ -72.9691, 43.902544, 848.69921875 ], [ -72.969087, 43.90264, 850.296875 ], [ -72.969052, 43.902728, 851.59765625 ], [ -72.968964, 43.902807, 852.69921875 ], [ -72.968949, 43.902887, 853.69921875 ], [ -72.968868, 43.902944, 854.296875 ], [ -72.968805, 43.903032, 855.69921875 ], [ -72.968796, 43.903127, 857.296875 ], [ -72.968842, 43.903221, 858.3984375 ], [ -72.96886, 43.903316, 859.0 ], [ -72.968863, 43.903409, 859.69921875 ], [ -72.968811, 43.903487, 860.09765625 ], [ -72.968761, 43.903574, 859.19921875 ], [ -72.968782, 43.90366, 858.09765625 ], [ -72.968757, 43.903723, 857.3984375 ], [ -72.968759, 43.903799, 857.296875 ], [ -72.968758, 43.903889, 857.796875 ], [ -72.968763, 43.903974, 858.19921875 ], [ -72.968755, 43.904061, 858.09765625 ], [ -72.968659, 43.904081, 857.69921875 ], [ -72.968594, 43.904144, 856.8984375 ], [ -72.968555, 43.904235, 855.8984375 ], [ -72.968516, 43.904303, 855.3984375 ], [ -72.968471, 43.904351, 855.0 ], [ -72.968396, 43.904416, 854.69921875 ], [ -72.968372, 43.904496, 854.796875 ], [ -72.968372, 43.904503, 854.796875 ], [ -72.968325, 43.904568, 854.69921875 ], [ -72.968275, 43.904632, 854.0 ], [ -72.968231, 43.904683, 853.09765625 ], [ -72.968175, 43.904762, 852.19921875 ], [ -72.968136, 43.904835, 851.5 ], [ -72.968081, 43.904921, 850.796875 ], [ -72.967982, 43.904994, 851.09765625 ], [ -72.967955, 43.905055, 851.5 ], [ -72.967896, 43.905143, 852.0 ], [ -72.967869, 43.905229, 852.0 ], [ -72.967856, 43.905312, 852.0 ], [ -72.967846, 43.905408, 852.0 ], [ -72.967871, 43.905493, 852.3984375 ], [ -72.967842, 43.905574, 853.0 ], [ -72.967798, 43.905672, 853.796875 ], [ -72.967741, 43.905766, 854.0 ], [ -72.967717, 43.905859, 854.59765625 ], [ -72.96766, 43.905902, 855.19921875 ], [ -72.967542, 43.905925, 856.5 ], [ -72.967413, 43.905923, 857.19921875 ], [ -72.967318, 43.905923, 858.0 ], [ -72.967206, 43.90592, 858.796875 ], [ -72.96707, 43.905937, 860.19921875 ], [ -72.966976, 43.905993, 862.296875 ], [ -72.966896, 43.906069, 864.19921875 ], [ -72.966846, 43.906149, 866.0 ], [ -72.966803, 43.906214, 867.3984375 ], [ -72.966902, 43.906282, 869.3984375 ], [ -72.966977, 43.906335, 870.3984375 ], [ -72.967047, 43.906402, 870.8984375 ], [ -72.967115, 43.906467, 871.69921875 ], [ -72.96702, 43.906538, 873.796875 ], [ -72.966924, 43.906605, 876.3984375 ], [ -72.966925, 43.906684, 878.5 ], [ -72.966967, 43.906751, 880.3984375 ], [ -72.967079, 43.906776, 881.59765625 ], [ -72.967172, 43.906839, 883.3984375 ], [ -72.967209, 43.906859, 883.796875 ], [ -72.967263, 43.906918, 883.8984375 ], [ -72.967275, 43.907013, 885.0 ], [ -72.967268, 43.907121, 886.3984375 ], [ -72.96724, 43.907194, 887.09765625 ], [ -72.967108, 43.907184, 889.296875 ], [ -72.966991, 43.907135, 890.19921875 ], [ -72.966886, 43.907081, 890.5 ], [ -72.966777, 43.907029, 891.796875 ], [ -72.966674, 43.906964, 891.59765625 ], [ -72.96656, 43.906942, 892.3984375 ], [ -72.966471, 43.90689, 892.0 ], [ -72.96634, 43.906882, 893.19921875 ], [ -72.96624, 43.906832, 891.796875 ], [ -72.966165, 43.906843, 892.09765625 ], [ -72.966157, 43.906849, 892.3984375 ], [ -72.966123, 43.90689, 893.69921875 ], [ -72.966139, 43.906965, 896.296875 ], [ -72.966198, 43.907036, 898.296875 ], [ -72.966276, 43.907104, 899.8984375 ], [ -72.96634, 43.90719, 902.3984375 ], [ -72.966448, 43.907246, 903.0 ], [ -72.966501, 43.907331, 904.19921875 ], [ -72.966434, 43.907399, 907.5 ], [ -72.966343, 43.907431, 909.796875 ], [ -72.966247, 43.907422, 910.59765625 ], [ -72.966145, 43.90745, 913.0 ], [ -72.966039, 43.907468, 914.69921875 ], [ -72.965946, 43.907518, 917.19921875 ], [ -72.965851, 43.907565, 919.8984375 ], [ -72.965808, 43.907567, 920.09765625 ], [ -72.965812, 43.907578, 920.59765625 ], [ -72.96575, 43.907627, 923.19921875 ], [ -72.96569, 43.907673, 925.296875 ], [ -72.96574, 43.907719, 926.8984375 ], [ -72.965679, 43.90776, 928.8984375 ], [ -72.965613, 43.907808, 931.3984375 ], [ -72.965571, 43.907827, 932.5 ], [ -72.965549, 43.907825, 932.59765625 ], [ -72.965459, 43.907871, 934.796875 ], [ -72.965364, 43.907904, 936.69921875 ], [ -72.965274, 43.907943, 938.796875 ], [ -72.965296, 43.907999, 940.796875 ], [ -72.965374, 43.908074, 942.8984375 ], [ -72.965457, 43.908143, 944.69921875 ], [ -72.965499, 43.908217, 946.796875 ], [ -72.965434, 43.908277, 948.09765625 ], [ -72.965367, 43.90835, 949.59765625 ], [ -72.965299, 43.908383, 950.5 ], [ -72.965195, 43.908412, 951.09765625 ], [ -72.965102, 43.90847, 952.59765625 ], [ -72.965044, 43.908526, 954.296875 ], [ -72.964947, 43.908575, 956.0 ], [ -72.964842, 43.908578, 956.5 ], [ -72.964726, 43.90862, 958.19921875 ], [ -72.964682, 43.908695, 960.69921875 ], [ -72.964637, 43.908768, 962.796875 ], [ -72.964653, 43.90884, 964.5 ], [ -72.964626, 43.908924, 966.59765625 ], [ -72.96458, 43.908987, 968.59765625 ], [ -72.964534, 43.909072, 970.59765625 ], [ -72.964463, 43.909144, 972.69921875 ], [ -72.96446, 43.909226, 974.8984375 ], [ -72.9644, 43.909319, 977.09765625 ], [ -72.964308, 43.909389, 977.8984375 ], [ -72.96425, 43.909472, 979.0 ], [ -72.96415, 43.909539, 980.296875 ], [ -72.964037, 43.90957, 980.3984375 ], [ -72.963936, 43.909598, 980.296875 ], [ -72.963816, 43.909666, 981.59765625 ], [ -72.963722, 43.909733, 983.3984375 ], [ -72.963636, 43.909787, 985.3984375 ], [ -72.963622, 43.909885, 986.8984375 ], [ -72.963638, 43.910061, 986.69921875 ], [ -72.963648, 43.910166, 986.5 ], [ -72.963667, 43.910261, 985.8984375 ], [ -72.963707, 43.910326, 985.19921875 ], [ -72.963675, 43.91039, 985.5 ], [ -72.963699, 43.910521, 984.69921875 ], [ -72.963687, 43.910595, 984.5 ], [ -72.963625, 43.910675, 985.0 ], [ -72.963592, 43.910768, 985.09765625 ], [ -72.963597, 43.91087, 985.59765625 ], [ -72.963601, 43.910971, 986.0 ], [ -72.963636, 43.911061, 985.19921875 ], [ -72.963617, 43.911152, 985.19921875 ], [ -72.963572, 43.911237, 984.8984375 ], [ -72.963554, 43.91132, 983.69921875 ], [ -72.963503, 43.911389, 982.3984375 ], [ -72.963511, 43.911462, 981.296875 ], [ -72.963541, 43.911519, 980.59765625 ], [ -72.963652, 43.911581, 980.0 ], [ -72.963659, 43.911636, 979.3984375 ], [ -72.963657, 43.911734, 978.69921875 ], [ -72.963601, 43.911772, 979.09765625 ], [ -72.963572, 43.911819, 977.8984375 ], [ -72.963529, 43.911889, 975.59765625 ], [ -72.963473, 43.911969, 973.19921875 ], [ -72.963428, 43.912026, 971.8984375 ], [ -72.963404, 43.912048, 971.5 ], [ -72.963367, 43.912102, 970.59765625 ], [ -72.963342, 43.91221, 968.19921875 ], [ -72.963344, 43.912217, 968.0 ], [ -72.963419, 43.912302, 965.59765625 ], [ -72.963501, 43.91242, 961.19921875 ], [ -72.963497, 43.91246, 959.8984375 ], [ -72.963481, 43.912502, 958.69921875 ], [ -72.963512, 43.912537, 957.19921875 ], [ -72.963501, 43.912582, 956.0 ], [ -72.963399, 43.912658, 954.0 ], [ -72.963364, 43.912742, 953.69921875 ], [ -72.96338, 43.912837, 953.5 ], [ -72.963446, 43.912917, 953.8984375 ], [ -72.963468, 43.912954, 954.796875 ], [ -72.963537, 43.913005, 956.796875 ], [ -72.963569, 43.913079, 958.796875 ], [ -72.963645, 43.913158, 961.19921875 ], [ -72.963702, 43.913259, 962.5 ], [ -72.963793, 43.913337, 963.0 ], [ -72.963789, 43.913436, 963.796875 ], [ -72.963849, 43.91352, 964.0 ], [ -72.963932, 43.91359, 963.59765625 ], [ -72.964024, 43.913663, 962.69921875 ], [ -72.964076, 43.913734, 962.0 ], [ -72.964123, 43.913791, 961.296875 ], [ -72.964202, 43.913779, 960.5 ], [ -72.964298, 43.91381, 959.19921875 ], [ -72.964308, 43.913915, 959.296875 ], [ -72.964306, 43.914001, 959.3984375 ], [ -72.964314, 43.914078, 959.19921875 ], [ -72.964357, 43.914167, 958.59765625 ], [ -72.964384, 43.914261, 958.19921875 ], [ -72.96442, 43.914352, 957.5 ], [ -72.96447, 43.914426, 956.3984375 ], [ -72.964544, 43.914482, 955.19921875 ], [ -72.964577, 43.91456, 954.19921875 ], [ -72.964649, 43.914593, 953.3984375 ], [ -72.964717, 43.914647, 952.296875 ], [ -72.964766, 43.91471, 950.796875 ], [ -72.964778, 43.914783, 949.8984375 ], [ -72.964808, 43.914839, 948.8984375 ], [ -72.964837, 43.914928, 947.8984375 ], [ -72.964863, 43.915012, 947.19921875 ], [ -72.964921, 43.915057, 946.5 ], [ -72.964996, 43.915114, 946.0 ], [ -72.965023, 43.915191, 944.796875 ], [ -72.964993, 43.915261, 944.69921875 ], [ -72.964979, 43.915329, 944.0 ], [ -72.964966, 43.915401, 943.296875 ], [ -72.964955, 43.915447, 942.69921875 ], [ -72.964918, 43.915524, 941.796875 ], [ -72.964868, 43.915598, 940.796875 ], [ -72.964864, 43.915663, 940.0 ], [ -72.964834, 43.915749, 938.69921875 ], [ -72.964811, 43.915829, 937.3984375 ], [ -72.96478, 43.915904, 936.5 ], [ -72.964789, 43.915901, 936.3984375 ], [ -72.964756, 43.915963, 935.796875 ], [ -72.964761, 43.916027, 934.796875 ], [ -72.964712, 43.916104, 934.0 ], [ -72.96472, 43.916173, 933.09765625 ], [ -72.96473, 43.916265, 931.69921875 ], [ -72.964701, 43.916358, 930.09765625 ], [ -72.964719, 43.916444, 929.19921875 ], [ -72.964674, 43.916522, 927.5 ], [ -72.964684, 43.916587, 926.8984375 ], [ -72.964683, 43.916677, 926.09765625 ], [ -72.964711, 43.91676, 925.3984375 ], [ -72.964661, 43.916849, 924.5 ], [ -72.964635, 43.916914, 924.0 ], [ -72.964588, 43.916982, 923.296875 ], [ -72.964559, 43.917058, 922.59765625 ], [ -72.964478, 43.917122, 922.0 ], [ -72.964392, 43.917167, 921.0 ], [ -72.964342, 43.917249, 920.296875 ], [ -72.964339, 43.917335, 920.296875 ], [ -72.964373, 43.917418, 920.09765625 ], [ -72.964397, 43.917501, 920.0 ], [ -72.964478, 43.917577, 919.796875 ], [ -72.964481, 43.917674, 919.09765625 ], [ -72.964462, 43.917742, 918.3984375 ], [ -72.964397, 43.917809, 917.09765625 ], [ -72.964354, 43.917893, 915.59765625 ], [ -72.96431, 43.917995, 914.69921875 ], [ -72.964332, 43.9181, 914.3984375 ], [ -72.964375, 43.918167, 914.09765625 ], [ -72.964373, 43.918267, 914.3984375 ], [ -72.964307, 43.918365, 915.19921875 ], [ -72.964253, 43.918456, 916.296875 ], [ -72.964233, 43.918557, 917.09765625 ], [ -72.964274, 43.918666, 917.3984375 ], [ -72.964274, 43.918769, 918.0 ], [ -72.964237, 43.918864, 918.796875 ], [ -72.964218, 43.918969, 919.5 ], [ -72.964253, 43.919055, 919.59765625 ], [ -72.964265, 43.919102, 919.5 ], [ -72.964288, 43.919202, 919.19921875 ], [ -72.964304, 43.919302, 919.0 ], [ -72.964353, 43.919375, 918.5 ], [ -72.964355, 43.919454, 917.8984375 ], [ -72.964309, 43.919532, 917.69921875 ], [ -72.964249, 43.919603, 917.796875 ], [ -72.964246, 43.919675, 916.5 ], [ -72.964265, 43.919752, 915.0 ], [ -72.964213, 43.919834, 914.69921875 ], [ -72.964201, 43.919912, 913.5 ], [ -72.9641581, 43.9199802, 912.796875 ], [ -72.9641935, 43.9200703, 910.69921875 ], [ -72.964088, 43.9201065, 909.59765625 ], [ -72.964041, 43.920147, 908.5 ], [ -72.964109, 43.920216, 908.296875 ], [ -72.964157, 43.920315, 907.296875 ], [ -72.964181, 43.920383, 906.09765625 ], [ -72.964182, 43.920397, 905.796875 ], [ -72.96418, 43.920396, 905.796875 ], [ -72.964103, 43.920474, 903.5 ], [ -72.964009, 43.920526, 901.3984375 ], [ -72.963988, 43.920547, 900.796875 ], [ -72.963935, 43.920591, 899.8984375 ], [ -72.963905, 43.920665, 898.296875 ], [ -72.963904, 43.920725, 896.8984375 ], [ -72.963891, 43.920773, 896.09765625 ], [ -72.963875, 43.920839, 894.296875 ], [ -72.963929, 43.920953, 891.0 ], [ -72.96396, 43.921007, 888.69921875 ], [ -72.963976, 43.921046, 887.19921875 ], [ -72.96397, 43.92106, 886.8984375 ], [ -72.963991, 43.921093, 885.796875 ], [ -72.964008, 43.921108, 884.8984375 ], [ -72.964075, 43.92115, 883.19921875 ], [ -72.964108, 43.921191, 881.796875 ], [ -72.964158, 43.92124, 880.296875 ], [ -72.964191, 43.921262, 879.3984375 ], [ -72.964137, 43.921407, 875.5 ], [ -72.964155, 43.921462, 874.0 ], [ -72.964152, 43.921482, 873.5 ], [ -72.964197, 43.921571, 870.59765625 ], [ -72.964268, 43.92161, 868.69921875 ], [ -72.964312, 43.921636, 867.5 ], [ -72.964361, 43.92166, 866.3984375 ], [ -72.964392, 43.921684, 865.5 ], [ -72.964378, 43.921742, 864.296875 ], [ -72.964338, 43.921873, 862.09765625 ], [ -72.964322, 43.921945, 860.5 ], [ -72.964346, 43.922005, 858.8984375 ], [ -72.964372, 43.922078, 857.296875 ], [ -72.964404, 43.922154, 855.69921875 ], [ -72.96442, 43.922185, 854.796875 ], [ -72.964406, 43.922223, 854.09765625 ], [ -72.964402, 43.922274, 853.0 ], [ -72.964376, 43.922329, 851.69921875 ], [ -72.964319, 43.922389, 850.296875 ], [ -72.964304, 43.922408, 849.8984375 ], [ -72.964277, 43.922427, 849.3984375 ], [ -72.964246, 43.922458, 848.59765625 ], [ -72.964204, 43.922539, 846.59765625 ], [ -72.964158, 43.922593, 845.19921875 ], [ -72.964092, 43.922647, 843.19921875 ], [ -72.964052, 43.922702, 841.8984375 ], [ -72.964055, 43.922776, 840.296875 ], [ -72.964077, 43.922849, 838.796875 ], [ -72.964048, 43.922923, 837.3984375 ], [ -72.964035, 43.923015, 836.69921875 ], [ -72.96399, 43.923117, 836.0 ], [ -72.964012, 43.923212, 835.296875 ], [ -72.964001, 43.923298, 834.5 ], [ -72.963975, 43.923387, 833.69921875 ], [ -72.963927, 43.923493, 832.796875 ], [ -72.96394, 43.923565, 831.8984375 ], [ -72.963998, 43.923646, 831.09765625 ], [ -72.964005, 43.923732, 830.19921875 ], [ -72.964047, 43.923818, 830.09765625 ], [ -72.964002, 43.923916, 830.19921875 ], [ -72.963977, 43.924013, 830.296875 ], [ -72.964001, 43.924106, 830.3984375 ], [ -72.964001, 43.924202, 830.3984375 ], [ -72.963988, 43.924236, 830.3984375 ], [ -72.963949, 43.924348, 831.09765625 ], [ -72.964026, 43.924436, 833.19921875 ], [ -72.964064, 43.924516, 834.796875 ], [ -72.964055, 43.924559, 835.5 ], [ -72.964083, 43.924656, 837.8984375 ], [ -72.964076, 43.924752, 840.19921875 ], [ -72.964072, 43.924849, 842.69921875 ], [ -72.964063, 43.924893, 843.09765625 ], [ -72.964035, 43.924985, 843.69921875 ], [ -72.964021, 43.92508, 844.19921875 ], [ -72.963994, 43.925182, 844.796875 ], [ -72.963995, 43.92529, 845.296875 ], [ -72.964029, 43.925405, 845.5 ], [ -72.964045, 43.92549, 845.09765625 ], [ -72.964067, 43.925544, 844.8984375 ], [ -72.964091, 43.925632, 844.59765625 ], [ -72.964129, 43.925711, 844.0 ], [ -72.964162, 43.925788, 842.69921875 ], [ -72.964149, 43.925848, 841.8984375 ], [ -72.964109, 43.925926, 841.0 ], [ -72.964085, 43.925992, 840.296875 ], [ -72.964012, 43.926049, 839.796875 ], [ -72.963916, 43.926087, 839.3984375 ], [ -72.963832, 43.926106, 837.5 ], [ -72.963756, 43.926122, 835.59765625 ], [ -72.963696, 43.9261329, 833.8984375 ], [ -72.9636533, 43.9261397, 832.5 ], [ -72.963561, 43.9261076, 831.19921875 ], [ -72.9634597, 43.9260996, 829.69921875 ], [ -72.9633052, 43.926092, 827.8984375 ], [ -72.963174, 43.926003, 830.296875 ], [ -72.963085, 43.9259811, 831.5 ], [ -72.963041, 43.925999, 831.5 ], [ -72.96302, 43.926013, 831.3984375 ], [ -72.962954, 43.926067, 830.59765625 ], [ -72.962882, 43.926139, 830.09765625 ], [ -72.962828, 43.926207, 829.796875 ], [ -72.9627544, 43.9262858, 828.3984375 ], [ -72.9626902, 43.9263186, 827.09765625 ], [ -72.9625711, 43.9263459, 825.8984375 ], [ -72.9624468, 43.9263825, 825.296875 ], [ -72.9624076, 43.9264442, 824.8984375 ], [ -72.9623851, 43.9265531, 824.3984375 ], [ -72.9623381, 43.9266171, 823.59765625 ], [ -72.9622631, 43.9266671, 823.0 ], [ -72.9621911, 43.9267381, 822.19921875 ], [ -72.9621543, 43.9268357, 821.296875 ], [ -72.9621019, 43.9269185, 820.296875 ], [ -72.961997, 43.926982, 819.69921875 ], [ -72.961923, 43.927081, 818.8984375 ], [ -72.961867, 43.92715, 818.3984375 ], [ -72.961837, 43.927234, 817.8984375 ], [ -72.961815, 43.92732, 817.296875 ], [ -72.9618158, 43.927399, 816.59765625 ], [ -72.9617358, 43.9275153, 814.8984375 ], [ -72.9616315, 43.9275597, 814.296875 ], [ -72.9615155, 43.9275977, 813.296875 ], [ -72.9613925, 43.9275847, 812.59765625 ], [ -72.9612675, 43.9275887, 812.0 ], [ -72.9611315, 43.9275717, 811.59765625 ], [ -72.9610275, 43.9275667, 811.69921875 ], [ -72.9609145, 43.9275677, 812.0 ], [ -72.9608149, 43.9275999, 812.09765625 ], [ -72.960769, 43.927675, 811.69921875 ], [ -72.960767, 43.92777, 811.19921875 ], [ -72.9607555, 43.9278591, 810.59765625 ], [ -72.9607818, 43.9279511, 810.09765625 ], [ -72.9607191, 43.9280382, 810.0 ], [ -72.960659, 43.928139, 809.59765625 ], [ -72.96065, 43.92818, 809.3984375 ], [ -72.960632, 43.92821, 809.296875 ], [ -72.9606308, 43.9282666, 809.19921875 ], [ -72.9606361, 43.928331, 809.19921875 ], [ -72.9606657, 43.9284349, 809.09765625 ], [ -72.9606834, 43.9285035, 808.69921875 ], [ -72.960759, 43.928572, 807.8984375 ], [ -72.960839, 43.928644, 807.09765625 ], [ -72.960904, 43.928718, 805.796875 ], [ -72.960971, 43.928774, 804.69921875 ], [ -72.961049, 43.928836, 803.09765625 ], [ -72.9611113, 43.9289057, 801.69921875 ], [ -72.961195, 43.9290161, 800.3984375 ], [ -72.9612338, 43.9290673, 799.69921875 ], [ -72.9612241, 43.9291091, 799.0 ], [ -72.9611885, 43.9291683, 797.8984375 ], [ -72.9611105, 43.9292276, 796.296875 ], [ -72.961005, 43.9292594, 794.69921875 ], [ -72.960935, 43.929299, 792.69921875 ], [ -72.9608975, 43.9293355, 791.09765625 ], [ -72.9608223, 43.9293662, 789.19921875 ], [ -72.960784, 43.9293846, 788.3984375 ], [ -72.9606664, 43.9293992, 786.5 ], [ -72.9605694, 43.929419, 784.69921875 ], [ -72.9605271, 43.9294231, 783.59765625 ], [ -72.9604914, 43.9293999, 782.3984375 ], [ -72.960439, 43.929388, 780.69921875 ], [ -72.9603876, 43.929368, 779.19921875 ], [ -72.9603202, 43.9293667, 776.5 ], [ -72.9602955, 43.9293965, 775.19921875 ], [ -72.960297, 43.9294298, 774.59765625 ], [ -72.9603022, 43.9294712, 773.8984375 ], [ -72.9602669, 43.9295059, 772.09765625 ], [ -72.9601943, 43.9295497, 769.19921875 ], [ -72.960163, 43.9296182, 766.5 ], [ -72.9601248, 43.9296878, 763.3984375 ], [ -72.9600656, 43.9297273, 761.09765625 ], [ -72.959934, 43.9297322, 758.69921875 ], [ -72.9598188, 43.9297276, 757.69921875 ], [ -72.9596471, 43.9296976, 756.796875 ], [ -72.9595192, 43.929696, 755.69921875 ], [ -72.9594184, 43.9297456, 754.09765625 ], [ -72.9592912, 43.9297695, 750.19921875 ], [ -72.9592228, 43.9298083, 747.5 ], [ -72.9590943, 43.9298088, 744.0 ], [ -72.958986, 43.9297875, 742.0 ], [ -72.9588868, 43.9297473, 740.3984375 ], [ -72.9588116, 43.9297103, 739.296875 ], [ -72.958752, 43.9296987, 738.0 ], [ -72.9586867, 43.9296985, 736.5 ], [ -72.9586572, 43.9297149, 735.5 ], [ -72.9586592, 43.9297831, 734.0 ], [ -72.9586254, 43.9298447, 731.8984375 ], [ -72.9585956, 43.9299738, 728.296875 ], [ -72.9585942, 43.9301523, 724.0 ], [ -72.9585816, 43.9302831, 720.59765625 ], [ -72.9585741, 43.9304326, 716.796875 ], [ -72.9586101, 43.930525, 715.09765625 ], [ -72.9586119, 43.9305908, 713.59765625 ], [ -72.9585952, 43.9306439, 712.19921875 ], [ -72.9585453, 43.9307139, 709.69921875 ], [ -72.9584618, 43.9307491, 707.59765625 ], [ -72.9583551, 43.9308077, 705.19921875 ], [ -72.9582543, 43.9308517, 703.296875 ], [ -72.9581763, 43.9308769, 702.0 ], [ -72.9580876, 43.9308873, 700.59765625 ], [ -72.9580186, 43.9308912, 699.59765625 ], [ -72.9579447, 43.9309101, 698.0 ], [ -72.9579017, 43.930928, 697.0 ], [ -72.9578211, 43.9309394, 695.3984375 ], [ -72.957753, 43.9309519, 693.69921875 ], [ -72.9577071, 43.9309811, 691.796875 ], [ -72.9577073, 43.9310354, 690.296875 ], [ -72.9576847, 43.9310537, 689.19921875 ], [ -72.9576499, 43.9310419, 688.69921875 ], [ -72.9575529, 43.9310615, 685.69921875 ], [ -72.9574251, 43.9310585, 683.09765625 ], [ -72.9573549, 43.9310528, 681.69921875 ], [ -72.957307, 43.9310441, 681.0 ], [ -72.957228, 43.9310315, 679.3984375 ], [ -72.9571271, 43.9310685, 678.59765625 ], [ -72.9570407, 43.9311344, 677.8984375 ], [ -72.956896, 43.9312186, 677.09765625 ], [ -72.9567528, 43.9312418, 677.69921875 ], [ -72.9566353, 43.9312985, 677.296875 ], [ -72.9565802, 43.9313578, 676.3984375 ], [ -72.9565307, 43.931407, 675.8984375 ], [ -72.9564778, 43.9314591, 675.3984375 ], [ -72.9563902, 43.9315527, 674.69921875 ], [ -72.9563298, 43.9316543, 673.09765625 ], [ -72.9562731, 43.9317095, 672.3984375 ], [ -72.9561921, 43.9317845, 671.8984375 ], [ -72.9561448, 43.9318492, 671.3984375 ], [ -72.9560129, 43.9318991, 671.09765625 ], [ -72.9559272, 43.9319677, 670.59765625 ], [ -72.9559019, 43.9320901, 669.69921875 ], [ -72.955881, 43.93218, 669.09765625 ], [ -72.955849, 43.932271, 668.59765625 ], [ -72.95587, 43.932365, 667.69921875 ], [ -72.955867, 43.93245, 666.59765625 ], [ -72.955881, 43.93252, 665.5 ], [ -72.955929, 43.932598, 664.19921875 ], [ -72.955933, 43.932682, 662.69921875 ], [ -72.955921, 43.932753, 661.19921875 ], [ -72.955922, 43.9328191, 659.59765625 ], [ -72.9558449, 43.9329276, 657.796875 ], [ -72.9558226, 43.9330225, 657.0 ], [ -72.9557351, 43.9330949, 656.8984375 ], [ -72.9556793, 43.9331747, 656.3984375 ], [ -72.9556607, 43.9332353, 655.5 ], [ -72.955654, 43.9332638, 655.19921875 ], [ -72.9556545, 43.9333056, 654.3984375 ], [ -72.9556339, 43.93335, 653.8984375 ], [ -72.9555469, 43.9334014, 654.0 ], [ -72.9554304, 43.9334804, 653.5 ], [ -72.9554112, 43.9335333, 653.59765625 ], [ -72.9552978, 43.9335829, 654.59765625 ], [ -72.955264, 43.933702, 655.8984375 ], [ -72.95522, 43.9338, 656.296875 ], [ -72.955119, 43.933892, 656.796875 ], [ -72.955004, 43.933954, 658.09765625 ], [ -72.9548852, 43.9340538, 656.796875 ], [ -72.954789, 43.934097, 656.3984375 ], [ -72.954657, 43.934159, 656.0 ], [ -72.954538, 43.934229, 655.796875 ], [ -72.9544281, 43.9343029, 656.09765625 ], [ -72.9543607, 43.9343405, 656.3984375 ], [ -72.95427, 43.9343504, 657.0 ], [ -72.954142, 43.934304, 658.19921875 ], [ -72.954016, 43.934269, 659.19921875 ], [ -72.953879, 43.934303, 660.296875 ], [ -72.953777, 43.934337, 663.0 ], [ -72.953722, 43.934363, 664.796875 ], [ -72.953683, 43.934398, 666.0 ], [ -72.953628, 43.934443, 667.796875 ], [ -72.953577, 43.934528, 670.09765625 ], [ -72.953509, 43.934624, 672.5 ], [ -72.953437, 43.934676, 674.3984375 ], [ -72.953348, 43.934766, 676.69921875 ], [ -72.953249, 43.9348056, 678.69921875 ], [ -72.9530832, 43.9349201, 681.8984375 ], [ -72.9529938, 43.9349694, 683.09765625 ], [ -72.9528954, 43.9349867, 684.296875 ], [ -72.9526782, 43.9350087, 686.0 ], [ -72.9525517, 43.9350393, 686.0 ], [ -72.9524135, 43.935075, 686.796875 ], [ -72.95231, 43.9351299, 688.0 ], [ -72.9521773, 43.9352103, 688.0 ], [ -72.9520943, 43.9352988, 686.8984375 ], [ -72.9519306, 43.9354309, 685.8984375 ], [ -72.9518154, 43.9354567, 685.59765625 ], [ -72.9516554, 43.9355014, 684.796875 ], [ -72.9514361, 43.9355688, 683.0 ], [ -72.9512998, 43.9356507, 682.296875 ], [ -72.9512374, 43.9357301, 681.5 ], [ -72.951097, 43.9358068, 680.8984375 ], [ -72.9510332, 43.9359417, 678.796875 ], [ -72.9510523, 43.9360711, 677.296875 ], [ -72.9511019, 43.9362228, 676.09765625 ], [ -72.9510942, 43.9363566, 674.296875 ], [ -72.9511089, 43.9364475, 673.09765625 ], [ -72.9511095, 43.9364861, 672.5 ], [ -72.9510548, 43.936513, 672.0 ], [ -72.9509903, 43.9365778, 670.09765625 ], [ -72.9509453, 43.9366187, 668.69921875 ], [ -72.9508796, 43.9366481, 667.3984375 ], [ -72.950779, 43.93669, 665.19921875 ], [ -72.9506743, 43.9367155, 663.19921875 ], [ -72.950609, 43.9367518, 661.8984375 ], [ -72.9505217, 43.9367856, 660.0 ], [ -72.950392, 43.936822, 657.8984375 ], [ -72.950297, 43.936854, 656.3984375 ], [ -72.950228, 43.936914, 654.796875 ], [ -72.950228, 43.936915, 654.59765625 ], [ -72.9500135, 43.9370099, 652.59765625 ], [ -72.9499119, 43.9370453, 653.8984375 ], [ -72.9498468, 43.9370905, 655.296875 ], [ -72.9497886, 43.9371534, 657.09765625 ], [ -72.9497086, 43.9371799, 658.69921875 ], [ -72.9495793, 43.9372098, 659.296875 ], [ -72.949448, 43.937255, 660.796875 ], [ -72.949313, 43.9373051, 662.0 ], [ -72.9491805, 43.9373978, 663.69921875 ], [ -72.9490772, 43.9374895, 664.8984375 ], [ -72.9489818, 43.9375851, 665.8984375 ], [ -72.9489394, 43.9376666, 666.5 ], [ -72.948912, 43.9377765, 666.69921875 ], [ -72.948906, 43.937991, 667.5 ], [ -72.9489088, 43.9381458, 668.09765625 ], [ -72.948912, 43.938278, 668.59765625 ], [ -72.9489219, 43.9384174, 669.19921875 ], [ -72.948934, 43.938552, 669.69921875 ], [ -72.948945, 43.9388877, 670.59765625 ], [ -72.948901, 43.939068, 671.19921875 ], [ -72.9488729, 43.9391345, 671.8984375 ], [ -72.9487978, 43.9391787, 672.69921875 ], [ -72.9486076, 43.9393025, 675.0 ], [ -72.9485148, 43.9393634, 675.8984375 ], [ -72.9484496, 43.9393835, 676.3984375 ], [ -72.9483804, 43.9393715, 677.09765625 ], [ -72.948273, 43.939288, 679.19921875 ], [ -72.948127, 43.93921, 682.296875 ], [ -72.9479708, 43.9391279, 685.8984375 ], [ -72.947834, 43.9391005, 688.796875 ], [ -72.9477265, 43.9390945, 690.796875 ], [ -72.9475846, 43.9391121, 694.0 ], [ -72.9475047, 43.9391573, 695.5 ], [ -72.9474245, 43.9392276, 697.3984375 ], [ -72.9473614, 43.9392425, 698.8984375 ], [ -72.9472904, 43.9392243, 700.796875 ], [ -72.947258, 43.939172, 702.0 ], [ -72.947205, 43.939148, 703.3984375 ], [ -72.947107, 43.939139, 705.69921875 ], [ -72.94701, 43.939092, 708.59765625 ], [ -72.9469658, 43.9390507, 710.09765625 ], [ -72.9469371, 43.9389893, 711.59765625 ], [ -72.9469119, 43.9389325, 713.19921875 ], [ -72.94685, 43.938867, 715.59765625 ], [ -72.9468169, 43.9388259, 717.0 ], [ -72.94679, 43.938781, 718.796875 ], [ -72.9467856, 43.9387048, 720.296875 ], [ -72.9467609, 43.9386488, 722.0 ], [ -72.946679, 43.938535, 725.69921875 ], [ -72.946622, 43.93846, 728.296875 ], [ -72.946572, 43.938395, 730.796875 ], [ -72.94657, 43.938368, 731.5 ], [ -72.9465592, 43.938264, 734.3984375 ], [ -72.946535, 43.938231, 735.3984375 ], [ -72.946468, 43.938179, 738.0 ], [ -72.946408, 43.938136, 740.3984375 ], [ -72.94636, 43.938102, 742.69921875 ], [ -72.946304, 43.93805, 745.59765625 ], [ -72.946268, 43.938003, 747.69921875 ], [ -72.946247, 43.937951, 749.5 ], [ -72.94619, 43.93786, 752.796875 ], [ -72.9461217, 43.9377362, 756.69921875 ], [ -72.945986, 43.937785, 757.296875 ], [ -72.945802, 43.93789, 758.59765625 ], [ -72.945687, 43.93795, 758.69921875 ], [ -72.945501, 43.938019, 759.09765625 ], [ -72.945431, 43.938042, 759.09765625 ], [ -72.945335, 43.938142, 758.69921875 ], [ -72.945149, 43.938301, 757.3984375 ], [ -72.945053, 43.938347, 757.09765625 ], [ -72.944937, 43.938434, 756.796875 ], [ -72.944894, 43.938466, 756.796875 ], [ -72.944776, 43.93853, 757.796875 ], [ -72.944613, 43.938596, 760.5 ], [ -72.944501, 43.938644, 762.3984375 ], [ -72.94444, 43.938717, 763.8984375 ], [ -72.944273, 43.938814, 768.3984375 ], [ -72.944189, 43.93888, 770.8984375 ], [ -72.944164, 43.938912, 771.69921875 ], [ -72.944068, 43.939078, 774.5 ], [ -72.944046, 43.939158, 776.296875 ], [ -72.944009, 43.939234, 777.8984375 ], [ -72.944033, 43.939304, 779.3984375 ], [ -72.94406, 43.939354, 779.8984375 ], [ -72.943977, 43.939524, 783.296875 ], [ -72.943968, 43.939639, 785.3984375 ], [ -72.9438949, 43.9399227, 791.69921875 ], [ -72.9437989, 43.940248, 800.3984375 ], [ -72.943794, 43.940317, 802.3984375 ], [ -72.9438121, 43.9403774, 804.296875 ], [ -72.943841, 43.940474, 807.3984375 ], [ -72.9438504, 43.9405566, 810.3984375 ], [ -72.943841, 43.94062, 812.3984375 ], [ -72.943843, 43.940655, 813.69921875 ], [ -72.943838, 43.940714, 815.3984375 ], [ -72.943843, 43.940769, 817.69921875 ], [ -72.943835, 43.941081, 829.59765625 ], [ -72.943857, 43.941197, 834.19921875 ], [ -72.943791, 43.941307, 838.5 ], [ -72.943782, 43.941309, 838.59765625 ], [ -72.94378, 43.941418, 841.796875 ], [ -72.94375, 43.941536, 845.19921875 ], [ -72.943788, 43.941645, 846.5 ], [ -72.943778, 43.941684, 846.8984375 ], [ -72.943768, 43.941931, 848.3984375 ], [ -72.943701, 43.94213, 848.796875 ], [ -72.943502, 43.942366, 849.796875 ], [ -72.943417, 43.942435, 850.796875 ], [ -72.943327, 43.942495, 852.0 ], [ -72.943267, 43.942579, 852.8984375 ], [ -72.943285, 43.942666, 853.3984375 ], [ -72.943263, 43.942762, 854.09765625 ], [ -72.943237, 43.942823, 854.5 ], [ -72.943205, 43.942878, 855.09765625 ], [ -72.9431, 43.942945, 856.796875 ], [ -72.942998, 43.942979, 858.19921875 ], [ -72.942931, 43.943014, 859.3984375 ], [ -72.942869, 43.943066, 861.5 ], [ -72.942817, 43.94312, 863.796875 ], [ -72.942741, 43.943165, 866.5 ], [ -72.942687, 43.943197, 867.69921875 ], [ -72.942691, 43.943268, 869.19921875 ], [ -72.942707, 43.943287, 869.5 ], [ -72.9427, 43.943288, 869.5 ], [ -72.942638, 43.943336, 870.8984375 ], [ -72.94257, 43.943417, 872.796875 ], [ -72.942512, 43.943513, 874.0 ], [ -72.942589, 43.943615, 873.69921875 ], [ -72.942607, 43.943717, 873.59765625 ], [ -72.942665, 43.943791, 873.0 ], [ -72.942733, 43.943894, 872.0 ], [ -72.942799, 43.944003, 871.0 ], [ -72.942838, 43.94411, 870.0 ], [ -72.942921, 43.944201, 869.09765625 ], [ -72.94293, 43.944278, 868.59765625 ], [ -72.942923, 43.944381, 868.59765625 ], [ -72.942983, 43.944478, 869.0 ], [ -72.943034, 43.944593, 869.8984375 ], [ -72.943, 43.944689, 870.19921875 ], [ -72.943007, 43.944803, 871.0 ], [ -72.943006, 43.944893, 871.296875 ], [ -72.942929, 43.944985, 870.19921875 ], [ -72.942972, 43.94508, 870.796875 ], [ -72.942995, 43.94509, 871.19921875 ], [ -72.943002, 43.945145, 871.19921875 ], [ -72.942979, 43.945255, 870.59765625 ], [ -72.94303, 43.945342, 871.0 ], [ -72.943095, 43.94544, 870.19921875 ], [ -72.943077, 43.945552, 870.59765625 ], [ -72.942987, 43.945639, 870.5 ], [ -72.942932, 43.945729, 870.0 ], [ -72.942897, 43.945802, 869.69921875 ], [ -72.942922, 43.945907, 869.59765625 ], [ -72.942873, 43.945972, 869.296875 ], [ -72.942877, 43.946044, 869.09765625 ], [ -72.942884, 43.946078, 868.8984375 ], [ -72.942885, 43.946082, 868.8984375 ], [ -72.942868, 43.946099, 868.8984375 ], [ -72.942888, 43.946178, 868.5 ], [ -72.942943, 43.946309, 867.796875 ], [ -72.942887, 43.946387, 868.19921875 ], [ -72.942879, 43.946497, 868.296875 ], [ -72.942914, 43.946579, 868.296875 ], [ -72.942939, 43.946662, 868.59765625 ], [ -72.943051, 43.946736, 868.59765625 ], [ -72.94306, 43.946829, 869.09765625 ], [ -72.943105, 43.946921, 868.59765625 ], [ -72.943111, 43.946987, 869.19921875 ], [ -72.943146, 43.94708, 868.8984375 ], [ -72.943224, 43.94717, 869.09765625 ], [ -72.943333, 43.947316, 870.19921875 ], [ -72.943351, 43.947355, 870.59765625 ], [ -72.94345, 43.947566, 869.8984375 ], [ -72.943484, 43.947628, 869.796875 ], [ -72.943505, 43.947737, 869.19921875 ], [ -72.943575, 43.94781, 868.09765625 ], [ -72.943587, 43.947913, 868.19921875 ], [ -72.943557, 43.948021, 867.296875 ], [ -72.943578, 43.948124, 866.0 ], [ -72.943543, 43.948218, 864.796875 ], [ -72.943686, 43.94841, 861.8984375 ], [ -72.943701, 43.948464, 861.3984375 ], [ -72.9438, 43.948502, 861.3984375 ], [ -72.943909, 43.948521, 861.59765625 ], [ -72.943981, 43.948562, 861.19921875 ], [ -72.944082, 43.948639, 860.8984375 ], [ -72.944173, 43.948734, 861.0 ], [ -72.944236, 43.948817, 860.69921875 ], [ -72.94437, 43.948822, 860.59765625 ], [ -72.944471, 43.948906, 861.09765625 ], [ -72.944553, 43.94899, 861.59765625 ], [ -72.944625, 43.94904, 862.09765625 ], [ -72.944666, 43.949138, 862.796875 ], [ -72.944756, 43.949216, 863.5 ], [ -72.944844, 43.94923, 864.0 ], [ -72.944945, 43.949283, 865.19921875 ], [ -72.944956, 43.949355, 866.5 ], [ -72.944972, 43.949452, 867.796875 ], [ -72.945055, 43.949521, 868.796875 ], [ -72.945024, 43.949605, 870.09765625 ], [ -72.94505, 43.949697, 870.8984375 ], [ -72.945084, 43.949756, 871.5 ], [ -72.945145, 43.949825, 872.69921875 ], [ -72.945117, 43.949933, 873.59765625 ], [ -72.945118, 43.95003, 874.69921875 ], [ -72.945184, 43.950211, 876.69921875 ], [ -72.945169, 43.950287, 877.09765625 ], [ -72.945256, 43.950402, 878.69921875 ], [ -72.94531, 43.950431, 879.0 ], [ -72.945446, 43.950533, 879.296875 ], [ -72.945505, 43.95062, 879.59765625 ], [ -72.945558, 43.950633, 879.796875 ], [ -72.945694, 43.950674, 879.3984375 ], [ -72.945829, 43.95073, 878.3984375 ], [ -72.94592, 43.950781, 877.8984375 ], [ -72.946011, 43.95088, 877.796875 ], [ -72.946136, 43.950918, 879.0 ], [ -72.946298, 43.951001, 879.19921875 ], [ -72.946358, 43.951067, 878.59765625 ], [ -72.946445, 43.951136, 878.09765625 ], [ -72.946491, 43.951234, 877.796875 ], [ -72.946529, 43.951321, 875.59765625 ], [ -72.946539, 43.951369, 874.09765625 ], [ -72.946566, 43.951449, 872.0 ], [ -72.946595, 43.951521, 870.5 ], [ -72.946607, 43.951524, 870.796875 ], [ -72.946621, 43.951535, 870.3984375 ], [ -72.946695, 43.951605, 869.3984375 ], [ -72.946809, 43.95164, 867.796875 ], [ -72.946898, 43.951688, 866.296875 ], [ -72.946963, 43.951681, 865.8984375 ], [ -72.946987, 43.951757, 864.0 ], [ -72.947016, 43.951807, 862.796875 ], [ -72.947105, 43.951862, 861.19921875 ], [ -72.947188, 43.951941, 860.796875 ], [ -72.947288, 43.952018, 860.296875 ], [ -72.94734, 43.952121, 859.796875 ], [ -72.947389, 43.952227, 858.0 ], [ -72.947371, 43.952311, 857.09765625 ], [ -72.947376, 43.952438, 856.09765625 ], [ -72.947337, 43.95256, 855.5 ], [ -72.947307, 43.952636, 855.3984375 ], [ -72.94721, 43.952711, 855.5 ], [ -72.947214, 43.952801, 855.19921875 ], [ -72.947197, 43.952854, 854.796875 ], [ -72.947212, 43.952918, 854.796875 ], [ -72.947196, 43.953039, 853.69921875 ], [ -72.94724, 43.953113, 853.296875 ], [ -72.947253, 43.953141, 852.8984375 ], [ -72.947252, 43.953164, 852.796875 ], [ -72.947241, 43.95326, 851.796875 ], [ -72.947251, 43.953369, 850.19921875 ], [ -72.947278, 43.953459, 848.69921875 ], [ -72.947314, 43.953551, 849.3984375 ], [ -72.94735, 43.953646, 850.59765625 ], [ -72.947468, 43.953708, 851.296875 ], [ -72.947578, 43.953765, 852.3984375 ], [ -72.947692, 43.953825, 854.296875 ], [ -72.947793, 43.953876, 856.19921875 ], [ -72.94792, 43.953872, 856.0 ], [ -72.948, 43.953899, 857.296875 ], [ -72.948093, 43.953943, 859.09765625 ], [ -72.948198, 43.953945, 860.19921875 ], [ -72.948322, 43.953939, 860.69921875 ], [ -72.948459, 43.953937, 860.796875 ], [ -72.948487, 43.953957, 861.3984375 ], [ -72.948604, 43.953995, 862.296875 ], [ -72.948683, 43.954071, 865.0 ], [ -72.948766, 43.954139, 867.3984375 ], [ -72.948786, 43.954201, 868.8984375 ], [ -72.9487879, 43.9542413, 869.796875 ], [ -72.9487701, 43.9542714, 870.59765625 ], [ -72.9487812, 43.9543106, 871.59765625 ], [ -72.948791, 43.9543764, 874.3984375 ], [ -72.948767, 43.954434, 876.3984375 ], [ -72.9487971, 43.9544936, 878.8984375 ], [ -72.948813, 43.954524, 880.09765625 ], [ -72.948888, 43.954536, 881.09765625 ], [ -72.948958, 43.954577, 883.8984375 ], [ -72.949035, 43.954577, 884.8984375 ], [ -72.949107, 43.954596, 886.59765625 ], [ -72.949189, 43.954624, 888.296875 ], [ -72.949221, 43.954667, 890.0 ], [ -72.949292, 43.954675, 891.3984375 ], [ -72.949327, 43.954642, 890.8984375 ], [ -72.949412, 43.954664, 892.69921875 ], [ -72.949506, 43.954658, 894.09765625 ], [ -72.949605, 43.954682, 896.0 ], [ -72.9496495, 43.9547533, 898.296875 ], [ -72.949678, 43.954809, 900.19921875 ], [ -72.949694, 43.954881, 902.0 ], [ -72.949737, 43.954939, 903.59765625 ], [ -72.949808, 43.95499, 905.19921875 ], [ -72.949919, 43.955095, 908.8984375 ], [ -72.949985, 43.95514, 910.8984375 ], [ -72.950032, 43.955216, 912.0 ], [ -72.9500921, 43.9552725, 912.69921875 ], [ -72.9501054, 43.9553648, 913.796875 ], [ -72.9501252, 43.9554376, 914.796875 ], [ -72.9501556, 43.9555153, 916.19921875 ], [ -72.950131, 43.955649, 918.296875 ], [ -72.950166, 43.955668, 918.59765625 ], [ -72.9501598, 43.9557155, 918.796875 ], [ -72.9501628, 43.9557603, 918.3984375 ], [ -72.950192, 43.955769, 918.296875 ], [ -72.950085, 43.95579, 918.19921875 ], [ -72.949987, 43.95582, 918.0 ], [ -72.949861, 43.955883, 916.796875 ], [ -72.949737, 43.955932, 916.59765625 ], [ -72.949619, 43.955985, 916.8984375 ], [ -72.949453, 43.95605, 917.0 ], [ -72.9493846, 43.9560759, 917.5 ], [ -72.9492703, 43.9561311, 918.296875 ], [ -72.949142, 43.956169, 919.09765625 ], [ -72.949, 43.9562061, 919.59765625 ], [ -72.948865, 43.9562391, 920.09765625 ], [ -72.94872, 43.9562621, 920.5 ], [ -72.948587, 43.9563351, 920.0 ], [ -72.948443, 43.9563731, 919.69921875 ], [ -72.948332, 43.956397, 919.3984375 ], [ -72.9482696, 43.9565166, 918.5 ], [ -72.9482159, 43.9565545, 918.796875 ], [ -72.9481427, 43.9566217, 919.796875 ], [ -72.948043, 43.956703, 921.5 ], [ -72.947994, 43.956804, 922.8984375 ], [ -72.9479618, 43.956922, 922.3984375 ], [ -72.9478369, 43.956992, 923.296875 ], [ -72.947742, 43.957033, 923.796875 ], [ -72.947698, 43.957137, 923.09765625 ], [ -72.9476601, 43.9572413, 922.59765625 ], [ -72.9476088, 43.9573291, 922.59765625 ], [ -72.947573, 43.9574, 922.19921875 ], [ -72.947493, 43.957477, 921.69921875 ], [ -72.9474315, 43.9575395, 920.09765625 ], [ -72.9473885, 43.9576555, 918.0 ], [ -72.9473355, 43.9577665, 916.796875 ], [ -72.9472725, 43.9578625, 916.09765625 ], [ -72.9472527, 43.9579277, 915.59765625 ], [ -72.9471586, 43.9579409, 914.5 ], [ -72.9470811, 43.9579587, 913.0 ], [ -72.9469814, 43.9580474, 910.8984375 ], [ -72.9468634, 43.9580954, 909.3984375 ], [ -72.9467044, 43.9581274, 907.59765625 ], [ -72.9465774, 43.9581604, 906.09765625 ], [ -72.9464484, 43.9582234, 904.296875 ], [ -72.946339, 43.958262, 902.69921875 ], [ -72.946232, 43.958341, 901.09765625 ], [ -72.946122, 43.9584, 900.296875 ], [ -72.945988, 43.958413, 898.8984375 ], [ -72.945868, 43.958482, 897.296875 ], [ -72.945713, 43.958541, 895.09765625 ], [ -72.945605, 43.958619, 894.0 ], [ -72.945485, 43.958708, 894.0 ], [ -72.945386, 43.958804, 894.8984375 ], [ -72.945305, 43.958868, 895.69921875 ], [ -72.945204, 43.958958, 896.796875 ], [ -72.945136, 43.959049, 897.5 ], [ -72.945046, 43.959143, 897.69921875 ], [ -72.944982, 43.959229, 898.19921875 ], [ -72.944927, 43.959343, 898.5 ], [ -72.94483, 43.959475, 898.19921875 ], [ -72.944781, 43.95957, 897.69921875 ], [ -72.944716, 43.959665, 896.796875 ], [ -72.94466, 43.959759, 896.0 ], [ -72.944542, 43.95983, 896.296875 ], [ -72.944447, 43.95989, 896.5 ], [ -72.944376, 43.959973, 896.59765625 ], [ -72.944351, 43.960051, 896.296875 ], [ -72.944365, 43.960153, 895.09765625 ], [ -72.944413, 43.960254, 896.5 ], [ -72.9445, 43.960322, 896.19921875 ], [ -72.94459, 43.960396, 895.8984375 ], [ -72.944671, 43.960475, 895.3984375 ], [ -72.944732, 43.960569, 895.59765625 ], [ -72.944842, 43.960634, 894.19921875 ], [ -72.94491, 43.960727, 894.5 ], [ -72.944999, 43.960809, 893.69921875 ], [ -72.945034, 43.960897, 894.19921875 ], [ -72.945045, 43.960984, 895.296875 ], [ -72.945092, 43.961048, 896.3984375 ], [ -72.945202, 43.961071, 894.19921875 ], [ -72.945298, 43.961115, 893.5 ], [ -72.945374, 43.961161, 894.0 ], [ -72.9455051, 43.9611485, 892.0 ], [ -72.9456171, 43.9611976, 891.296875 ], [ -72.945678, 43.961264, 891.3984375 ], [ -72.9458, 43.961332, 890.296875 ], [ -72.945839, 43.961389, 891.5 ], [ -72.945915, 43.961461, 893.0 ], [ -72.946002, 43.961546, 894.8984375 ], [ -72.946104, 43.96162, 895.296875 ], [ -72.946213, 43.961677, 894.19921875 ], [ -72.946251, 43.961749, 895.0 ], [ -72.946322, 43.961801, 894.09765625 ], [ -72.946361, 43.9619, 896.0 ], [ -72.9464709, 43.9619577, 894.09765625 ], [ -72.9465171, 43.9620387, 894.59765625 ], [ -72.9465725, 43.9621423, 895.09765625 ], [ -72.946616, 43.962237, 895.59765625 ], [ -72.94666, 43.962341, 896.69921875 ], [ -72.946733, 43.962441, 896.3984375 ], [ -72.946755, 43.962548, 897.296875 ], [ -72.946807, 43.962643, 897.3984375 ], [ -72.946824, 43.962708, 898.296875 ], [ -72.946857, 43.962848, 900.0 ], [ -72.946859, 43.962935, 901.5 ], [ -72.946924, 43.963037, 902.0 ], [ -72.94697, 43.963133, 902.796875 ], [ -72.946991, 43.963219, 904.09765625 ], [ -72.947011, 43.963322, 906.09765625 ], [ -72.947054, 43.963424, 908.0 ], [ -72.947115, 43.963512, 909.69921875 ], [ -72.947185, 43.963595, 911.09765625 ], [ -72.947264, 43.963679, 912.3984375 ], [ -72.947369, 43.963746, 913.5 ], [ -72.94745, 43.963836, 915.59765625 ], [ -72.947558, 43.963904, 916.3984375 ], [ -72.947607, 43.964003, 918.19921875 ], [ -72.947654, 43.9641, 919.69921875 ], [ -72.94773, 43.964195, 920.59765625 ], [ -72.947796, 43.964301, 921.5 ], [ -72.947788, 43.964414, 921.5 ], [ -72.947818, 43.964517, 921.296875 ], [ -72.947828, 43.964628, 921.69921875 ], [ -72.947885, 43.964721, 922.796875 ], [ -72.947917, 43.96483, 923.796875 ], [ -72.948002, 43.964919, 924.5 ], [ -72.948034, 43.96502, 924.296875 ], [ -72.948034, 43.96513, 924.0 ], [ -72.947997, 43.965227, 923.59765625 ], [ -72.947962, 43.965319, 923.09765625 ], [ -72.947887, 43.965408, 922.3984375 ], [ -72.947911, 43.965503, 921.296875 ], [ -72.947955, 43.965586, 920.09765625 ], [ -72.948017, 43.965675, 919.09765625 ], [ -72.948037, 43.965772, 918.09765625 ], [ -72.948054, 43.965873, 917.09765625 ], [ -72.948085, 43.965959, 916.09765625 ], [ -72.948042, 43.966024, 914.796875 ], [ -72.948034, 43.966093, 913.19921875 ], [ -72.9480366, 43.9661841, 911.296875 ], [ -72.9480651, 43.966239, 910.19921875 ], [ -72.9480688, 43.9662711, 909.296875 ], [ -72.9480769, 43.9663162, 907.59765625 ], [ -72.9480303, 43.9663642, 906.296875 ], [ -72.9480333, 43.9664341, 904.09765625 ], [ -72.9480443, 43.9664939, 902.19921875 ], [ -72.9481009, 43.9666068, 898.8984375 ], [ -72.9480417, 43.9666558, 898.09765625 ], [ -72.947983, 43.9667202, 896.796875 ], [ -72.947852, 43.966801, 895.09765625 ], [ -72.947834, 43.966822, 894.796875 ], [ -72.9478357, 43.9668326, 894.59765625 ], [ -72.9478684, 43.9669341, 893.09765625 ], [ -72.947853, 43.967013, 891.8984375 ], [ -72.947847, 43.967095, 890.3984375 ], [ -72.9478, 43.967216, 888.3984375 ], [ -72.947751, 43.967297, 887.19921875 ], [ -72.947756, 43.967359, 886.09765625 ], [ -72.947714, 43.967437, 885.69921875 ], [ -72.947694, 43.967451, 885.796875 ], [ -72.947592, 43.967487, 886.5 ], [ -72.947405, 43.96755, 888.69921875 ], [ -72.947258, 43.967567, 890.296875 ], [ -72.947106, 43.967557, 891.5 ], [ -72.947001, 43.967557, 892.296875 ], [ -72.946871, 43.967552, 892.8984375 ], [ -72.946741, 43.967552, 893.3984375 ], [ -72.946608, 43.967545, 894.5 ], [ -72.946448, 43.967527, 896.69921875 ], [ -72.946379, 43.967519, 897.69921875 ], [ -72.946208, 43.967517, 900.796875 ], [ -72.946123, 43.967531, 902.3984375 ], [ -72.946018, 43.967557, 904.5 ], [ -72.945981, 43.967577, 905.3984375 ], [ -72.945813, 43.967632, 909.296875 ], [ -72.945728, 43.967649, 911.0 ], [ -72.945693, 43.96767, 912.0 ], [ -72.94562, 43.967686, 913.5 ], [ -72.94559, 43.967726, 914.69921875 ], [ -72.945546, 43.967787, 916.19921875 ], [ -72.945532, 43.967855, 917.3984375 ], [ -72.94548, 43.967924, 918.8984375 ], [ -72.945361, 43.968076, 924.8984375 ], [ -72.94529, 43.96811, 927.0 ], [ -72.945241, 43.968137, 928.59765625 ], [ -72.944986, 43.968397, 939.0 ], [ -72.944894, 43.968494, 942.796875 ], [ -72.944654, 43.968812, 956.09765625 ], [ -72.944573, 43.968879, 959.59765625 ], [ -72.944559, 43.968888, 960.0 ], [ -72.944466, 43.969054, 965.796875 ], [ -72.944376, 43.969109, 967.796875 ], [ -72.944277, 43.969168, 969.5 ], [ -72.944221, 43.969249, 971.5 ], [ -72.944202, 43.969321, 973.19921875 ], [ -72.944182, 43.969361, 974.5 ], [ -72.944173, 43.969381, 975.09765625 ], [ -72.944177, 43.969425, 976.5 ], [ -72.944188, 43.969476, 977.8984375 ], [ -72.944183, 43.969546, 979.8984375 ], [ -72.944188, 43.969606, 981.09765625 ], [ -72.94421, 43.969673, 981.5 ], [ -72.944205, 43.969784, 982.5 ], [ -72.944152, 43.969855, 983.796875 ], [ -72.944113, 43.969935, 983.09765625 ], [ -72.944128, 43.970038, 983.0 ], [ -72.944065, 43.970127, 981.8984375 ], [ -72.944074, 43.97024, 980.59765625 ], [ -72.944076, 43.970354, 979.19921875 ], [ -72.944043, 43.970471, 978.3984375 ], [ -72.944107, 43.970534, 978.09765625 ], [ -72.94412, 43.970596, 978.09765625 ], [ -72.944053, 43.970636, 978.09765625 ], [ -72.944027, 43.970745, 977.0 ], [ -72.944031, 43.970876, 974.59765625 ], [ -72.944016, 43.970957, 973.296875 ], [ -72.944018, 43.971049, 972.69921875 ], [ -72.94398, 43.971166, 973.0 ], [ -72.943917, 43.971187, 974.296875 ], [ -72.943861, 43.971262, 974.3984375 ], [ -72.9437524, 43.9713161, 972.3984375 ], [ -72.9437337, 43.9713943, 972.09765625 ], [ -72.943763, 43.971502, 972.0 ], [ -72.943708, 43.971579, 972.296875 ], [ -72.943632, 43.971648, 973.19921875 ], [ -72.943579, 43.971739, 973.796875 ], [ -72.943496, 43.971814, 974.3984375 ], [ -72.943461, 43.97188, 975.0 ], [ -72.943422, 43.971983, 976.0 ], [ -72.943401, 43.97206, 976.796875 ], [ -72.943317, 43.972274, 978.09765625 ], [ -72.943248, 43.972331, 978.5 ], [ -72.9431526, 43.9725057, 979.8984375 ], [ -72.9429317, 43.9726308, 981.796875 ], [ -72.9429075, 43.972708, 982.59765625 ], [ -72.942642, 43.9729087, 986.8984375 ], [ -72.9424945, 43.9728759, 988.796875 ], [ -72.9421699, 43.9728508, 994.3984375 ], [ -72.9419145, 43.9727804, 996.59765625 ], [ -72.94161, 43.972853, 1002.59765625 ], [ -72.941347, 43.973136, 1008.8984375 ], [ -72.941304, 43.973203, 1008.69921875 ], [ -72.94122, 43.973276, 1007.3984375 ], [ -72.941133, 43.973311, 1006.59765625 ], [ -72.940965, 43.973423, 1009.19921875 ], [ -72.940924, 43.973511, 1010.8984375 ], [ -72.940872, 43.973601, 1012.796875 ], [ -72.940888, 43.973686, 1013.5 ], [ -72.940903, 43.97378, 1013.796875 ], [ -72.940867, 43.973886, 1013.3984375 ], [ -72.94084, 43.973962, 1013.3984375 ], [ -72.940792, 43.974082, 1012.3984375 ], [ -72.94078, 43.97415, 1012.19921875 ], [ -72.940755, 43.974271, 1012.0 ], [ -72.940735, 43.974615, 1010.5 ], [ -72.940772, 43.974688, 1008.69921875 ], [ -72.940776, 43.974794, 1006.3984375 ], [ -72.940749, 43.974824, 1005.69921875 ], [ -72.940673, 43.974856, 1004.3984375 ], [ -72.940622, 43.974888, 1003.296875 ], [ -72.940506, 43.975193, 995.09765625 ], [ -72.940403, 43.975389, 990.0 ], [ -72.940413, 43.975401, 989.796875 ], [ -72.940389, 43.975526, 986.5 ], [ -72.940388, 43.975554, 985.8984375 ], [ -72.940254, 43.976021, 977.296875 ], [ -72.94017, 43.976263, 975.3984375 ], [ -72.940145, 43.976355, 975.09765625 ], [ -72.940134, 43.97655, 974.09765625 ], [ -72.94012, 43.976641, 972.69921875 ], [ -72.940008, 43.977113, 964.0 ], [ -72.940067, 43.977398, 963.796875 ], [ -72.940126, 43.977489, 963.296875 ], [ -72.940144, 43.9776, 962.69921875 ], [ -72.940106, 43.977757, 959.796875 ], [ -72.940123, 43.977828, 958.296875 ], [ -72.940155, 43.978032, 954.69921875 ], [ -72.940178, 43.978124, 953.19921875 ], [ -72.940185, 43.978207, 951.69921875 ], [ -72.940164, 43.978364, 948.3984375 ], [ -72.940184, 43.978911, 932.0 ], [ -72.94036, 43.979027, 929.09765625 ], [ -72.940433, 43.979112, 928.5 ], [ -72.940455, 43.97916, 928.5 ], [ -72.940539, 43.979253, 928.59765625 ], [ -72.940783, 43.979305, 928.296875 ], [ -72.940851, 43.979336, 928.59765625 ], [ -72.940923, 43.979427, 930.0 ], [ -72.940936, 43.979463, 930.59765625 ], [ -72.940902, 43.97956, 933.19921875 ], [ -72.940878, 43.979608, 934.796875 ], [ -72.940804, 43.979818, 942.19921875 ], [ -72.940785, 43.98005, 946.8984375 ], [ -72.940763, 43.980291, 951.09765625 ], [ -72.940802, 43.980355, 952.69921875 ], [ -72.940858, 43.980423, 954.19921875 ], [ -72.940824, 43.980498, 955.69921875 ], [ -72.940779, 43.980565, 956.8984375 ], [ -72.940739, 43.980658, 958.59765625 ], [ -72.94072, 43.980711, 959.59765625 ], [ -72.940725, 43.9808, 962.09765625 ], [ -72.940763, 43.980867, 964.09765625 ], [ -72.940821, 43.980925, 965.8984375 ], [ -72.940852, 43.981013, 968.5 ], [ -72.940856, 43.981042, 969.59765625 ], [ -72.940858, 43.981081, 971.0 ], [ -72.940842, 43.981112, 972.0 ], [ -72.940812, 43.981163, 973.69921875 ], [ -72.940794, 43.981228, 976.09765625 ], [ -72.940749, 43.981287, 977.69921875 ], [ -72.940699, 43.981323, 978.296875 ], [ -72.940683, 43.981378, 979.69921875 ], [ -72.940636, 43.981429, 980.796875 ], [ -72.94059, 43.981491, 982.19921875 ], [ -72.94053, 43.981572, 983.59765625 ], [ -72.940452, 43.981619, 984.5 ], [ -72.940399, 43.981672, 985.3984375 ], [ -72.940314, 43.981715, 986.59765625 ], [ -72.940138, 43.981952, 989.796875 ], [ -72.940079, 43.982009, 991.3984375 ], [ -72.940007, 43.982067, 993.5 ], [ -72.939937, 43.982107, 993.8984375 ], [ -72.939869, 43.982167, 994.3984375 ], [ -72.939776, 43.982227, 995.296875 ], [ -72.93969, 43.982278, 995.796875 ], [ -72.939629, 43.982347, 996.3984375 ], [ -72.939646, 43.982439, 997.69921875 ], [ -72.939592, 43.982509, 997.69921875 ], [ -72.939501, 43.982583, 997.59765625 ], [ -72.939436, 43.982676, 998.5 ], [ -72.93929, 43.98289, 999.8984375 ], [ -72.93928, 43.982949, 1000.296875 ], [ -72.939306, 43.983017, 1000.8984375 ], [ -72.939294, 43.983114, 1001.0 ], [ -72.939329, 43.983194, 1001.69921875 ], [ -72.939293, 43.983251, 1002.59765625 ], [ -72.939267, 43.983337, 1004.3984375 ], [ -72.939236, 43.983427, 1006.296875 ], [ -72.939192, 43.983461, 1006.796875 ], [ -72.939166, 43.983518, 1008.59765625 ], [ -72.938999, 43.983783, 1016.3984375 ], [ -72.938932, 43.983815, 1017.3984375 ], [ -72.938899, 43.983859, 1018.59765625 ], [ -72.938827, 43.983902, 1019.59765625 ], [ -72.938735, 43.983958, 1021.19921875 ], [ -72.938733, 43.984052, 1024.09765625 ], [ -72.938758, 43.984088, 1025.296875 ], [ -72.938807, 43.984115, 1026.09765625 ], [ -72.938821, 43.984221, 1028.59765625 ], [ -72.938781, 43.984278, 1030.5 ], [ -72.93878, 43.984321, 1031.5 ], [ -72.938707, 43.984379, 1033.5 ], [ -72.938593, 43.984413, 1035.296875 ], [ -72.938493, 43.984435, 1036.09765625 ], [ -72.938394, 43.984474, 1037.0 ], [ -72.938312, 43.984488, 1037.796875 ], [ -72.938213, 43.98454, 1039.69921875 ], [ -72.938047, 43.984514, 1039.8984375 ], [ -72.937998, 43.984514, 1040.296875 ], [ -72.937917, 43.98454, 1041.796875 ], [ -72.937767, 43.984598, 1044.296875 ], [ -72.937723, 43.984626, 1045.0 ], [ -72.937637, 43.984671, 1045.8984375 ], [ -72.937574, 43.984759, 1047.5 ], [ -72.937525, 43.984831, 1048.5 ], [ -72.937429, 43.984926, 1050.0 ], [ -72.937365, 43.984976, 1050.69921875 ], [ -72.937328, 43.985058, 1051.8984375 ], [ -72.937324, 43.985128, 1052.8984375 ], [ -72.937238, 43.985231, 1054.0 ], [ -72.93722, 43.985293, 1054.59765625 ], [ -72.937215, 43.985376, 1055.59765625 ], [ -72.937186, 43.985488, 1055.69921875 ], [ -72.937148, 43.985595, 1055.0 ], [ -72.937187, 43.985689, 1054.796875 ], [ -72.937214, 43.985791, 1054.59765625 ], [ -72.937286, 43.985882, 1054.19921875 ], [ -72.937308, 43.985979, 1053.69921875 ], [ -72.937341, 43.986077, 1053.19921875 ], [ -72.937417, 43.986132, 1052.69921875 ], [ -72.93749, 43.986197, 1052.19921875 ], [ -72.937524, 43.986317, 1050.8984375 ], [ -72.937527, 43.986407, 1049.69921875 ], [ -72.937493, 43.986496, 1049.19921875 ], [ -72.93745, 43.9866, 1048.59765625 ], [ -72.937464, 43.986697, 1048.59765625 ], [ -72.937487, 43.986794, 1048.8984375 ], [ -72.937497, 43.98691, 1048.59765625 ], [ -72.937477, 43.987011, 1048.19921875 ], [ -72.93745, 43.987113, 1047.796875 ], [ -72.937432, 43.987232, 1047.8984375 ], [ -72.937461, 43.987331, 1048.0 ], [ -72.937476, 43.98744, 1048.19921875 ], [ -72.937527, 43.987535, 1048.5 ], [ -72.937592, 43.987623, 1048.59765625 ], [ -72.937642, 43.987717, 1048.19921875 ], [ -72.937664, 43.987821, 1047.796875 ], [ -72.937624, 43.987966, 1046.796875 ], [ -72.93759, 43.988057, 1045.59765625 ], [ -72.937556, 43.988179, 1044.0 ], [ -72.937558, 43.988286, 1042.09765625 ], [ -72.937504, 43.98839, 1040.5 ], [ -72.937486, 43.988439, 1039.5 ], [ -72.937467, 43.988489, 1038.3984375 ], [ -72.937422, 43.988576, 1036.296875 ], [ -72.93738, 43.988689, 1034.09765625 ], [ -72.937279, 43.988805, 1033.796875 ], [ -72.937177, 43.988882, 1034.8984375 ], [ -72.93715, 43.988968, 1036.19921875 ], [ -72.936917, 43.989241, 1042.3984375 ], [ -72.936782, 43.989331, 1045.0 ], [ -72.936656, 43.989487, 1048.3984375 ], [ -72.936528, 43.989692, 1051.09765625 ], [ -72.936494, 43.989792, 1052.09765625 ], [ -72.936474, 43.989911, 1053.59765625 ], [ -72.936464, 43.989965, 1054.59765625 ], [ -72.936454, 43.990075, 1056.3984375 ], [ -72.936483, 43.990182, 1056.796875 ], [ -72.936524, 43.990268, 1056.09765625 ], [ -72.936528, 43.990349, 1055.69921875 ], [ -72.936588, 43.990523, 1054.09765625 ], [ -72.936531, 43.990716, 1051.3984375 ], [ -72.93647, 43.991135, 1046.09765625 ], [ -72.936476, 43.991189, 1046.0 ], [ -72.936303, 43.991334, 1047.296875 ], [ -72.936053, 43.991564, 1049.0 ], [ -72.936041, 43.99164, 1049.3984375 ], [ -72.935932, 43.991878, 1048.796875 ], [ -72.935921, 43.991962, 1047.796875 ], [ -72.935903, 43.992052, 1046.59765625 ], [ -72.935933, 43.992327, 1048.09765625 ], [ -72.935939, 43.992348, 1048.19921875 ], [ -72.936005, 43.992456, 1046.8984375 ], [ -72.936041, 43.992552, 1045.59765625 ], [ -72.936067, 43.992637, 1044.5 ], [ -72.936007, 43.992834, 1049.296875 ], [ -72.936046, 43.992911, 1051.3984375 ], [ -72.936109, 43.992939, 1053.0 ], [ -72.936173, 43.992987, 1055.09765625 ], [ -72.9362, 43.993005, 1055.8984375 ], [ -72.936225, 43.993064, 1058.19921875 ], [ -72.936301, 43.993081, 1059.19921875 ], [ -72.936349, 43.993126, 1061.69921875 ], [ -72.936365, 43.99314, 1062.19921875 ], [ -72.936441, 43.993156, 1063.8984375 ], [ -72.936462, 43.993188, 1065.796875 ], [ -72.936543, 43.993199, 1067.3984375 ], [ -72.936577, 43.993242, 1069.296875 ], [ -72.936628, 43.993259, 1070.5 ], [ -72.936649, 43.993269, 1071.0 ], [ -72.936661, 43.993283, 1071.3984375 ], [ -72.936679, 43.993357, 1073.59765625 ], [ -72.936679, 43.993393, 1074.5 ], [ -72.936572, 43.993495, 1079.0 ], [ -72.936524, 43.993536, 1081.8984375 ], [ -72.936548, 43.993559, 1083.296875 ], [ -72.936573, 43.993585, 1085.3984375 ], [ -72.936619, 43.993605, 1086.59765625 ], [ -72.936645, 43.993619, 1087.19921875 ], [ -72.936657, 43.993646, 1089.19921875 ], [ -72.936693, 43.993672, 1090.296875 ], [ -72.936752, 43.993694, 1091.09765625 ], [ -72.936817, 43.993729, 1093.09765625 ], [ -72.936879, 43.993748, 1093.69921875 ], [ -72.936891, 43.993759, 1094.0 ], [ -72.93696, 43.993793, 1094.296875 ], [ -72.936953, 43.993851, 1097.09765625 ], [ -72.936896, 43.993884, 1099.3984375 ], [ -72.936824, 43.993902, 1101.796875 ], [ -72.936793, 43.993929, 1103.8984375 ], [ -72.936778, 43.993938, 1104.59765625 ], [ -72.936767, 43.993938, 1104.796875 ], [ -72.936708, 43.993932, 1105.5 ], [ -72.936666, 43.993963, 1108.0 ], [ -72.936661, 43.994001, 1110.3984375 ], [ -72.936635, 43.994045, 1113.19921875 ], [ -72.936592, 43.99407, 1114.3984375 ], [ -72.936547, 43.994097, 1115.796875 ], [ -72.936529, 43.994111, 1116.19921875 ], [ -72.936492, 43.994164, 1118.19921875 ], [ -72.936487, 43.994217, 1120.5 ], [ -72.93646, 43.994279, 1122.59765625 ], [ -72.936413, 43.994316, 1123.59765625 ], [ -72.936395, 43.994383, 1125.3984375 ], [ -72.936437, 43.994404, 1126.19921875 ], [ -72.9365, 43.994445, 1127.59765625 ], [ -72.93654, 43.994496, 1128.8984375 ], [ -72.936517, 43.994514, 1129.19921875 ], [ -72.936487, 43.994555, 1130.59765625 ], [ -72.936436, 43.994625, 1132.796875 ], [ -72.936381, 43.994656, 1133.8984375 ], [ -72.936386, 43.99473, 1135.69921875 ], [ -72.936382, 43.994786, 1137.19921875 ], [ -72.936364, 43.994864, 1138.8984375 ], [ -72.936323, 43.9949, 1139.3984375 ], [ -72.936241, 43.994975, 1140.3984375 ], [ -72.936174, 43.995071, 1141.3984375 ], [ -72.936123, 43.99515, 1142.19921875 ], [ -72.936088, 43.995229, 1143.3984375 ], [ -72.936008, 43.995426, 1146.8984375 ], [ -72.936008, 43.995516, 1148.09765625 ], [ -72.936048, 43.995609, 1149.09765625 ], [ -72.936077, 43.995707, 1150.09765625 ], [ -72.936159, 43.9958, 1149.5 ], [ -72.936212, 43.995955, 1148.8984375 ], [ -72.936282, 43.996014, 1148.09765625 ], [ -72.936387, 43.996147, 1147.0 ], [ -72.936408, 43.996234, 1146.8984375 ], [ -72.936388, 43.996331, 1146.69921875 ], [ -72.936388, 43.996437, 1146.296875 ], [ -72.936348, 43.996574, 1146.3984375 ], [ -72.936436, 43.996662, 1146.8984375 ], [ -72.936518, 43.996776, 1147.3984375 ], [ -72.936634, 43.996861, 1147.09765625 ], [ -72.936783, 43.996924, 1146.796875 ], [ -72.936916, 43.997, 1146.69921875 ], [ -72.937023, 43.997058, 1146.59765625 ], [ -72.937111, 43.997155, 1145.5 ], [ -72.9372, 43.997251, 1144.19921875 ], [ -72.937314, 43.997338, 1142.8984375 ], [ -72.937431, 43.997408, 1141.5 ], [ -72.937487, 43.997498, 1140.0 ], [ -72.937628, 43.997528, 1139.3984375 ], [ -72.937783, 43.997577, 1138.59765625 ], [ -72.937836, 43.997688, 1137.3984375 ], [ -72.937835, 43.997781, 1137.0 ], [ -72.937944, 43.997915, 1135.8984375 ], [ -72.937979, 43.998015, 1136.296875 ], [ -72.938088, 43.998089, 1135.8984375 ], [ -72.938173, 43.998195, 1135.796875 ], [ -72.938185, 43.998301, 1136.8984375 ], [ -72.938239, 43.998385, 1137.796875 ], [ -72.938277, 43.998472, 1139.0 ], [ -72.938319, 43.998574, 1139.3984375 ], [ -72.938396, 43.998651, 1139.296875 ], [ -72.938511, 43.998765, 1139.5 ], [ -72.938622, 43.998823, 1139.19921875 ], [ -72.938734, 43.998948, 1139.5 ], [ -72.938719, 43.999065, 1140.0 ], [ -72.938728, 43.999154, 1139.8984375 ], [ -72.938824, 43.999263, 1140.3984375 ], [ -72.938885, 43.999355, 1141.0 ], [ -72.938896, 43.999459, 1140.8984375 ], [ -72.938972, 43.999547, 1140.59765625 ], [ -72.939039, 43.99967, 1141.19921875 ], [ -72.93906, 43.999768, 1142.0 ], [ -72.939102, 43.99984, 1142.296875 ], [ -72.93912, 43.999939, 1143.19921875 ], [ -72.939219, 44.000043, 1143.796875 ], [ -72.939285, 44.00011, 1143.796875 ], [ -72.939314, 44.000207, 1144.5 ], [ -72.939371, 44.00031, 1145.19921875 ], [ -72.939393, 44.000408, 1146.5 ], [ -72.939475, 44.000515, 1147.5 ], [ -72.939554, 44.000578, 1147.3984375 ], [ -72.93967, 44.000691, 1148.296875 ], [ -72.939708, 44.000756, 1149.0 ], [ -72.939797, 44.000863, 1150.09765625 ], [ -72.939867, 44.000896, 1150.796875 ], [ -72.939942, 44.000962, 1152.3984375 ], [ -72.940038, 44.001032, 1153.19921875 ], [ -72.940134, 44.001113, 1153.5 ], [ -72.940149, 44.001117, 1153.59765625 ], [ -72.940179, 44.001168, 1154.3984375 ], [ -72.940238, 44.00126, 1156.0 ], [ -72.940285, 44.001378, 1156.796875 ], [ -72.9403962, 44.001466, 1157.09765625 ], [ -72.9404731, 44.0015409, 1157.8984375 ], [ -72.9405832, 44.001635, 1157.796875 ], [ -72.9406241, 44.001679, 1157.796875 ], [ -72.9405834, 44.0016845, 1157.8984375 ], [ -72.940384, 44.001617, 1156.5 ], [ -72.940242, 44.001564, 1156.5 ], [ -72.94012, 44.001507, 1155.19921875 ], [ -72.939976, 44.001468, 1153.19921875 ], [ -72.93982, 44.001427, 1150.59765625 ], [ -72.939676, 44.001395, 1148.3984375 ], [ -72.939609, 44.001272, 1148.8984375 ], [ -72.939481, 44.001178, 1146.59765625 ], [ -72.939405, 44.001113, 1145.8984375 ], [ -72.939354, 44.001008, 1145.69921875 ], [ -72.939213, 44.000929, 1143.19921875 ], [ -72.939083, 44.000841, 1142.0 ], [ -72.938948, 44.000761, 1140.796875 ], [ -72.938822, 44.00068, 1139.296875 ], [ -72.938694, 44.000605, 1137.8984375 ], [ -72.938546, 44.000555, 1136.296875 ], [ -72.938465, 44.000466, 1135.69921875 ], [ -72.938434, 44.000369, 1135.796875 ], [ -72.938405, 44.000261, 1135.8984375 ], [ -72.938381, 44.000137, 1135.69921875 ], [ -72.938309, 44.000018, 1134.59765625 ], [ -72.938259, 43.999916, 1133.5 ], [ -72.938204, 43.999809, 1132.69921875 ], [ -72.938129, 43.999736, 1132.09765625 ], [ -72.938011, 43.99967, 1131.19921875 ], [ -72.937849, 43.999613, 1129.796875 ], [ -72.937733, 43.999525, 1129.69921875 ], [ -72.937585, 43.999498, 1128.09765625 ], [ -72.937434, 43.999453, 1125.796875 ], [ -72.93732, 43.999372, 1124.796875 ], [ -72.93719, 43.999288, 1124.19921875 ], [ -72.937047, 43.99921, 1124.59765625 ], [ -72.936873, 43.999189, 1124.0 ], [ -72.9367, 43.999163, 1123.19921875 ], [ -72.936412, 43.999169, 1122.0 ], [ -72.936271, 43.999169, 1120.0 ], [ -72.936152, 43.999154, 1118.5 ], [ -72.936015, 43.999175, 1116.0 ], [ -72.935877, 43.999146, 1115.19921875 ], [ -72.935795, 43.999104, 1115.59765625 ], [ -72.935725, 43.999086, 1114.3984375 ], [ -72.935619, 43.999081, 1112.19921875 ], [ -72.935473, 43.999086, 1109.3984375 ], [ -72.935408, 43.999138, 1106.8984375 ], [ -72.935359, 43.999183, 1105.19921875 ], [ -72.93532, 43.999287, 1101.5 ], [ -72.935278, 43.999366, 1099.59765625 ], [ -72.935211, 43.99945, 1098.0 ], [ -72.935143, 43.999507, 1096.8984375 ], [ -72.935019, 43.999567, 1096.19921875 ], [ -72.93491, 43.999627, 1095.69921875 ], [ -72.934792, 43.999665, 1095.5 ], [ -72.934696, 43.999672, 1095.59765625 ], [ -72.934557, 43.99974, 1092.296875 ], [ -72.934475, 43.999794, 1090.19921875 ], [ -72.934439, 43.999845, 1088.19921875 ], [ -72.934356, 43.999893, 1086.19921875 ], [ -72.934249, 43.999956, 1082.69921875 ], [ -72.934126, 43.999937, 1082.09765625 ], [ -72.934027, 43.999973, 1080.3984375 ], [ -72.933882, 44.000028, 1077.69921875 ], [ -72.933776, 44.000083, 1075.69921875 ], [ -72.933646, 44.000083, 1074.796875 ], [ -72.933519, 44.000131, 1072.8984375 ], [ -72.933391, 44.000192, 1071.296875 ], [ -72.93327, 44.000244, 1070.3984375 ], [ -72.9332, 44.000308, 1069.3984375 ], [ -72.93311, 44.000387, 1068.296875 ], [ -72.933009, 44.000462, 1067.09765625 ], [ -72.932999, 44.00053, 1065.59765625 ], [ -72.932963, 44.000617, 1063.59765625 ], [ -72.932898, 44.000684, 1062.296875 ], [ -72.932855, 44.000777, 1060.296875 ], [ -72.932775, 44.000835, 1059.3984375 ], [ -72.932705, 44.000886, 1059.0 ], [ -72.932636, 44.000938, 1058.59765625 ], [ -72.93254, 44.001022, 1057.69921875 ], [ -72.932465, 44.001072, 1057.0 ], [ -72.932388, 44.001165, 1055.59765625 ], [ -72.932313, 44.001246, 1055.09765625 ], [ -72.932274, 44.001332, 1054.0 ], [ -72.932184, 44.001479, 1052.09765625 ], [ -72.93202, 44.001333, 1055.5 ], [ -72.931954, 44.001306, 1056.09765625 ], [ -72.931818, 44.001301, 1058.09765625 ], [ -72.931683, 44.001321, 1059.796875 ], [ -72.931603, 44.001313, 1061.59765625 ], [ -72.931485, 44.001297, 1064.296875 ], [ -72.931388, 44.001304, 1066.296875 ], [ -72.931272, 44.001283, 1068.296875 ], [ -72.931153, 44.001296, 1069.69921875 ], [ -72.931073, 44.001285, 1070.8984375 ], [ -72.93099, 44.001294, 1071.69921875 ], [ -72.93085, 44.001305, 1073.0 ], [ -72.930737, 44.001341, 1073.5 ], [ -72.930594, 44.001334, 1074.8984375 ], [ -72.930462, 44.001367, 1075.69921875 ], [ -72.930343, 44.001418, 1076.5 ], [ -72.930261, 44.001499, 1076.5 ], [ -72.930133, 44.001539, 1077.5 ], [ -72.929997, 44.001574, 1078.796875 ], [ -72.929862, 44.001622, 1080.69921875 ], [ -72.929762, 44.001704, 1081.796875 ], [ -72.929631, 44.001661, 1084.8984375 ], [ -72.929586, 44.001676, 1085.69921875 ], [ -72.929519, 44.001658, 1087.69921875 ], [ -72.929519, 44.001654, 1087.69921875 ], [ -72.929513, 44.001659, 1087.8984375 ], [ -72.929446, 44.001678, 1089.19921875 ], [ -72.929357, 44.001659, 1092.19921875 ], [ -72.929269, 44.001654, 1095.09765625 ], [ -72.929201, 44.001591, 1098.09765625 ], [ -72.929121, 44.001568, 1100.59765625 ], [ -72.929058, 44.001605, 1101.69921875 ], [ -72.928993, 44.001609, 1103.59765625 ], [ -72.928946, 44.001614, 1104.69921875 ], [ -72.928842, 44.001646, 1107.3984375 ], [ -72.928758, 44.001645, 1109.59765625 ], [ -72.928675, 44.001667, 1111.59765625 ], [ -72.928619, 44.001719, 1113.09765625 ], [ -72.928616, 44.001807, 1112.69921875 ], [ -72.928572, 44.001885, 1114.0 ], [ -72.928541, 44.001956, 1114.59765625 ], [ -72.928469, 44.001993, 1116.59765625 ], [ -72.928394, 44.002039, 1118.59765625 ], [ -72.928338, 44.002128, 1119.59765625 ], [ -72.928242, 44.002171, 1122.296875 ], [ -72.928107, 44.002211, 1125.59765625 ], [ -72.928, 44.002216, 1127.796875 ], [ -72.927882, 44.002207, 1129.59765625 ], [ -72.927765, 44.002205, 1131.296875 ], [ -72.927446, 44.002231, 1133.8984375 ], [ -72.927437, 44.002239, 1133.796875 ], [ -72.927354, 44.002289, 1133.59765625 ], [ -72.927327, 44.002377, 1133.5 ], [ -72.927307, 44.002489, 1132.796875 ], [ -72.927271, 44.002606, 1132.0 ], [ -72.927191, 44.002702, 1132.19921875 ], [ -72.927132, 44.002781, 1132.5 ], [ -72.9271, 44.002865, 1132.796875 ], [ -72.927074, 44.002959, 1133.3984375 ], [ -72.927012, 44.003034, 1134.296875 ], [ -72.92693, 44.003105, 1135.796875 ], [ -72.926817, 44.003166, 1136.59765625 ], [ -72.92677, 44.003256, 1137.8984375 ], [ -72.926779, 44.003343, 1138.8984375 ], [ -72.926774, 44.003451, 1140.296875 ], [ -72.926763, 44.003548, 1141.59765625 ], [ -72.926751, 44.003639, 1142.796875 ], [ -72.92677, 44.003719, 1143.3984375 ], [ -72.926715, 44.003782, 1144.8984375 ], [ -72.926712, 44.003791, 1145.19921875 ], [ -72.926711, 44.003809, 1145.19921875 ], [ -72.926769, 44.00386, 1143.8984375 ], [ -72.926658, 44.003962, 1146.796875 ], [ -72.926607, 44.004053, 1147.5 ], [ -72.92652, 44.004126, 1148.0 ], [ -72.926427, 44.004156, 1149.296875 ], [ -72.926177, 44.004505, 1146.59765625 ], [ -72.926076, 44.004558, 1147.5 ], [ -72.925946, 44.004575, 1149.296875 ], [ -72.925823, 44.004616, 1150.296875 ], [ -72.925711, 44.004651, 1150.0 ], [ -72.925606, 44.004693, 1150.09765625 ], [ -72.925531, 44.00474, 1150.3984375 ], [ -72.925471, 44.004798, 1150.59765625 ], [ -72.925474, 44.004862, 1151.296875 ], [ -72.925418, 44.004916, 1149.59765625 ], [ -72.92533, 44.004952, 1149.296875 ], [ -72.925308, 44.005011, 1147.8984375 ], [ -72.925243, 44.005063, 1146.8984375 ], [ -72.925108, 44.005085, 1146.09765625 ], [ -72.924974, 44.005126, 1145.796875 ], [ -72.924889, 44.005197, 1143.8984375 ], [ -72.92479, 44.005244, 1143.0 ], [ -72.924681, 44.005303, 1142.09765625 ], [ -72.924565, 44.005348, 1141.59765625 ], [ -72.924455, 44.005404, 1141.8984375 ], [ -72.924325, 44.005439, 1141.296875 ], [ -72.924231, 44.005507, 1140.3984375 ], [ -72.92412, 44.005559, 1139.59765625 ], [ -72.924026, 44.005601, 1139.0 ], [ -72.923864, 44.005643, 1138.19921875 ], [ -72.923794, 44.005672, 1137.3984375 ], [ -72.923681, 44.005709, 1135.796875 ], [ -72.923556, 44.005722, 1134.19921875 ], [ -72.923461, 44.005768, 1133.0 ], [ -72.923373, 44.005821, 1132.19921875 ], [ -72.923269, 44.00586, 1131.796875 ], [ -72.923168, 44.005922, 1131.796875 ], [ -72.923049, 44.005999, 1131.69921875 ], [ -72.922935, 44.006016, 1131.796875 ], [ -72.92278, 44.00603, 1132.3984375 ], [ -72.922658, 44.006075, 1132.796875 ], [ -72.922567, 44.006138, 1133.796875 ], [ -72.922516, 44.006205, 1135.19921875 ], [ -72.922397, 44.006268, 1135.69921875 ], [ -72.922288, 44.00631, 1135.796875 ], [ -72.922169, 44.006362, 1136.69921875 ], [ -72.922041, 44.006385, 1137.69921875 ], [ -72.92201, 44.006395, 1138.0 ], [ -72.9219, 44.006443, 1138.8984375 ], [ -72.921798, 44.006464, 1139.0 ], [ -72.921669, 44.006514, 1139.59765625 ], [ -72.921636, 44.006561, 1139.69921875 ], [ -72.921632, 44.006577, 1139.59765625 ], [ -72.921674, 44.00662, 1140.0 ], [ -72.921716, 44.00667, 1140.0 ], [ -72.921729, 44.006725, 1139.8984375 ], [ -72.921743, 44.006782, 1139.796875 ], [ -72.921748, 44.006795, 1139.69921875 ], [ -72.921748, 44.006829, 1139.296875 ], [ -72.921721, 44.006901, 1138.5 ], [ -72.921726, 44.006967, 1137.5 ], [ -72.921676, 44.007013, 1137.59765625 ], [ -72.921672, 44.007121, 1135.796875 ], [ -72.921647, 44.007187, 1133.59765625 ], [ -72.921667, 44.007223, 1132.5 ], [ -72.921646, 44.007296, 1130.09765625 ], [ -72.921666, 44.007368, 1127.69921875 ], [ -72.921677, 44.007432, 1126.0 ], [ -72.921701, 44.00751, 1123.59765625 ], [ -72.921728, 44.00758, 1121.0 ], [ -72.921729, 44.007648, 1119.0 ], [ -72.921733, 44.007697, 1117.296875 ], [ -72.921734, 44.00771, 1117.0 ], [ -72.921712, 44.007761, 1115.69921875 ], [ -72.921664, 44.007817, 1114.59765625 ], [ -72.92159, 44.007899, 1113.19921875 ], [ -72.921558, 44.007935, 1112.59765625 ], [ -72.921492, 44.007969, 1113.19921875 ], [ -72.92148, 44.008027, 1111.5 ], [ -72.921439, 44.008072, 1111.0 ], [ -72.921392, 44.008122, 1110.3984375 ], [ -72.921359, 44.008175, 1108.5 ], [ -72.921368, 44.008234, 1106.796875 ], [ -72.921328, 44.008287, 1105.09765625 ], [ -72.921308, 44.008335, 1103.59765625 ], [ -72.921281, 44.0084, 1102.19921875 ], [ -72.921241, 44.008437, 1101.59765625 ], [ -72.921225, 44.008493, 1100.296875 ], [ -72.921223, 44.008542, 1098.8984375 ], [ -72.921176, 44.008599, 1098.09765625 ], [ -72.921133, 44.008667, 1097.5 ], [ -72.921095, 44.008735, 1096.296875 ], [ -72.921099, 44.008796, 1094.296875 ], [ -72.921094, 44.008855, 1092.296875 ], [ -72.921002, 44.008914, 1092.0 ], [ -72.920985, 44.009005, 1089.5 ], [ -72.920911, 44.009049, 1090.5 ], [ -72.920909, 44.009124, 1088.69921875 ], [ -72.920927, 44.009203, 1086.0 ], [ -72.92085, 44.009267, 1087.09765625 ], [ -72.920778, 44.009312, 1085.8984375 ], [ -72.920737, 44.009369, 1083.5 ], [ -72.920712, 44.009404, 1082.19921875 ], [ -72.920755, 44.009511, 1080.0 ], [ -72.920737, 44.009586, 1077.5 ], [ -72.920694, 44.009665, 1074.59765625 ], [ -72.920706, 44.009685, 1074.19921875 ], [ -72.920725, 44.0097, 1074.09765625 ], [ -72.920773, 44.009753, 1072.796875 ], [ -72.920774, 44.009758, 1072.5 ], [ -72.920776, 44.009767, 1072.19921875 ], [ -72.920778, 44.009816, 1070.5 ], [ -72.920776, 44.009865, 1068.8984375 ], [ -72.920783, 44.009931, 1066.796875 ], [ -72.920757, 44.009977, 1065.09765625 ], [ -72.920726, 44.010016, 1063.59765625 ], [ -72.920769, 44.01006, 1062.296875 ], [ -72.920787, 44.010071, 1062.0 ], [ -72.920768, 44.010109, 1060.59765625 ], [ -72.920751, 44.010163, 1058.69921875 ], [ -72.920728, 44.010177, 1057.8984375 ], [ -72.920713, 44.010228, 1056.19921875 ], [ -72.92073, 44.010263, 1055.296875 ], [ -72.920737, 44.010319, 1053.5 ], [ -72.920716, 44.010362, 1052.0 ], [ -72.9207, 44.010387, 1050.8984375 ], [ -72.920685, 44.010442, 1049.19921875 ], [ -72.920709, 44.010558, 1045.3984375 ], [ -72.920743, 44.01059, 1044.296875 ], [ -72.920749, 44.010628, 1042.8984375 ], [ -72.920757, 44.010644, 1042.5 ], [ -72.920784, 44.010661, 1041.69921875 ], [ -72.920834, 44.010692, 1040.19921875 ], [ -72.920825, 44.010723, 1039.09765625 ], [ -72.920822, 44.010746, 1037.8984375 ], [ -72.920803, 44.010785, 1036.5 ], [ -72.920816, 44.010814, 1035.5 ], [ -72.920805, 44.010824, 1035.19921875 ], [ -72.920777, 44.010829, 1035.09765625 ], [ -72.920725, 44.010889, 1033.296875 ], [ -72.920701, 44.010942, 1031.69921875 ], [ -72.920679, 44.010988, 1030.09765625 ], [ -72.920729, 44.011055, 1027.19921875 ], [ -72.920748, 44.011117, 1024.8984375 ], [ -72.920766, 44.011145, 1023.59765625 ], [ -72.9208, 44.011209, 1021.0 ], [ -72.920763, 44.011247, 1020.296875 ], [ -72.920749, 44.011286, 1019.3984375 ], [ -72.920743, 44.011335, 1018.19921875 ], [ -72.920766, 44.011379, 1016.5 ], [ -72.92076, 44.011383, 1016.69921875 ], [ -72.920785, 44.011411, 1015.5 ], [ -72.920779, 44.011485, 1013.19921875 ], [ -72.920724, 44.011539, 1013.09765625 ], [ -72.920712, 44.011599, 1011.796875 ], [ -72.920658, 44.011688, 1010.796875 ], [ -72.920624, 44.011776, 1009.69921875 ], [ -72.920567, 44.011838, 1009.796875 ], [ -72.920541, 44.011933, 1008.3984375 ], [ -72.920505, 44.012024, 1006.69921875 ], [ -72.920534, 44.01211, 1004.8984375 ], [ -72.920578, 44.012176, 1002.8984375 ], [ -72.920589, 44.012242, 1001.69921875 ], [ -72.9206, 44.012306, 1000.296875 ], [ -72.920574, 44.012357, 1000.5 ], [ -72.920524, 44.012418, 1001.59765625 ], [ -72.920487, 44.012508, 1001.796875 ], [ -72.920431, 44.012595, 1002.09765625 ], [ -72.920404, 44.012677, 1002.5 ], [ -72.920353, 44.012774, 1003.8984375 ], [ -72.920364, 44.012873, 1004.796875 ], [ -72.920353, 44.013, 1004.19921875 ], [ -72.920323, 44.01306, 1003.8984375 ], [ -72.920283, 44.013133, 1003.8984375 ], [ -72.92021, 44.013185, 1002.296875 ], [ -72.920167, 44.013227, 1001.19921875 ], [ -72.920114, 44.013309, 999.5 ], [ -72.920051, 44.013389, 998.5 ], [ -72.919948, 44.013469, 998.0 ], [ -72.919912, 44.01355, 999.09765625 ], [ -72.919849, 44.013625, 1000.59765625 ], [ -72.919809, 44.01371, 1002.296875 ], [ -72.919795, 44.013817, 1004.69921875 ], [ -72.919813, 44.013898, 1006.09765625 ], [ -72.919781, 44.013971, 1008.0 ], [ -72.919791, 44.01401, 1008.69921875 ], [ -72.919817, 44.014137, 1010.69921875 ], [ -72.919844, 44.014227, 1012.09765625 ], [ -72.919872, 44.01428, 1012.3984375 ], [ -72.91988, 44.014344, 1013.296875 ], [ -72.919917, 44.014428, 1014.19921875 ], [ -72.91994, 44.014513, 1015.296875 ], [ -72.919986, 44.014588, 1015.3984375 ], [ -72.920031, 44.014659, 1014.796875 ], [ -72.920013, 44.014734, 1016.19921875 ], [ -72.919966, 44.014782, 1018.09765625 ], [ -72.919905, 44.014817, 1020.3984375 ], [ -72.919832, 44.014861, 1023.5 ], [ -72.919751, 44.014899, 1026.09765625 ], [ -72.91973, 44.014952, 1026.69921875 ], [ -72.919727, 44.015045, 1026.69921875 ], [ -72.919735, 44.015135, 1026.3984375 ], [ -72.919731, 44.015234, 1026.09765625 ], [ -72.919692, 44.015321, 1026.3984375 ], [ -72.919649, 44.015398, 1026.8984375 ], [ -72.919574, 44.015482, 1028.59765625 ], [ -72.919538, 44.015544, 1029.296875 ], [ -72.919538, 44.015617, 1029.09765625 ], [ -72.919516, 44.015677, 1029.59765625 ], [ -72.919444, 44.015711, 1031.796875 ], [ -72.919408, 44.015802, 1031.0 ], [ -72.919367, 44.015906, 1030.296875 ], [ -72.91935, 44.016011, 1029.796875 ], [ -72.91939, 44.016091, 1029.09765625 ], [ -72.919372, 44.016116, 1029.0 ], [ -72.919302, 44.016216, 1029.19921875 ], [ -72.919236, 44.016313, 1029.59765625 ], [ -72.91919, 44.016404, 1030.0 ], [ -72.919163, 44.016492, 1030.09765625 ], [ -72.919067, 44.016534, 1029.296875 ], [ -72.91904, 44.016616, 1029.0 ], [ -72.918985, 44.016695, 1029.19921875 ], [ -72.918944, 44.016763, 1030.0 ], [ -72.919002, 44.016824, 1029.296875 ], [ -72.918956, 44.01695, 1028.8984375 ], [ -72.918919, 44.017022, 1029.3984375 ], [ -72.918862, 44.017107, 1029.5 ], [ -72.918808, 44.017189, 1028.3984375 ], [ -72.918819, 44.017277, 1026.796875 ], [ -72.918767, 44.017355, 1026.59765625 ], [ -72.918711, 44.017432, 1027.5 ], [ -72.918602, 44.017494, 1029.5 ], [ -72.918505, 44.017552, 1029.0 ], [ -72.918392, 44.017611, 1028.8984375 ], [ -72.918252, 44.017638, 1028.3984375 ], [ -72.918213, 44.017722, 1030.59765625 ], [ -72.918207, 44.017817, 1033.59765625 ], [ -72.918198, 44.017914, 1036.296875 ], [ -72.918227, 44.017982, 1037.8984375 ], [ -72.918246, 44.018034, 1038.8984375 ], [ -72.918279, 44.018084, 1039.8984375 ], [ -72.918225, 44.018133, 1040.796875 ], [ -72.918255, 44.01819, 1041.8984375 ], [ -72.9183, 44.018245, 1043.296875 ], [ -72.918323, 44.018327, 1045.0 ], [ -72.918298, 44.018396, 1046.796875 ], [ -72.918236, 44.018456, 1049.0 ], [ -72.918234, 44.018528, 1050.59765625 ], [ -72.918178, 44.018578, 1052.3984375 ], [ -72.918145, 44.018649, 1054.5 ], [ -72.918152, 44.018745, 1056.59765625 ], [ -72.918094, 44.018817, 1059.3984375 ], [ -72.918022, 44.018884, 1061.19921875 ], [ -72.917935, 44.018926, 1061.796875 ], [ -72.917927, 44.018987, 1062.8984375 ], [ -72.917918, 44.019045, 1063.796875 ], [ -72.91797, 44.019125, 1065.296875 ], [ -72.918067, 44.019202, 1066.69921875 ], [ -72.918143, 44.019272, 1066.19921875 ], [ -72.918145, 44.019377, 1067.5 ], [ -72.918165, 44.019472, 1068.296875 ], [ -72.918194, 44.019574, 1069.3984375 ], [ -72.918172, 44.01966, 1070.59765625 ], [ -72.918104, 44.01976, 1072.8984375 ], [ -72.918153, 44.019845, 1073.19921875 ], [ -72.91811, 44.01995, 1074.59765625 ], [ -72.918035, 44.019998, 1076.09765625 ], [ -72.91794, 44.020047, 1077.296875 ], [ -72.91785, 44.020072, 1078.3984375 ], [ -72.917736, 44.020032, 1078.296875 ], [ -72.917638, 44.01999, 1077.3984375 ], [ -72.917604, 44.019891, 1076.296875 ], [ -72.917553, 44.019823, 1075.0 ], [ -72.917487, 44.019738, 1072.8984375 ], [ -72.917392, 44.019698, 1071.296875 ], [ -72.917388, 44.019696, 1071.296875 ], [ -72.917324, 44.019727, 1071.796875 ], [ -72.917235, 44.019769, 1072.796875 ], [ -72.917128, 44.019776, 1071.69921875 ], [ -72.917028, 44.019815, 1072.3984375 ], [ -72.916948, 44.019841, 1072.796875 ], [ -72.91688, 44.019831, 1070.5 ], [ -72.916784, 44.019825, 1068.0 ], [ -72.916714, 44.019795, 1064.3984375 ], [ -72.916651, 44.01981, 1063.3984375 ], [ -72.916597, 44.01983, 1063.19921875 ], [ -72.916547, 44.019846, 1063.0 ], [ -72.916538, 44.019899, 1063.0 ], [ -72.916518, 44.019924, 1062.296875 ], [ -72.91646, 44.019987, 1060.0 ], [ -72.916406, 44.020013, 1058.5 ], [ -72.916374, 44.020069, 1057.09765625 ], [ -72.916326, 44.020137, 1055.8984375 ], [ -72.916211, 44.020104, 1053.69921875 ], [ -72.916102, 44.020099, 1051.5 ], [ -72.916017, 44.020068, 1049.8984375 ], [ -72.915963, 44.020074, 1048.8984375 ], [ -72.915893, 44.020078, 1047.796875 ], [ -72.915843, 44.020036, 1046.796875 ], [ -72.915753, 44.020024, 1045.69921875 ], [ -72.915676, 44.019998, 1044.796875 ], [ -72.915667, 44.019997, 1044.69921875 ], [ -72.915597, 44.019929, 1043.69921875 ], [ -72.915518, 44.019889, 1042.3984375 ], [ -72.915405, 44.019873, 1040.3984375 ], [ -72.915313, 44.019859, 1038.59765625 ], [ -72.915201, 44.019848, 1036.3984375 ], [ -72.915145, 44.019925, 1035.5 ], [ -72.915143, 44.019928, 1035.296875 ], [ -72.915065, 44.019973, 1033.8984375 ], [ -72.914971, 44.019988, 1032.0 ], [ -72.914927, 44.020023, 1031.19921875 ], [ -72.914929, 44.020123, 1030.796875 ], [ -72.914965, 44.020197, 1030.796875 ], [ -72.914951, 44.020238, 1030.296875 ], [ -72.914888, 44.020284, 1028.796875 ], [ -72.914807, 44.020283, 1027.19921875 ], [ -72.914745, 44.020246, 1026.296875 ], [ -72.914699, 44.020187, 1026.0 ], [ -72.914621, 44.0202, 1024.3984375 ], [ -72.914597, 44.020197, 1024.0 ], [ -72.914598, 44.020052, 1024.796875 ], [ -72.914558, 44.020007, 1024.0 ], [ -72.914521, 44.019955, 1023.09765625 ], [ -72.914491, 44.019922, 1022.296875 ], [ -72.914444, 44.019894, 1021.0 ], [ -72.914402, 44.01987, 1020.19921875 ], [ -72.91438, 44.019894, 1019.8984375 ], [ -72.914366, 44.019933, 1019.69921875 ], [ -72.914307, 44.019968, 1018.3984375 ], [ -72.914291, 44.019965, 1018.0 ], [ -72.914204, 44.019983, 1015.8984375 ], [ -72.914083, 44.020005, 1014.3984375 ], [ -72.913951, 44.020046, 1013.296875 ], [ -72.913846, 44.02005, 1013.3984375 ], [ -72.913766, 44.020012, 1014.69921875 ], [ -72.913665, 44.019991, 1016.0 ], [ -72.913573, 44.019986, 1017.296875 ], [ -72.913457, 44.019981, 1019.3984375 ], [ -72.913372, 44.019968, 1021.296875 ], [ -72.913297, 44.019911, 1023.3984375 ], [ -72.913206, 44.019866, 1024.796875 ], [ -72.913125, 44.019797, 1024.59765625 ], [ -72.913028, 44.019737, 1024.19921875 ], [ -72.912931, 44.019705, 1023.296875 ], [ -72.912833, 44.019713, 1022.8984375 ], [ -72.912826, 44.019712, 1022.8984375 ], [ -72.912775, 44.01972, 1023.0 ], [ -72.912744, 44.01972, 1022.5 ], [ -72.912674, 44.019714, 1021.59765625 ], [ -72.912588, 44.019716, 1020.8984375 ], [ -72.91248, 44.019737, 1020.296875 ], [ -72.912341, 44.019754, 1019.69921875 ], [ -72.912184, 44.019758, 1019.09765625 ], [ -72.91208, 44.01978, 1019.3984375 ], [ -72.911966, 44.019834, 1020.296875 ], [ -72.911878, 44.019894, 1021.8984375 ], [ -72.911799, 44.019937, 1023.5 ], [ -72.911678, 44.019975, 1025.3984375 ], [ -72.911518, 44.020006, 1027.296875 ], [ -72.91142, 44.020007, 1028.0 ], [ -72.911364, 44.020063, 1029.296875 ], [ -72.911271, 44.020164, 1031.09765625 ], [ -72.911208, 44.020199, 1031.19921875 ], [ -72.911109, 44.020258, 1031.3984375 ], [ -72.911042, 44.020295, 1030.8984375 ], [ -72.910962, 44.020319, 1030.19921875 ], [ -72.910848, 44.020342, 1029.19921875 ], [ -72.910772, 44.020394, 1028.296875 ], [ -72.91066, 44.020436, 1026.8984375 ], [ -72.910593, 44.02049, 1025.796875 ], [ -72.91051, 44.020542, 1024.69921875 ], [ -72.910423, 44.020583, 1023.69921875 ], [ -72.910355, 44.020662, 1023.296875 ], [ -72.910307, 44.020744, 1022.8984375 ], [ -72.910218, 44.020812, 1022.69921875 ], [ -72.910145, 44.020891, 1022.59765625 ], [ -72.910103, 44.020969, 1022.59765625 ], [ -72.91011, 44.021057, 1021.19921875 ], [ -72.910116, 44.021149, 1019.69921875 ], [ -72.910119, 44.021211, 1018.796875 ], [ -72.910076, 44.021272, 1017.796875 ], [ -72.910022, 44.021322, 1016.59765625 ], [ -72.909983, 44.021395, 1014.296875 ], [ -72.909974, 44.02145, 1012.796875 ], [ -72.909956, 44.021496, 1011.296875 ], [ -72.909908, 44.021565, 1009.59765625 ], [ -72.909838, 44.021631, 1008.69921875 ], [ -72.909747, 44.021661, 1009.19921875 ], [ -72.909658, 44.021695, 1009.19921875 ], [ -72.909555, 44.02175, 1008.8984375 ], [ -72.909545, 44.02182, 1007.5 ], [ -72.90945, 44.02186, 1007.3984375 ], [ -72.90933, 44.021864, 1008.19921875 ], [ -72.909209, 44.02193, 1007.796875 ], [ -72.909085, 44.021939, 1008.19921875 ], [ -72.908975, 44.021898, 1008.8984375 ], [ -72.908879, 44.021958, 1008.296875 ], [ -72.908786, 44.021973, 1008.3984375 ], [ -72.908671, 44.021955, 1008.796875 ], [ -72.908563, 44.021927, 1009.19921875 ], [ -72.908441, 44.021932, 1009.3984375 ], [ -72.90837, 44.021993, 1009.19921875 ], [ -72.908276, 44.022045, 1009.296875 ], [ -72.908185, 44.022087, 1009.3984375 ], [ -72.908135, 44.022142, 1009.0 ], [ -72.908027, 44.022185, 1009.0 ], [ -72.907962, 44.022229, 1008.8984375 ], [ -72.907886, 44.022279, 1008.8984375 ], [ -72.907768, 44.022305, 1009.3984375 ], [ -72.907707, 44.02236, 1009.296875 ], [ -72.907648, 44.022443, 1008.5 ], [ -72.907586, 44.022518, 1007.796875 ], [ -72.907516, 44.022591, 1007.3984375 ], [ -72.907447, 44.022655, 1006.8984375 ], [ -72.907397, 44.022723, 1006.296875 ], [ -72.907346, 44.022793, 1005.69921875 ], [ -72.907319, 44.022862, 1005.0 ], [ -72.907271, 44.022932, 1004.3984375 ], [ -72.907162, 44.022917, 1004.8984375 ], [ -72.907063, 44.022853, 1005.69921875 ], [ -72.906953, 44.022817, 1006.0 ], [ -72.906836, 44.022807, 1005.59765625 ], [ -72.906732, 44.022782, 1005.296875 ], [ -72.906625, 44.022761, 1004.5 ], [ -72.906522, 44.022784, 1002.3984375 ], [ -72.906473, 44.022819, 1001.3984375 ], [ -72.906418, 44.02288, 1000.5 ], [ -72.90636, 44.022945, 999.19921875 ], [ -72.906318, 44.022999, 998.19921875 ], [ -72.906214, 44.022995, 996.19921875 ], [ -72.906141, 44.023003, 994.8984375 ], [ -72.906063, 44.023042, 993.5 ], [ -72.90599, 44.023089, 992.296875 ], [ -72.905913, 44.023134, 991.09765625 ], [ -72.905844, 44.023162, 990.19921875 ], [ -72.905794, 44.023219, 988.8984375 ], [ -72.905763, 44.023237, 988.09765625 ], [ -72.905671, 44.023278, 985.8984375 ], [ -72.905619, 44.023291, 984.69921875 ], [ -72.905602, 44.023311, 984.09765625 ], [ -72.905521, 44.023333, 981.8984375 ], [ -72.905457, 44.023345, 979.8984375 ], [ -72.905404, 44.02341, 977.5 ], [ -72.905389, 44.023462, 976.796875 ], [ -72.905357, 44.023478, 975.69921875 ], [ -72.90532, 44.02352, 974.296875 ], [ -72.905267, 44.02359, 972.69921875 ], [ -72.9052, 44.023678, 970.5 ], [ -72.905128, 44.023708, 968.19921875 ], [ -72.905033, 44.023738, 965.0 ], [ -72.904991, 44.02375, 963.69921875 ], [ -72.90495, 44.023801, 962.69921875 ], [ -72.9049, 44.023832, 961.5 ], [ -72.904846, 44.023891, 960.19921875 ], [ -72.904839, 44.023947, 960.0 ], [ -72.904834, 44.024005, 959.69921875 ], [ -72.904823, 44.024086, 959.09765625 ], [ -72.904842, 44.024164, 959.19921875 ], [ -72.904891, 44.024219, 960.296875 ], [ -72.904893, 44.024267, 960.0 ], [ -72.904887, 44.02432, 959.69921875 ], [ -72.904854, 44.024394, 957.796875 ], [ -72.904901, 44.024467, 958.19921875 ], [ -72.904931, 44.024555, 957.796875 ], [ -72.904923, 44.024639, 956.69921875 ], [ -72.904899, 44.024715, 955.5 ], [ -72.904911, 44.024804, 955.0 ], [ -72.90489, 44.024888, 954.5 ], [ -72.904937, 44.024979, 956.796875 ], [ -72.905021, 44.025045, 959.0 ], [ -72.905109, 44.025116, 961.0 ], [ -72.905184, 44.025188, 962.3984375 ], [ -72.905283, 44.025248, 963.796875 ], [ -72.905313, 44.025341, 964.5 ], [ -72.905337, 44.025432, 965.0 ], [ -72.905319, 44.025504, 965.296875 ], [ -72.905333, 44.025591, 965.59765625 ], [ -72.905329, 44.02568, 965.8984375 ], [ -72.905291, 44.025757, 966.5 ], [ -72.905235, 44.025842, 966.8984375 ], [ -72.905185, 44.025898, 967.19921875 ], [ -72.905106, 44.025975, 967.5 ], [ -72.905078, 44.02606, 968.796875 ], [ -72.905141, 44.026147, 970.3984375 ], [ -72.905122, 44.026248, 972.0 ], [ -72.905119, 44.026326, 973.3984375 ], [ -72.9051, 44.026357, 974.0 ], [ -72.905082, 44.026414, 974.8984375 ], [ -72.90507, 44.026495, 976.5 ], [ -72.905148, 44.026507, 976.69921875 ], [ -72.905306, 44.026526, 976.8984375 ], [ -72.905411, 44.026543, 976.796875 ], [ -72.905512, 44.026566, 976.8984375 ], [ -72.905593, 44.026619, 977.3984375 ], [ -72.905671, 44.026665, 977.69921875 ], [ -72.905644, 44.02672, 978.8984375 ], [ -72.905673, 44.0268, 980.09765625 ], [ -72.905748, 44.026858, 981.19921875 ], [ -72.905705, 44.026923, 983.3984375 ], [ -72.905779, 44.026985, 984.796875 ], [ -72.90578, 44.02707, 987.19921875 ], [ -72.905808, 44.027167, 989.796875 ], [ -72.905798, 44.027232, 991.69921875 ], [ -72.905844, 44.027294, 992.8984375 ], [ -72.905888, 44.027364, 994.19921875 ], [ -72.905956, 44.027439, 995.09765625 ], [ -72.905961, 44.027523, 997.0 ], [ -72.905877, 44.027561, 999.69921875 ], [ -72.90584, 44.027623, 1002.296875 ], [ -72.905889, 44.027702, 1002.09765625 ], [ -72.90588, 44.027783, 1003.19921875 ], [ -72.905812, 44.027861, 1006.0 ], [ -72.905774, 44.027942, 1007.59765625 ], [ -72.9057, 44.028012, 1009.0 ], [ -72.905629, 44.028061, 1010.3984375 ], [ -72.905517, 44.028096, 1012.69921875 ], [ -72.905392, 44.028116, 1015.296875 ], [ -72.905283, 44.028069, 1017.5 ], [ -72.905237, 44.028049, 1017.5 ], [ -72.905209, 44.028058, 1017.59765625 ], [ -72.905107, 44.028082, 1018.0 ], [ -72.905007, 44.028024, 1017.5 ], [ -72.90487, 44.028007, 1016.59765625 ], [ -72.904766, 44.028049, 1016.69921875 ], [ -72.904653, 44.028088, 1016.59765625 ], [ -72.904552, 44.028137, 1016.796875 ], [ -72.904479, 44.028155, 1016.59765625 ], [ -72.904449, 44.028175, 1016.796875 ], [ -72.904376, 44.028272, 1017.3984375 ], [ -72.904318, 44.028343, 1017.8984375 ], [ -72.90432, 44.028412, 1018.796875 ], [ -72.904274, 44.028508, 1019.296875 ], [ -72.90427, 44.028602, 1019.09765625 ], [ -72.904297, 44.028679, 1019.09765625 ], [ -72.904266, 44.02872, 1018.796875 ], [ -72.904241, 44.028797, 1017.8984375 ], [ -72.904196, 44.028867, 1016.796875 ], [ -72.904212, 44.028933, 1016.19921875 ], [ -72.904216, 44.028998, 1015.296875 ], [ -72.904179, 44.029067, 1013.8984375 ], [ -72.904119, 44.029092, 1013.09765625 ], [ -72.904018, 44.02912, 1011.796875 ], [ -72.903922, 44.029135, 1010.796875 ], [ -72.903841, 44.029163, 1009.296875 ], [ -72.903735, 44.029135, 1007.8984375 ], [ -72.903672, 44.029113, 1007.296875 ], [ -72.9036, 44.029086, 1006.5 ], [ -72.903569, 44.029121, 1005.296875 ], [ -72.903607, 44.029183, 1004.69921875 ], [ -72.903628, 44.029255, 1003.296875 ], [ -72.903672, 44.02932, 1002.69921875 ], [ -72.903666, 44.02939, 1000.69921875 ], [ -72.903728, 44.029445, 999.796875 ], [ -72.903774, 44.029512, 998.3984375 ], [ -72.903787, 44.029564, 997.0 ], [ -72.903645, 44.029565, 995.59765625 ], [ -72.903519, 44.029562, 994.8984375 ], [ -72.90342, 44.029568, 993.8984375 ], [ -72.903334, 44.02961, 992.19921875 ], [ -72.903341, 44.029619, 992.0 ], [ -72.903389, 44.029671, 990.8984375 ], [ -72.90343, 44.029731, 989.5 ], [ -72.903485, 44.02978, 988.5 ], [ -72.903566, 44.02982, 987.8984375 ], [ -72.903685, 44.029843, 987.8984375 ], [ -72.903753, 44.02988, 987.0 ], [ -72.903833, 44.029924, 986.09765625 ], [ -72.903926, 44.029961, 985.19921875 ], [ -72.90402, 44.030006, 983.69921875 ], [ -72.904094, 44.030045, 982.59765625 ], [ -72.904129, 44.030085, 981.3984375 ], [ -72.904054, 44.03012, 980.5 ], [ -72.903924, 44.030131, 980.296875 ], [ -72.903767, 44.030099, 981.09765625 ], [ -72.903645, 44.030093, 981.296875 ], [ -72.903555, 44.030099, 980.796875 ], [ -72.90347, 44.030115, 979.8984375 ], [ -72.903463, 44.030116, 979.8984375 ], [ -72.903407, 44.030123, 979.69921875 ], [ -72.903297, 44.030087, 979.69921875 ], [ -72.9032, 44.030084, 978.8984375 ], [ -72.903102, 44.030085, 977.69921875 ], [ -72.903018, 44.030097, 976.5 ], [ -72.902941, 44.030162, 973.796875 ], [ -72.902951, 44.030237, 971.69921875 ], [ -72.902961, 44.030309, 969.8984375 ], [ -72.903061, 44.030362, 969.69921875 ], [ -72.903162, 44.030393, 969.8984375 ], [ -72.903249, 44.030435, 969.5 ], [ -72.903297, 44.030479, 969.09765625 ], [ -72.903308, 44.030544, 967.69921875 ], [ -72.903317, 44.030626, 965.5 ], [ -72.903375, 44.030696, 964.0 ], [ -72.903328, 44.030761, 962.59765625 ], [ -72.903282, 44.030824, 961.0 ], [ -72.903203, 44.030859, 959.796875 ], [ -72.903108, 44.030865, 959.09765625 ], [ -72.903046, 44.030888, 958.3984375 ], [ -72.903004, 44.030937, 957.0 ], [ -72.902974, 44.031016, 955.09765625 ], [ -72.902938, 44.031083, 953.59765625 ], [ -72.902938, 44.031089, 953.3984375 ], [ -72.902942, 44.031116, 952.796875 ], [ -72.903004, 44.031187, 951.8984375 ], [ -72.903049, 44.031245, 951.0 ], [ -72.90312, 44.031277, 950.0 ], [ -72.903181, 44.031324, 948.796875 ], [ -72.903257, 44.031374, 947.19921875 ], [ -72.903349, 44.03139, 946.296875 ], [ -72.903432, 44.031405, 944.69921875 ], [ -72.90352, 44.031439, 942.69921875 ], [ -72.903656, 44.031456, 940.296875 ], [ -72.903828, 44.031494, 937.0 ], [ -72.903907, 44.031455, 936.69921875 ], [ -72.903946, 44.031405, 937.5 ], [ -72.90399, 44.031406, 936.59765625 ], [ -72.904014, 44.031458, 934.3984375 ], [ -72.904016, 44.031507, 932.296875 ], [ -72.903979, 44.031569, 931.59765625 ], [ -72.90396, 44.031627, 930.59765625 ], [ -72.90391, 44.031707, 929.8984375 ], [ -72.903838, 44.031768, 930.19921875 ], [ -72.903756, 44.031847, 931.19921875 ], [ -72.903674, 44.031913, 932.8984375 ], [ -72.903619, 44.031997, 933.0 ], [ -72.903636, 44.032078, 931.296875 ], [ -72.903699, 44.03215, 928.796875 ], [ -72.903659, 44.032239, 928.5 ], [ -72.903584, 44.032294, 929.3984375 ], [ -72.90349, 44.032357, 929.296875 ], [ -72.903367, 44.032373, 930.5 ], [ -72.903241, 44.0324, 930.59765625 ], [ -72.903135, 44.032449, 930.296875 ], [ -72.90313, 44.032534, 929.59765625 ], [ -72.903171, 44.032631, 928.69921875 ], [ -72.903227, 44.032721, 928.09765625 ], [ -72.903305, 44.03279, 927.5 ], [ -72.903358, 44.032891, 926.69921875 ], [ -72.903374, 44.033002, 926.69921875 ], [ -72.903389, 44.033105, 926.69921875 ], [ -72.903375, 44.033207, 927.19921875 ], [ -72.903338, 44.033302, 927.8984375 ], [ -72.903415, 44.033384, 926.3984375 ], [ -72.90352, 44.033434, 924.59765625 ], [ -72.903574, 44.033509, 923.5 ], [ -72.903619, 44.033572, 922.3984375 ], [ -72.903679, 44.033631, 920.5 ], [ -72.903617, 44.03372, 921.8984375 ], [ -72.903563, 44.033756, 922.19921875 ], [ -72.903439, 44.033742, 923.296875 ], [ -72.903319, 44.033753, 923.8984375 ], [ -72.903243, 44.033806, 922.19921875 ], [ -72.903205, 44.033849, 921.19921875 ], [ -72.903215, 44.033901, 920.3984375 ], [ -72.903318, 44.033924, 921.3984375 ], [ -72.903345, 44.033992, 920.3984375 ], [ -72.903346, 44.03409, 919.8984375 ], [ -72.903343, 44.034175, 920.0 ], [ -72.903354, 44.034258, 919.8984375 ], [ -72.90333, 44.034358, 920.59765625 ], [ -72.903368, 44.034443, 921.09765625 ], [ -72.90339, 44.034541, 922.0 ], [ -72.903369, 44.034646, 922.69921875 ], [ -72.903382, 44.034732, 922.69921875 ], [ -72.903392, 44.034829, 922.59765625 ], [ -72.903362, 44.034925, 922.0 ], [ -72.903318, 44.035016, 921.19921875 ], [ -72.903311, 44.035101, 919.8984375 ], [ -72.903284, 44.035193, 918.69921875 ], [ -72.903233, 44.035277, 918.0 ], [ -72.903158, 44.035359, 917.8984375 ], [ -72.90313, 44.035461, 917.296875 ], [ -72.903135, 44.035554, 916.19921875 ], [ -72.903086, 44.035642, 916.59765625 ], [ -72.903084, 44.035734, 915.8984375 ], [ -72.903049, 44.035811, 915.296875 ], [ -72.90301, 44.035894, 914.0 ], [ -72.903101, 44.035931, 912.8984375 ], [ -72.903162, 44.035944, 911.796875 ], [ -72.903211, 44.036006, 910.3984375 ], [ -72.903234, 44.036074, 909.59765625 ], [ -72.903196, 44.036151, 909.09765625 ], [ -72.90319, 44.036238, 908.09765625 ], [ -72.903273, 44.036315, 906.69921875 ], [ -72.903323, 44.036356, 906.0 ], [ -72.903439, 44.036401, 904.19921875 ], [ -72.903491, 44.03645, 903.19921875 ], [ -72.903531, 44.036574, 902.09765625 ], [ -72.903543, 44.036661, 901.69921875 ], [ -72.903534, 44.036765, 901.19921875 ], [ -72.90353, 44.036862, 901.69921875 ], [ -72.90353, 44.036952, 902.796875 ], [ -72.903521, 44.037046, 903.8984375 ], [ -72.903573, 44.037103, 905.09765625 ], [ -72.903716, 44.037106, 906.0 ], [ -72.903823, 44.037149, 907.296875 ], [ -72.903948, 44.03717, 907.3984375 ], [ -72.904047, 44.037231, 907.69921875 ], [ -72.90414, 44.037303, 908.19921875 ], [ -72.904232, 44.037363, 908.09765625 ], [ -72.904281, 44.037439, 909.3984375 ], [ -72.90436, 44.037525, 910.19921875 ], [ -72.90446, 44.03761, 910.0 ], [ -72.904495, 44.037712, 911.5 ], [ -72.904545, 44.037807, 912.59765625 ], [ -72.904622, 44.037902, 912.296875 ], [ -72.904691, 44.03796, 911.59765625 ], [ -72.904734, 44.038041, 913.19921875 ], [ -72.904768, 44.038142, 915.69921875 ], [ -72.904801, 44.038224, 917.69921875 ], [ -72.904854, 44.038312, 919.69921875 ], [ -72.904888, 44.038406, 922.3984375 ], [ -72.904951, 44.038478, 923.5 ], [ -72.904985, 44.038559, 924.5 ], [ -72.905026, 44.038652, 925.3984375 ], [ -72.905103, 44.03873, 924.8984375 ], [ -72.905099, 44.038807, 926.296875 ], [ -72.905134, 44.038876, 926.3984375 ], [ -72.905157, 44.038962, 926.69921875 ], [ -72.905174, 44.039038, 927.59765625 ], [ -72.905218, 44.039127, 926.8984375 ], [ -72.905167, 44.039211, 929.19921875 ], [ -72.90515, 44.039289, 930.5 ], [ -72.905157, 44.039374, 931.0 ], [ -72.905118, 44.039467, 933.09765625 ], [ -72.905085, 44.039549, 934.796875 ], [ -72.90504, 44.039621, 937.296875 ], [ -72.905006, 44.039669, 939.19921875 ], [ -72.904981, 44.039735, 941.59765625 ], [ -72.90495, 44.039802, 943.8984375 ], [ -72.904935, 44.039886, 946.59765625 ], [ -72.904928, 44.039969, 948.19921875 ], [ -72.904911, 44.040041, 950.296875 ], [ -72.904919, 44.040112, 951.296875 ], [ -72.904893, 44.040185, 953.8984375 ], [ -72.90491, 44.040287, 955.0 ], [ -72.904911, 44.04037, 956.3984375 ], [ -72.904864, 44.040441, 959.59765625 ], [ -72.904858, 44.040506, 961.3984375 ], [ -72.904882, 44.04058, 962.5 ], [ -72.90486, 44.040652, 964.8984375 ], [ -72.904802, 44.040682, 967.3984375 ], [ -72.904756, 44.040744, 970.59765625 ], [ -72.904744, 44.040814, 973.69921875 ], [ -72.90472, 44.040895, 977.3984375 ], [ -72.904697, 44.040971, 980.296875 ], [ -72.904701, 44.041068, 982.5 ], [ -72.904696, 44.041167, 984.59765625 ], [ -72.904688, 44.041255, 986.59765625 ], [ -72.904608, 44.041329, 988.5 ], [ -72.904567, 44.041437, 989.69921875 ], [ -72.904576, 44.041552, 990.5 ], [ -72.904587, 44.041658, 990.5 ], [ -72.904537, 44.041744, 990.296875 ], [ -72.9046, 44.041856, 990.296875 ], [ -72.904677, 44.041939, 990.296875 ], [ -72.904751, 44.042024, 990.5 ], [ -72.904864, 44.042076, 991.5 ], [ -72.905022, 44.042111, 992.8984375 ], [ -72.905134, 44.042151, 993.3984375 ], [ -72.905227, 44.042215, 994.0 ], [ -72.905267, 44.042313, 994.09765625 ], [ -72.905298, 44.04241, 994.19921875 ], [ -72.905332, 44.042435, 994.3984375 ], [ -72.905464, 44.042518, 995.69921875 ], [ -72.905503, 44.042548, 996.09765625 ], [ -72.905561, 44.042608, 996.8984375 ], [ -72.905578, 44.042634, 996.8984375 ], [ -72.905605, 44.042729, 997.796875 ], [ -72.90562, 44.042829, 998.69921875 ], [ -72.90566, 44.042928, 999.8984375 ], [ -72.905703, 44.043022, 1001.19921875 ], [ -72.905731, 44.043115, 1002.796875 ], [ -72.90581, 44.043177, 1005.296875 ], [ -72.90586, 44.043262, 1006.8984375 ], [ -72.90594, 44.043312, 1007.796875 ], [ -72.906061, 44.043368, 1009.296875 ], [ -72.906081, 44.043476, 1011.8984375 ], [ -72.90611, 44.043567, 1013.3984375 ], [ -72.906143, 44.043667, 1014.796875 ], [ -72.90621, 44.043745, 1016.0 ], [ -72.906278, 44.043824, 1017.296875 ], [ -72.90626, 44.043898, 1018.69921875 ], [ -72.906331, 44.043968, 1020.3984375 ], [ -72.906365, 44.044062, 1022.3984375 ], [ -72.906379, 44.044151, 1024.09765625 ], [ -72.906434, 44.044232, 1025.59765625 ], [ -72.906426, 44.044296, 1026.8984375 ], [ -72.906401, 44.044385, 1028.59765625 ], [ -72.906423, 44.044487, 1030.5 ], [ -72.90648, 44.044566, 1032.69921875 ], [ -72.906527, 44.044653, 1034.0 ], [ -72.906595, 44.044721, 1035.796875 ], [ -72.906731, 44.04482, 1039.0 ], [ -72.906816, 44.044898, 1041.0 ], [ -72.906895, 44.044974, 1042.8984375 ], [ -72.90699, 44.045057, 1045.0 ], [ -72.907097, 44.045125, 1046.3984375 ], [ -72.90715, 44.045165, 1047.09765625 ], [ -72.907222, 44.04525, 1048.59765625 ], [ -72.90735, 44.045311, 1049.69921875 ], [ -72.907395, 44.045383, 1051.0 ], [ -72.907411, 44.045499, 1052.5 ], [ -72.907415, 44.045703, 1054.59765625 ], [ -72.907445, 44.045804, 1055.3984375 ], [ -72.907515, 44.04585, 1056.59765625 ], [ -72.907597, 44.045975, 1057.69921875 ], [ -72.907673, 44.046065, 1058.69921875 ], [ -72.907777, 44.046099, 1060.3984375 ], [ -72.907829, 44.046182, 1060.69921875 ], [ -72.907835, 44.046208, 1060.8984375 ], [ -72.907884, 44.046266, 1060.69921875 ], [ -72.908004, 44.046284, 1059.5 ], [ -72.908109, 44.046327, 1058.0 ], [ -72.908168, 44.046375, 1056.8984375 ], [ -72.908249, 44.0464, 1055.5 ], [ -72.908317, 44.046416, 1054.19921875 ], [ -72.908355, 44.046484, 1053.296875 ], [ -72.908454, 44.046516, 1051.09765625 ], [ -72.908485, 44.046597, 1050.0 ], [ -72.908516, 44.046666, 1049.296875 ], [ -72.908551, 44.046712, 1048.796875 ], [ -72.908612, 44.046765, 1047.8984375 ], [ -72.908686, 44.046823, 1046.5 ], [ -72.90878, 44.046852, 1044.8984375 ], [ -72.908836, 44.046888, 1043.796875 ], [ -72.908925, 44.046942, 1042.296875 ], [ -72.909003, 44.047, 1041.0 ], [ -72.909207, 44.047048, 1037.19921875 ], [ -72.90929, 44.047064, 1035.796875 ], [ -72.909363, 44.047118, 1034.296875 ], [ -72.909424, 44.047171, 1033.09765625 ], [ -72.909496, 44.047185, 1031.8984375 ], [ -72.90959, 44.047173, 1030.796875 ], [ -72.909741, 44.04715, 1028.69921875 ], [ -72.909831, 44.047155, 1027.09765625 ], [ -72.909891, 44.047105, 1026.0 ], [ -72.909954, 44.047064, 1024.796875 ], [ -72.910036, 44.047066, 1023.09765625 ], [ -72.910084, 44.047129, 1022.296875 ], [ -72.910143, 44.047158, 1021.0 ], [ -72.910181, 44.047168, 1020.09765625 ], [ -72.910205, 44.047222, 1019.5 ], [ -72.910224, 44.047308, 1019.19921875 ], [ -72.910225, 44.047396, 1018.8984375 ], [ -72.910416, 44.047426, 1014.69921875 ], [ -72.910537, 44.047342, 1012.296875 ], [ -72.910558, 44.047321, 1011.8984375 ], [ -72.910625, 44.047255, 1010.69921875 ], [ -72.910705, 44.047256, 1009.3984375 ], [ -72.910774, 44.047274, 1008.09765625 ], [ -72.910781, 44.047365, 1007.8984375 ], [ -72.910842, 44.047423, 1006.59765625 ], [ -72.910842, 44.047509, 1006.296875 ], [ -72.910863, 44.047557, 1005.59765625 ], [ -72.910976, 44.047562, 1002.59765625 ], [ -72.911039, 44.047487, 1001.296875 ], [ -72.911117, 44.047425, 999.5 ], [ -72.911194, 44.047337, 998.09765625 ], [ -72.911253, 44.047283, 996.796875 ], [ -72.91122, 44.047258, 997.59765625 ], [ -72.911272, 44.047129, 996.796875 ], [ -72.911651, 44.047515, 988.796875 ], [ -72.911682, 44.047619, 988.796875 ], [ -72.911694, 44.047698, 989.19921875 ], [ -72.911736, 44.047789, 989.296875 ], [ -72.911724, 44.047877, 990.19921875 ], [ -72.91174, 44.04798, 990.09765625 ], [ -72.911799, 44.048076, 989.5 ], [ -72.911902, 44.048169, 989.09765625 ], [ -72.911962, 44.048267, 988.796875 ], [ -72.912016, 44.048371, 988.19921875 ], [ -72.911999, 44.048468, 988.3984375 ], [ -72.911993, 44.048556, 988.0 ], [ -72.912002, 44.048655, 987.296875 ], [ -72.91213, 44.048719, 986.3984375 ], [ -72.912247, 44.048757, 985.59765625 ], [ -72.91236, 44.048801, 984.19921875 ], [ -72.912469, 44.048826, 983.0 ], [ -72.912602, 44.04885, 981.19921875 ], [ -72.912719, 44.048892, 979.296875 ], [ -72.912837, 44.048917, 977.296875 ], [ -72.912945, 44.048952, 975.3984375 ], [ -72.913051, 44.048999, 973.19921875 ], [ -72.913139, 44.049083, 971.69921875 ], [ -72.913208, 44.04917, 970.0 ], [ -72.913224, 44.049255, 968.8984375 ], [ -72.913296, 44.04932, 966.296875 ], [ -72.913396, 44.049332, 963.09765625 ], [ -72.913502, 44.049299, 960.69921875 ], [ -72.913585, 44.049266, 958.296875 ], [ -72.913683, 44.049241, 956.3984375 ], [ -72.913719, 44.049299, 954.296875 ], [ -72.913725, 44.049372, 952.8984375 ], [ -72.913729, 44.049417, 952.09765625 ], [ -72.913748, 44.049431, 951.5 ], [ -72.913776, 44.049423, 951.0 ], [ -72.913798, 44.049415, 950.59765625 ], [ -72.913903, 44.049353, 949.296875 ], [ -72.913997, 44.049416, 947.296875 ], [ -72.914018, 44.049487, 947.19921875 ], [ -72.913996, 44.049501, 947.296875 ], [ -72.913969, 44.049539, 947.3984375 ], [ -72.913937, 44.049584, 947.19921875 ], [ -72.913931, 44.049592, 947.296875 ], [ -72.914013, 44.049674, 949.0 ], [ -72.914024, 44.049686, 949.3984375 ], [ -72.914069, 44.049768, 951.0 ], [ -72.914072, 44.049771, 951.0 ], [ -72.914146, 44.049847, 952.69921875 ], [ -72.914204, 44.049945, 953.69921875 ], [ -72.914223, 44.050068, 954.796875 ], [ -72.914329, 44.050164, 956.59765625 ], [ -72.914471, 44.050179, 957.8984375 ], [ -72.914638, 44.050217, 958.796875 ], [ -72.914785, 44.050256, 959.59765625 ], [ -72.914909, 44.0503, 960.5 ], [ -72.915019, 44.050382, 962.09765625 ], [ -72.915156, 44.050454, 963.19921875 ], [ -72.91529, 44.050516, 964.59765625 ], [ -72.915366, 44.050616, 967.09765625 ], [ -72.915499, 44.050709, 969.296875 ], [ -72.915638, 44.050735, 970.19921875 ], [ -72.915817, 44.050719, 970.5 ], [ -72.915964, 44.050713, 971.19921875 ], [ -72.916107, 44.050712, 972.296875 ], [ -72.91626, 44.050729, 973.296875 ], [ -72.916397, 44.05076, 974.3984375 ], [ -72.916532, 44.050788, 975.09765625 ], [ -72.916676, 44.050807, 975.59765625 ], [ -72.916831, 44.050841, 977.0 ], [ -72.916959, 44.050868, 978.296875 ], [ -72.917105, 44.050827, 978.8984375 ], [ -72.9172, 44.050794, 979.19921875 ], [ -72.917317, 44.050729, 980.0 ], [ -72.917461, 44.050666, 981.0 ], [ -72.917562, 44.050621, 981.796875 ], [ -72.917657, 44.050553, 982.19921875 ], [ -72.917748, 44.050487, 982.69921875 ], [ -72.917906, 44.050471, 983.796875 ], [ -72.918035, 44.050487, 985.19921875 ], [ -72.918185, 44.050479, 986.5 ], [ -72.918349, 44.05046, 987.8984375 ], [ -72.91847, 44.05048, 989.19921875 ], [ -72.918639, 44.050472, 990.3984375 ], [ -72.918805, 44.050486, 992.5 ], [ -72.918925, 44.050505, 993.8984375 ], [ -72.919061, 44.050518, 994.69921875 ], [ -72.919169, 44.050588, 996.796875 ], [ -72.919323, 44.050604, 997.69921875 ], [ -72.919501, 44.05059, 998.296875 ], [ -72.919652, 44.050574, 998.5 ], [ -72.919806, 44.050555, 998.69921875 ], [ -72.919951, 44.050529, 998.3984375 ], [ -72.920105, 44.050533, 998.59765625 ], [ -72.920208, 44.050603, 1000.5 ], [ -72.920285, 44.050682, 1002.69921875 ], [ -72.920292, 44.050781, 1005.19921875 ], [ -72.920174, 44.050844, 1006.09765625 ], [ -72.920079, 44.050907, 1007.19921875 ], [ -72.920017, 44.050983, 1008.3984375 ], [ -72.919947, 44.051072, 1010.8984375 ], [ -72.919901, 44.051176, 1013.796875 ], [ -72.919845, 44.051266, 1015.796875 ], [ -72.919824, 44.051368, 1018.09765625 ], [ -72.919802, 44.051483, 1020.59765625 ], [ -72.919898, 44.051571, 1023.69921875 ], [ -72.920021, 44.05162, 1025.796875 ], [ -72.92017, 44.051631, 1026.69921875 ], [ -72.920329, 44.051635, 1027.3984375 ], [ -72.920481, 44.051627, 1027.19921875 ], [ -72.92063, 44.051674, 1028.09765625 ], [ -72.920771, 44.051711, 1028.8984375 ], [ -72.9209, 44.051737, 1029.3984375 ], [ -72.920983, 44.051815, 1030.796875 ], [ -72.921054, 44.051898, 1032.0 ], [ -72.921105, 44.051969, 1033.0 ], [ -72.921131, 44.052053, 1034.296875 ], [ -72.921186, 44.052124, 1035.19921875 ], [ -72.921275, 44.052202, 1036.3984375 ], [ -72.921392, 44.052252, 1036.59765625 ], [ -72.921481, 44.052289, 1036.8984375 ], [ -72.921574, 44.052337, 1037.296875 ], [ -72.921649, 44.052388, 1037.796875 ], [ -72.921718, 44.05245, 1039.0 ], [ -72.921805, 44.052509, 1040.19921875 ], [ -72.921883, 44.052589, 1042.0 ], [ -72.921985, 44.052631, 1043.09765625 ], [ -72.922086, 44.052669, 1044.59765625 ], [ -72.922217, 44.05267, 1045.3984375 ], [ -72.922354, 44.052666, 1046.796875 ], [ -72.922482, 44.052677, 1048.19921875 ], [ -72.922626, 44.052677, 1049.796875 ], [ -72.922764, 44.052694, 1051.3984375 ], [ -72.922897, 44.052704, 1052.8984375 ], [ -72.923018, 44.052718, 1054.19921875 ], [ -72.923175, 44.05269, 1055.796875 ], [ -72.92331, 44.052668, 1057.09765625 ], [ -72.923445, 44.052658, 1059.296875 ], [ -72.923572, 44.052589, 1060.59765625 ], [ -72.923679, 44.052536, 1061.8984375 ], [ -72.923786, 44.052492, 1063.3984375 ], [ -72.923877, 44.052445, 1064.796875 ], [ -72.923957, 44.052386, 1065.59765625 ], [ -72.924041, 44.052363, 1066.69921875 ], [ -72.924134, 44.052337, 1068.0 ], [ -72.924225, 44.052299, 1069.09765625 ], [ -72.924334, 44.052283, 1070.5 ], [ -72.92443, 44.052277, 1072.19921875 ], [ -72.924506, 44.052218, 1073.0 ], [ -72.924575, 44.052148, 1073.796875 ], [ -72.924647, 44.052118, 1074.8984375 ], [ -72.924692, 44.052174, 1075.796875 ], [ -72.924747, 44.052252, 1077.0 ], [ -72.924792, 44.052322, 1077.796875 ], [ -72.924786, 44.052409, 1078.19921875 ], [ -72.924823, 44.052509, 1079.09765625 ], [ -72.924857, 44.052595, 1080.296875 ], [ -72.924898, 44.052672, 1081.296875 ], [ -72.924947, 44.052744, 1082.5 ], [ -72.925018, 44.052812, 1084.09765625 ], [ -72.925138, 44.052791, 1087.0 ], [ -72.925245, 44.052748, 1089.8984375 ], [ -72.925295, 44.052679, 1091.19921875 ], [ -72.925365, 44.052612, 1092.69921875 ], [ -72.925426, 44.052567, 1094.0 ], [ -72.925469, 44.052486, 1095.3984375 ], [ -72.925461, 44.052395, 1095.69921875 ], [ -72.925482, 44.052311, 1096.296875 ], [ -72.925511, 44.052223, 1096.796875 ], [ -72.925578, 44.05215, 1098.69921875 ], [ -72.925641, 44.052068, 1099.5 ], [ -72.925704, 44.051996, 1098.69921875 ], [ -72.925763, 44.051943, 1097.796875 ], [ -72.925869, 44.051942, 1098.8984375 ], [ -72.925974, 44.051972, 1100.296875 ], [ -72.926014, 44.051987, 1101.296875 ], [ -72.926044, 44.052067, 1104.8984375 ], [ -72.926127, 44.052099, 1105.19921875 ], [ -72.926201, 44.052148, 1102.59765625 ], [ -72.926218, 44.052246, 1099.796875 ], [ -72.926214, 44.052333, 1098.19921875 ], [ -72.926127, 44.052386, 1098.59765625 ], [ -72.926039, 44.05244, 1098.296875 ], [ -72.925953, 44.052504, 1097.5 ], [ -72.9259521, 44.0525696, 1095.3984375 ], [ -72.9259243, 44.0526406, 1093.69921875 ], [ -72.9258809, 44.0527, 1093.09765625 ], [ -72.925804, 44.052756, 1093.0 ], [ -72.9257747, 44.0528206, 1092.296875 ], [ -72.925682, 44.052883, 1092.19921875 ], [ -72.925671, 44.052971, 1090.3984375 ], [ -72.9256446, 44.0530439, 1089.0 ], [ -72.9256138, 44.0530909, 1088.296875 ], [ -72.925606, 44.0531747, 1086.3984375 ], [ -72.9255818, 44.0532524, 1084.796875 ], [ -72.9255299, 44.053306, 1083.8984375 ], [ -72.9254612, 44.0533574, 1083.3984375 ], [ -72.9254066, 44.0534263, 1082.5 ], [ -72.9253796, 44.0535013, 1081.5 ], [ -72.9253626, 44.0535763, 1080.09765625 ], [ -72.925325, 44.053632, 1079.796875 ], [ -72.92532, 44.053699, 1078.59765625 ], [ -72.9253141, 44.0538186, 1075.5 ], [ -72.9252835, 44.0539163, 1072.796875 ], [ -72.925207, 44.0539631, 1072.59765625 ], [ -72.925137, 44.0540154, 1072.19921875 ], [ -72.925068, 44.054064, 1072.5 ], [ -72.925031, 44.054134, 1071.09765625 ], [ -72.925037, 44.054194, 1069.0 ], [ -72.9250254, 44.0542316, 1067.8984375 ], [ -72.9250142, 44.0542619, 1067.296875 ], [ -72.9250436, 44.0542939, 1065.796875 ], [ -72.9251218, 44.0543194, 1063.3984375 ], [ -72.9251665, 44.0543206, 1062.5 ], [ -72.9252826, 44.0543058, 1060.796875 ], [ -72.925382, 44.054333, 1057.5 ], [ -72.925442, 44.054367, 1055.0 ], [ -72.9254349, 44.0544431, 1053.796875 ], [ -72.9253845, 44.0544938, 1053.8984375 ], [ -72.9253547, 44.0545406, 1053.5 ], [ -72.9253317, 44.0546016, 1052.59765625 ], [ -72.9252857, 44.0546776, 1052.296875 ], [ -72.9253097, 44.0547386, 1050.8984375 ], [ -72.925311, 44.054782, 1050.19921875 ], [ -72.925359, 44.054862, 1047.3984375 ], [ -72.925386, 44.054915, 1045.09765625 ], [ -72.925366, 44.054992, 1044.19921875 ], [ -72.925344, 44.055059, 1043.5 ], [ -72.925337, 44.055146, 1041.5 ], [ -72.9253, 44.055177, 1041.796875 ], [ -72.9252606, 44.0552137, 1041.59765625 ], [ -72.9252269, 44.0552488, 1040.796875 ], [ -72.9252261, 44.0552796, 1040.19921875 ], [ -72.9252552, 44.0553545, 1039.09765625 ], [ -72.9253166, 44.055411, 1037.5 ], [ -72.925402, 44.055471, 1035.59765625 ], [ -72.925525, 44.055515, 1033.8984375 ], [ -72.925616, 44.055577, 1031.69921875 ], [ -72.925692, 44.055662, 1029.296875 ], [ -72.925739, 44.055704, 1027.69921875 ], [ -72.925807, 44.055788, 1025.296875 ], [ -72.925798, 44.055858, 1025.19921875 ], [ -72.925816, 44.055938, 1024.3984375 ], [ -72.925761, 44.056021, 1025.19921875 ], [ -72.925755, 44.056099, 1024.69921875 ], [ -72.925757, 44.056146, 1024.09765625 ], [ -72.9257935, 44.056235, 1022.8984375 ], [ -72.9257795, 44.05631, 1022.69921875 ], [ -72.9258045, 44.056376, 1022.09765625 ], [ -72.9258315, 44.056444, 1021.3984375 ], [ -72.9258775, 44.0565069, 1019.19921875 ], [ -72.9258971, 44.0565383, 1018.19921875 ], [ -72.9259414, 44.0565937, 1016.09765625 ], [ -72.9260111, 44.0566862, 1012.296875 ], [ -72.9260291, 44.0567962, 1010.296875 ], [ -72.926054, 44.056869, 1008.8984375 ], [ -72.92602, 44.056961, 1009.296875 ], [ -72.9260309, 44.0570343, 1008.3984375 ], [ -72.9260381, 44.0571032, 1007.5 ], [ -72.92604, 44.057176, 1007.0 ], [ -72.9259795, 44.0572635, 1008.5 ], [ -72.9259535, 44.0573204, 1009.0 ], [ -72.9259372, 44.057372, 1008.796875 ], [ -72.9259306, 44.0574519, 1007.8984375 ], [ -72.9259144, 44.0575178, 1007.09765625 ], [ -72.9259266, 44.0575484, 1006.296875 ], [ -72.925957, 44.057591, 1005.296875 ], [ -72.926047, 44.0576066, 1003.8984375 ], [ -72.926154, 44.05766, 1001.8984375 ], [ -72.926233, 44.057726, 999.296875 ], [ -72.926265, 44.057761, 998.09765625 ], [ -72.926317, 44.057874, 995.796875 ], [ -72.9263783, 44.0579564, 993.796875 ], [ -72.9264647, 44.0580722, 991.796875 ], [ -72.9265589, 44.0581661, 989.69921875 ], [ -72.9265563, 44.0583032, 988.69921875 ], [ -72.9265261, 44.0583962, 988.09765625 ], [ -72.9264823, 44.0585079, 987.19921875 ], [ -72.92646, 44.0585948, 986.19921875 ], [ -72.9264362, 44.0586576, 985.19921875 ], [ -72.9264381, 44.0587511, 984.0 ], [ -72.9264629, 44.0588253, 983.5 ], [ -72.926466, 44.05898, 982.59765625 ], [ -72.926474, 44.058979, 982.59765625 ], [ -72.926593, 44.059147, 981.59765625 ], [ -72.926649, 44.059281, 981.0 ], [ -72.926632, 44.059365, 979.8984375 ], [ -72.926625, 44.059459, 979.0 ], [ -72.926632, 44.059519, 978.3984375 ], [ -72.92664, 44.059657, 977.0 ], [ -72.926645, 44.059743, 976.09765625 ], [ -72.926736, 44.059811, 975.5 ], [ -72.926806, 44.059886, 974.69921875 ], [ -72.926837, 44.059933, 974.296875 ], [ -72.9268, 44.060132, 972.09765625 ], [ -72.926802, 44.060236, 971.296875 ], [ -72.926815, 44.060344, 970.59765625 ], [ -72.926799, 44.060443, 969.69921875 ], [ -72.926768, 44.060531, 968.69921875 ], [ -72.926688, 44.060621, 967.0 ], [ -72.92664, 44.060709, 965.59765625 ], [ -72.926606, 44.060773, 964.8984375 ], [ -72.926576, 44.060858, 964.09765625 ], [ -72.926508, 44.060965, 962.8984375 ], [ -72.926392, 44.061038, 961.796875 ], [ -72.926271, 44.061105, 960.59765625 ], [ -72.926157, 44.061152, 960.19921875 ], [ -72.926178, 44.061557, 962.796875 ], [ -72.9262, 44.061668, 962.69921875 ], [ -72.926179, 44.061726, 962.796875 ], [ -72.926151, 44.061839, 962.796875 ], [ -72.926154, 44.06195, 962.796875 ], [ -72.92612, 44.062047, 962.8984375 ], [ -72.926118, 44.062135, 962.5 ], [ -72.9260756, 44.0623363, 961.296875 ], [ -72.9260066, 44.0625063, 959.796875 ], [ -72.9260136, 44.0625873, 958.8984375 ], [ -72.9259916, 44.0626933, 958.09765625 ], [ -72.9260126, 44.0627953, 957.3984375 ], [ -72.9259906, 44.0628923, 957.0 ], [ -72.9259203, 44.0629794, 956.59765625 ], [ -72.9258223, 44.0630594, 956.5 ], [ -72.9257523, 44.0631184, 956.5 ], [ -72.9255983, 44.0631274, 957.796875 ], [ -72.9255193, 44.0631744, 958.19921875 ], [ -72.9253963, 44.0632684, 958.0 ], [ -72.9253543, 44.0633074, 958.09765625 ], [ -72.9252539, 44.0634266, 958.09765625 ], [ -72.9251369, 44.0635106, 957.3984375 ], [ -72.9250289, 44.0635806, 956.69921875 ], [ -72.9249539, 44.0636686, 956.19921875 ], [ -72.9248839, 44.0637556, 956.19921875 ], [ -72.9248649, 44.0637756, 956.09765625 ], [ -72.9246113, 44.0640215, 954.5 ], [ -72.9244993, 44.0640825, 954.19921875 ], [ -72.9244123, 44.0641165, 954.0 ], [ -72.9243013, 44.0641415, 954.0 ], [ -72.9242483, 44.0642088, 953.5 ], [ -72.9241429, 44.0642674, 953.19921875 ], [ -72.924043, 44.0643383, 952.59765625 ], [ -72.9240061, 44.0644075, 951.69921875 ], [ -72.9239495, 44.0645089, 950.59765625 ], [ -72.923904, 44.064599, 949.59765625 ], [ -72.9238616, 44.064689, 947.59765625 ], [ -72.92375, 44.064814, 945.296875 ], [ -72.923694, 44.06489, 944.296875 ], [ -72.923675, 44.064978, 942.8984375 ], [ -72.923661, 44.064998, 942.69921875 ], [ -72.9236388, 44.0650679, 941.796875 ], [ -72.923627, 44.0651269, 941.0 ], [ -72.923562, 44.065333, 938.296875 ], [ -72.923491, 44.065414, 937.5 ], [ -72.923472, 44.065439, 937.19921875 ], [ -72.9234826, 44.065579, 935.3984375 ], [ -72.923503, 44.065801, 932.0 ], [ -72.923473, 44.065886, 930.8984375 ], [ -72.923431, 44.065996, 929.796875 ], [ -72.923401, 44.066087, 928.69921875 ], [ -72.923374, 44.066172, 927.796875 ], [ -72.923352, 44.066233, 927.09765625 ], [ -72.923273, 44.066342, 925.09765625 ], [ -72.923014, 44.06659, 923.09765625 ], [ -72.922928, 44.06668, 922.5 ], [ -72.922801, 44.06673, 923.69921875 ], [ -72.922656, 44.066788, 924.3984375 ], [ -72.922549, 44.066814, 924.796875 ], [ -72.9224051, 44.0668571, 925.59765625 ], [ -72.9222518, 44.0668995, 927.09765625 ], [ -72.9221486, 44.0669504, 928.8984375 ], [ -72.9219974, 44.0669694, 931.09765625 ], [ -72.92188, 44.066997, 932.8984375 ], [ -72.921726, 44.066981, 932.69921875 ], [ -72.9216192, 44.0670033, 933.296875 ], [ -72.9214581, 44.0670431, 933.296875 ], [ -72.9213369, 44.0670592, 932.59765625 ], [ -72.9212639, 44.0671479, 933.59765625 ], [ -72.9212552, 44.0672681, 936.19921875 ], [ -72.9212572, 44.0673879, 938.09765625 ], [ -72.9212132, 44.0674809, 937.5 ], [ -72.9211962, 44.0675749, 937.59765625 ], [ -72.9211952, 44.0676859, 937.19921875 ], [ -72.9211464, 44.0678643, 935.59765625 ], [ -72.9210648, 44.0679681, 934.59765625 ], [ -72.9209931, 44.0680535, 934.296875 ], [ -72.920897, 44.068111, 934.296875 ], [ -72.920797, 44.068165, 934.3984375 ], [ -72.9207236, 44.0682176, 933.796875 ], [ -72.920651, 44.068307, 933.0 ], [ -72.920632, 44.068418, 932.796875 ], [ -72.9206312, 44.0685218, 932.59765625 ], [ -72.9206531, 44.0686252, 932.296875 ], [ -72.9207, 44.068737, 932.59765625 ], [ -72.920704, 44.068839, 932.296875 ], [ -72.92074, 44.068935, 932.8984375 ], [ -72.920772, 44.069048, 933.296875 ], [ -72.920783, 44.069143, 933.3984375 ], [ -72.920794, 44.069236, 933.59765625 ], [ -72.9208578, 44.0693274, 934.0 ], [ -72.9208991, 44.0694355, 932.0 ], [ -72.9209686, 44.0695464, 928.8984375 ], [ -72.920925, 44.069672, 928.69921875 ], [ -72.920901, 44.069768, 928.09765625 ], [ -72.920885, 44.069864, 927.0 ], [ -72.920883, 44.069947, 926.59765625 ], [ -72.920855, 44.070015, 926.69921875 ], [ -72.920873, 44.0700989, 925.8984375 ], [ -72.9208963, 44.0701844, 924.09765625 ], [ -72.9209449, 44.0702614, 921.796875 ], [ -72.920987, 44.070313, 919.59765625 ], [ -72.921014, 44.070385, 918.19921875 ], [ -72.921057, 44.070445, 916.19921875 ], [ -72.921072, 44.070504, 915.5 ], [ -72.921063, 44.070578, 915.19921875 ], [ -72.921006, 44.070643, 916.0 ], [ -72.920881, 44.070645, 919.296875 ], [ -72.9207694, 44.0706099, 920.59765625 ], [ -72.9206222, 44.0704973, 920.796875 ], [ -72.920528, 44.070506, 919.69921875 ], [ -72.9204352, 44.0705637, 917.5 ], [ -72.920357, 44.070641, 916.0 ], [ -72.920273, 44.070715, 915.0 ], [ -72.920202, 44.070799, 914.5 ], [ -72.920144, 44.070889, 914.3984375 ], [ -72.920148, 44.071006, 915.19921875 ], [ -72.920119, 44.071117, 915.3984375 ], [ -72.920112, 44.071227, 915.69921875 ], [ -72.920088, 44.071337, 916.09765625 ], [ -72.920034, 44.071421, 916.296875 ], [ -72.919922, 44.071493, 916.3984375 ], [ -72.9198603, 44.0715808, 916.59765625 ], [ -72.9198363, 44.0716701, 916.69921875 ], [ -72.9198133, 44.0717711, 916.8984375 ], [ -72.9198203, 44.0718681, 916.796875 ], [ -72.9198823, 44.0719401, 916.5 ], [ -72.919923, 44.072003, 916.296875 ], [ -72.919911, 44.072105, 915.59765625 ], [ -72.919865, 44.072198, 914.296875 ], [ -72.919841, 44.072277, 913.19921875 ], [ -72.919752, 44.072337, 912.296875 ], [ -72.9197316, 44.0724308, 910.5 ], [ -72.9196876, 44.0724944, 909.3984375 ], [ -72.9196274, 44.0725787, 907.69921875 ], [ -72.9195842, 44.0726308, 906.69921875 ], [ -72.9195395, 44.0726797, 905.59765625 ], [ -72.9195088, 44.0727506, 903.8984375 ], [ -72.9194702, 44.072805, 902.5 ], [ -72.9194655, 44.0728817, 900.796875 ], [ -72.9194815, 44.0729392, 898.796875 ], [ -72.919456, 44.073008, 896.19921875 ], [ -72.9194416, 44.0730892, 893.19921875 ], [ -72.9194742, 44.0731267, 891.3984375 ], [ -72.9195436, 44.0731482, 890.09765625 ], [ -72.9196221, 44.0731593, 889.09765625 ], [ -72.9197208, 44.0731715, 888.0 ], [ -72.9198914, 44.0731549, 887.59765625 ], [ -72.9199876, 44.0731729, 886.09765625 ], [ -72.920072, 44.07318, 885.3984375 ], [ -72.92019, 44.073191, 884.5 ], [ -72.920271, 44.073202, 883.69921875 ], [ -72.9204282, 44.0731921, 883.09765625 ], [ -72.920646, 44.073145, 882.796875 ], [ -72.9208063, 44.0730934, 883.3984375 ], [ -72.9209108, 44.0730961, 881.5 ], [ -72.921015, 44.073088, 880.09765625 ], [ -72.921066, 44.0731, 879.0 ], [ -72.921188, 44.07309, 877.5 ], [ -72.921281, 44.073074, 876.5 ], [ -72.92135, 44.073079, 875.19921875 ], [ -72.921375, 44.07308, 874.796875 ], [ -72.9215192, 44.0730622, 871.3984375 ], [ -72.9216271, 44.073005, 869.296875 ], [ -72.9217025, 44.0729722, 867.796875 ], [ -72.9218204, 44.0728952, 863.8984375 ], [ -72.9219181, 44.0728599, 859.796875 ], [ -72.9219966, 44.0728449, 857.0 ], [ -72.9220495, 44.072846, 855.3984375 ], [ -72.9220688, 44.0729046, 854.8984375 ], [ -72.9220856, 44.0729844, 854.19921875 ], [ -72.9221031, 44.0730439, 853.796875 ], [ -72.9221726, 44.0731162, 851.59765625 ], [ -72.922245, 44.073185, 849.59765625 ], [ -72.922328, 44.073233, 848.296875 ], [ -72.922358, 44.073289, 847.69921875 ], [ -72.9224, 44.073392, 846.8984375 ], [ -72.922429, 44.073478, 846.3984375 ], [ -72.922488, 44.073553, 845.5 ], [ -72.922574, 44.07365, 845.19921875 ], [ -72.922674, 44.07372, 845.8984375 ], [ -72.922737, 44.073816, 847.296875 ], [ -72.9227778, 44.0739154, 848.8984375 ], [ -72.9228661, 44.0739969, 850.3984375 ], [ -72.9229692, 44.0740562, 851.796875 ], [ -72.9230778, 44.0741218, 852.796875 ], [ -72.923215, 44.07418, 852.5 ], [ -72.923341, 44.074198, 851.796875 ], [ -72.923458, 44.07423, 850.69921875 ], [ -72.923582, 44.0742493, 849.59765625 ], [ -72.923695, 44.074261, 847.5 ], [ -72.923781, 44.074342, 846.796875 ], [ -72.923898, 44.074387, 844.8984375 ], [ -72.923985, 44.074455, 843.5 ], [ -72.924048, 44.074543, 842.796875 ], [ -72.9241017, 44.074587, 842.0 ], [ -72.924234, 44.074678, 839.796875 ], [ -72.9243352, 44.0747109, 837.5 ], [ -72.9244209, 44.0747477, 836.0 ], [ -72.924531, 44.074813, 834.796875 ], [ -72.924649, 44.074864, 833.296875 ], [ -72.924742, 44.074928, 832.19921875 ], [ -72.924815, 44.075016, 831.8984375 ], [ -72.9249281, 44.0750642, 830.796875 ], [ -72.9250125, 44.0750927, 830.19921875 ], [ -72.9250655, 44.0751323, 830.3984375 ], [ -72.9251283, 44.0751696, 830.09765625 ], [ -72.9252751, 44.0751953, 829.19921875 ], [ -72.925391, 44.075221, 828.19921875 ], [ -72.925523, 44.075266, 827.296875 ], [ -72.925611, 44.075363, 827.0 ], [ -72.925712, 44.075451, 826.296875 ], [ -72.925798, 44.07554, 825.296875 ], [ -72.925918, 44.075617, 824.09765625 ], [ -72.926038, 44.075674, 823.296875 ], [ -72.926149, 44.075737, 821.69921875 ], [ -72.92622, 44.075811, 819.59765625 ], [ -72.926248, 44.075903, 818.59765625 ], [ -72.926245, 44.075979, 818.69921875 ], [ -72.926203, 44.076161, 817.8984375 ], [ -72.926201, 44.076215, 817.3984375 ], [ -72.926138, 44.076348, 817.0 ], [ -72.926122, 44.076368, 817.09765625 ], [ -72.9259683, 44.0765214, 817.09765625 ], [ -72.9259464, 44.0766123, 815.69921875 ], [ -72.9259486, 44.0766774, 814.296875 ], [ -72.925957, 44.0767211, 813.3984375 ], [ -72.9260478, 44.0767178, 811.8984375 ], [ -72.9261249, 44.0767163, 810.69921875 ], [ -72.926233, 44.076644, 810.3984375 ], [ -72.926453, 44.076567, 807.8984375 ], [ -72.926585, 44.076525, 805.59765625 ], [ -72.926743, 44.076543, 803.69921875 ], [ -72.926887, 44.07659, 803.296875 ], [ -72.926983, 44.076664, 803.5 ], [ -72.927076, 44.07677, 804.296875 ], [ -72.927157, 44.076891, 806.5 ], [ -72.927186, 44.077002, 808.8984375 ], [ -72.9272122, 44.0771043, 811.19921875 ], [ -72.9272475, 44.0772462, 814.59765625 ], [ -72.927248, 44.077367, 817.19921875 ], [ -72.927358, 44.077444, 818.69921875 ], [ -72.927448, 44.077537, 821.296875 ], [ -72.927478, 44.077638, 823.8984375 ], [ -72.927516, 44.077735, 826.0 ], [ -72.927481, 44.077839, 828.296875 ], [ -72.927437, 44.078005, 831.3984375 ], [ -72.927427, 44.078138, 833.59765625 ], [ -72.9274499, 44.0783792, 838.0 ], [ -72.9273694, 44.0785672, 840.796875 ], [ -72.927325, 44.0786798, 842.5 ], [ -72.927297, 44.078762, 843.69921875 ], [ -72.9272855, 44.0788928, 845.5 ], [ -72.927322, 44.07899, 847.19921875 ], [ -72.927259, 44.0791, 848.09765625 ], [ -72.927185, 44.079196, 848.09765625 ], [ -72.927164, 44.079317, 849.09765625 ], [ -72.9271635, 44.07943, 850.59765625 ], [ -72.927198, 44.079551, 853.0 ], [ -72.927291, 44.079618, 855.0 ], [ -72.927298, 44.079623, 855.09765625 ], [ -72.927306, 44.079639, 855.3984375 ], [ -72.927392, 44.079743, 856.8984375 ], [ -72.927474, 44.079829, 858.5 ], [ -72.9276188, 44.0798643, 859.3984375 ], [ -72.9277138, 44.079937, 860.59765625 ], [ -72.927789, 44.079988, 861.19921875 ], [ -72.9278592, 44.0800957, 861.5 ], [ -72.927932, 44.08021, 862.3984375 ], [ -72.928004, 44.080317, 863.59765625 ], [ -72.9281255, 44.0804063, 864.09765625 ], [ -72.928223, 44.080496, 864.296875 ], [ -72.928185, 44.080553, 865.19921875 ], [ -72.928067, 44.080577, 866.59765625 ], [ -72.927941, 44.0805972, 866.796875 ], [ -72.9278365, 44.0806715, 867.09765625 ], [ -72.9277259, 44.0807537, 866.296875 ], [ -72.927686, 44.0808494, 865.5 ], [ -72.9276914, 44.0808948, 865.296875 ], [ -72.9277043, 44.0810845, 865.3984375 ], [ -72.9276431, 44.081254, 865.0 ], [ -72.9274231, 44.0816971, 860.69921875 ], [ -72.9275036, 44.0819553, 860.296875 ], [ -72.9274017, 44.0821364, 857.59765625 ], [ -72.9270583, 44.0824255, 850.796875 ], [ -72.9269672, 44.0825989, 849.8984375 ], [ -72.9269886, 44.0828647, 849.3984375 ], [ -72.9270423, 44.0832077, 843.796875 ], [ -72.9268813, 44.0834389, 845.09765625 ], [ -72.926775, 44.083808, 840.3984375 ], [ -72.926656, 44.0840632, 838.09765625 ], [ -72.92648, 44.08414, 841.796875 ], [ -72.9263692, 44.084163, 844.8984375 ], [ -72.926211, 44.084212, 845.5 ], [ -72.92608, 44.084252, 845.69921875 ], [ -72.925939, 44.084257, 844.296875 ], [ -72.925846, 44.084226, 843.69921875 ], [ -72.925705, 44.084241, 840.09765625 ], [ -72.925633, 44.084307, 837.796875 ], [ -72.925611, 44.084344, 837.0 ], [ -72.925533, 44.084474, 833.5 ], [ -72.925562, 44.08456, 833.296875 ], [ -72.925605, 44.084643, 833.296875 ], [ -72.925623, 44.084726, 832.0 ], [ -72.925729, 44.084809, 832.5 ], [ -72.925804, 44.084886, 831.59765625 ], [ -72.925931, 44.084918, 830.0 ], [ -72.926062, 44.084945, 827.69921875 ], [ -72.926173, 44.084926, 826.3984375 ], [ -72.92628, 44.084911, 824.5 ], [ -72.926335, 44.084948, 822.3984375 ], [ -72.926357, 44.084978, 821.0 ], [ -72.92619, 44.085102, 821.0 ], [ -72.926089, 44.085232, 818.296875 ], [ -72.926091, 44.085328, 815.0 ], [ -72.926122, 44.085427, 811.69921875 ], [ -72.926187, 44.085544, 809.8984375 ], [ -72.92625, 44.085644, 808.59765625 ], [ -72.926339, 44.085756, 807.69921875 ], [ -72.926435, 44.085865, 807.5 ], [ -72.926526, 44.085981, 807.5 ], [ -72.926625, 44.086077, 808.19921875 ], [ -72.92673, 44.086138, 808.69921875 ], [ -72.926828, 44.086247, 809.59765625 ], [ -72.926995, 44.08629, 810.3984375 ], [ -72.927161, 44.08632, 811.09765625 ], [ -72.927318, 44.086336, 811.59765625 ], [ -72.927443, 44.086414, 812.8984375 ], [ -72.927507, 44.086486, 814.19921875 ], [ -72.92755, 44.086595, 815.8984375 ], [ -72.927593, 44.086718, 817.69921875 ], [ -72.927675, 44.08682, 818.09765625 ], [ -72.92761, 44.086904, 820.3984375 ], [ -72.927595, 44.086993, 821.8984375 ], [ -72.927536, 44.087085, 824.296875 ], [ -72.927537, 44.087157, 824.3984375 ], [ -72.92753, 44.087299, 824.8984375 ], [ -72.927427, 44.087386, 826.0 ], [ -72.9274414, 44.0874601, 826.3984375 ], [ -72.9274591, 44.087556, 827.0 ], [ -72.927477, 44.087829, 827.5 ], [ -72.927509, 44.087885, 826.296875 ], [ -72.927507, 44.087889, 826.296875 ], [ -72.927407, 44.087982, 830.0 ], [ -72.92733, 44.088093, 833.296875 ], [ -72.927285, 44.088205, 835.5 ], [ -72.927242, 44.088303, 836.796875 ], [ -72.927276, 44.088422, 835.5 ], [ -72.927347, 44.088517, 834.796875 ], [ -72.927445, 44.088602, 834.59765625 ], [ -72.927504, 44.08867, 835.09765625 ], [ -72.927451, 44.088781, 835.69921875 ], [ -72.927436, 44.08886, 835.09765625 ], [ -72.927414, 44.088971, 834.09765625 ], [ -72.927403, 44.089058, 833.09765625 ], [ -72.92742, 44.089121, 832.59765625 ], [ -72.927417, 44.089197, 831.5 ], [ -72.927469, 44.089239, 831.59765625 ], [ -72.927547, 44.089278, 830.3984375 ], [ -72.927633, 44.089353, 828.19921875 ], [ -72.927682, 44.089421, 827.0 ], [ -72.927739, 44.089497, 826.19921875 ], [ -72.927801, 44.089577, 825.69921875 ], [ -72.927985, 44.089704, 821.5 ], [ -72.92809, 44.089721, 820.59765625 ], [ -72.928194, 44.089768, 819.3984375 ], [ -72.928328, 44.089764, 817.8984375 ], [ -72.928479, 44.089722, 818.0 ], [ -72.928551, 44.089772, 818.5 ], [ -72.928613, 44.089848, 819.0 ], [ -72.928638, 44.089933, 818.796875 ], [ -72.928611, 44.090004, 818.5 ], [ -72.928628, 44.090133, 818.0 ], [ -72.928601, 44.090232, 818.59765625 ], [ -72.928524, 44.090311, 818.59765625 ], [ -72.92848, 44.090416, 819.09765625 ], [ -72.928466, 44.090519, 819.8984375 ], [ -72.928416, 44.090619, 820.8984375 ], [ -72.928346, 44.090736, 822.296875 ], [ -72.928233, 44.090812, 821.8984375 ], [ -72.928174, 44.090926, 823.09765625 ], [ -72.92812, 44.091003, 823.69921875 ], [ -72.928015, 44.091108, 824.296875 ], [ -72.928028, 44.091193, 825.69921875 ], [ -72.927993, 44.091272, 826.19921875 ], [ -72.927885, 44.091307, 825.296875 ], [ -72.927853, 44.09131, 824.796875 ], [ -72.927846, 44.091321, 824.8984375 ], [ -72.927861, 44.09139, 825.8984375 ], [ -72.927935, 44.091494, 827.796875 ], [ -72.927911, 44.091578, 827.5 ], [ -72.927986, 44.091679, 825.59765625 ], [ -72.927997, 44.091761, 823.796875 ], [ -72.927932, 44.091851, 824.5 ], [ -72.927867, 44.091938, 825.69921875 ], [ -72.927803, 44.092036, 828.09765625 ], [ -72.927716, 44.092054, 828.0 ], [ -72.927658, 44.092063, 826.8984375 ], [ -72.927656, 44.092092, 826.796875 ], [ -72.927708, 44.092124, 827.09765625 ], [ -72.92777, 44.092246, 824.796875 ], [ -72.927778, 44.092357, 821.8984375 ], [ -72.927672, 44.092446, 820.8984375 ], [ -72.927614, 44.092466, 820.8984375 ], [ -72.927591, 44.092469, 821.0 ], [ -72.927497, 44.092499, 821.0 ], [ -72.927467, 44.092488, 820.59765625 ], [ -72.927397, 44.092434, 820.296875 ], [ -72.927373, 44.092345, 820.59765625 ], [ -72.927305, 44.092285, 818.19921875 ], [ -72.927299, 44.092284, 817.69921875 ], [ -72.927268, 44.092307, 817.296875 ], [ -72.927205, 44.092385, 816.296875 ], [ -72.927208, 44.092449, 815.59765625 ], [ -72.9272, 44.092473, 815.09765625 ], [ -72.927164, 44.09251, 813.3984375 ], [ -72.927116, 44.092533, 811.8984375 ], [ -72.927046, 44.092561, 809.5 ], [ -72.927066, 44.09262, 809.69921875 ], [ -72.927123, 44.092703, 809.19921875 ], [ -72.927204, 44.092741, 809.796875 ], [ -72.927314, 44.092789, 810.0 ], [ -72.927437, 44.092863, 809.796875 ], [ -72.927535, 44.092965, 808.3984375 ], [ -72.927682, 44.093049, 808.19921875 ], [ -72.927665, 44.093167, 806.19921875 ], [ -72.927586, 44.093271, 804.5 ], [ -72.927514, 44.093373, 802.8984375 ], [ -72.927486, 44.093472, 801.796875 ], [ -72.927506, 44.093572, 799.0 ], [ -72.927523, 44.093662, 796.19921875 ], [ -72.927696, 44.093692, 797.796875 ], [ -72.927869, 44.093695, 798.296875 ], [ -72.928003, 44.093713, 797.59765625 ], [ -72.928006, 44.093713, 797.59765625 ], [ -72.928101, 44.093724, 796.19921875 ], [ -72.928179, 44.093732, 794.0 ], [ -72.928245, 44.093743, 792.19921875 ], [ -72.928327, 44.093721, 790.296875 ], [ -72.928387, 44.093711, 787.796875 ], [ -72.928468, 44.093681, 784.3984375 ], [ -72.928556, 44.093656, 780.296875 ], [ -72.928576, 44.093703, 779.3984375 ], [ -72.9286, 44.093705, 778.5 ], [ -72.928673, 44.093658, 775.8984375 ], [ -72.928748, 44.0936, 773.0 ], [ -72.928808, 44.093545, 770.796875 ], [ -72.92886, 44.093494, 769.0 ], [ -72.928908, 44.09346, 766.69921875 ], [ -72.928965, 44.093518, 763.3984375 ], [ -72.929009, 44.093579, 761.3984375 ], [ -72.929044, 44.09363, 759.8984375 ], [ -72.929091, 44.093684, 757.5 ], [ -72.929169, 44.093748, 753.796875 ], [ -72.929192, 44.09383, 753.09765625 ], [ -72.92926, 44.093888, 750.0 ], [ -72.929287, 44.093958, 748.8984375 ], [ -72.929308, 44.094027, 748.296875 ], [ -72.929318, 44.094091, 747.5 ], [ -72.9293312, 44.094176, 746.69921875 ], [ -72.9292797, 44.094241, 748.296875 ], [ -72.9292108, 44.094306, 750.3984375 ], [ -72.9291774, 44.0943415, 750.8984375 ], [ -72.9291322, 44.0943477, 751.796875 ], [ -72.929009, 44.094371, 753.296875 ], [ -72.9289113, 44.0943946, 754.296875 ], [ -72.9288442, 44.0944336, 753.296875 ], [ -72.9287986, 44.0944658, 751.8984375 ], [ -72.9287358, 44.0944752, 751.296875 ], [ -72.9286395, 44.0944749, 751.19921875 ], [ -72.92857, 44.0944924, 750.0 ], [ -72.9285153, 44.0945132, 748.69921875 ], [ -72.928449, 44.0945058, 747.8984375 ], [ -72.9284069, 44.0945137, 747.5 ], [ -72.9283765, 44.0945433, 745.796875 ], [ -72.9283487, 44.0945739, 743.8984375 ], [ -72.928269, 44.094605, 742.19921875 ], [ -72.928212, 44.09464, 741.19921875 ], [ -72.9281983, 44.0947501, 738.59765625 ], [ -72.928243, 44.0948675, 736.296875 ], [ -72.9282532, 44.0949081, 736.5 ], [ -72.9283087, 44.0949692, 737.5 ], [ -72.9283561, 44.0950257, 738.59765625 ], [ -72.928464, 44.095086, 740.296875 ], [ -72.928567, 44.09514, 741.59765625 ], [ -72.928693, 44.095138, 741.19921875 ], [ -72.928829, 44.095118, 740.0 ], [ -72.9289538, 44.0951224, 738.59765625 ], [ -72.9291053, 44.0951202, 736.296875 ], [ -72.929242, 44.095171, 735.5 ], [ -72.929276, 44.095265, 738.09765625 ], [ -72.929303, 44.09536, 740.5 ], [ -72.929305, 44.095463, 743.796875 ], [ -72.929345, 44.095592, 748.09765625 ], [ -72.929335, 44.095681, 752.5 ], [ -72.929408, 44.095749, 751.59765625 ], [ -72.929502, 44.095828, 751.19921875 ], [ -72.929543, 44.095903, 752.296875 ], [ -72.929478, 44.096012, 755.796875 ], [ -72.929438, 44.096118, 757.69921875 ], [ -72.929388, 44.09622, 759.5 ], [ -72.929326, 44.096334, 760.69921875 ], [ -72.92936, 44.096435, 760.796875 ], [ -72.929444, 44.096505, 760.8984375 ], [ -72.92953, 44.096452, 759.5 ], [ -72.92962, 44.096497, 758.8984375 ], [ -72.929697, 44.096543, 758.5 ], [ -72.929784, 44.096613, 758.59765625 ], [ -72.929881, 44.096664, 757.19921875 ], [ -72.929986, 44.096666, 754.796875 ], [ -72.930067, 44.09669, 752.796875 ], [ -72.930142, 44.096775, 751.296875 ], [ -72.930164, 44.096837, 751.09765625 ], [ -72.93011, 44.09689, 753.19921875 ], [ -72.930053, 44.096977, 755.69921875 ], [ -72.929968, 44.097038, 758.09765625 ], [ -72.929908, 44.097097, 758.5 ], [ -72.929864, 44.097158, 757.3984375 ], [ -72.92985, 44.097234, 755.59765625 ], [ -72.929818, 44.097311, 753.69921875 ], [ -72.929832, 44.097392, 751.0 ], [ -72.929831, 44.097484, 747.296875 ], [ -72.929836, 44.09755, 744.296875 ], [ -72.929903, 44.09759, 742.3984375 ], [ -72.930031, 44.097571, 742.3984375 ], [ -72.930138, 44.097502, 743.69921875 ], [ -72.930237, 44.097423, 745.3984375 ], [ -72.930326, 44.097386, 745.296875 ], [ -72.93045, 44.097337, 744.5 ], [ -72.930566, 44.097317, 742.3984375 ], [ -72.930674, 44.097341, 740.796875 ], [ -72.930808, 44.097319, 738.0 ], [ -72.930947, 44.097301, 734.69921875 ], [ -72.931064, 44.097317, 732.19921875 ], [ -72.931182, 44.097311, 730.3984375 ], [ -72.931261, 44.097357, 729.8984375 ], [ -72.931318, 44.097455, 732.0 ], [ -72.931432, 44.097539, 733.296875 ], [ -72.931496, 44.097611, 734.5 ], [ -72.93151, 44.097628, 734.8984375 ], [ -72.931517, 44.097688, 737.09765625 ], [ -72.931542, 44.097789, 740.8984375 ], [ -72.93153, 44.097872, 744.09765625 ], [ -72.931611, 44.097956, 747.69921875 ], [ -72.931713, 44.098043, 751.09765625 ], [ -72.931772, 44.098124, 754.796875 ], [ -72.931822, 44.098189, 758.09765625 ], [ -72.931895, 44.09823, 759.5 ], [ -72.931974, 44.098292, 762.19921875 ], [ -72.932057, 44.09833, 763.5 ], [ -72.932123, 44.098345, 764.19921875 ], [ -72.93221, 44.098358, 764.0 ], [ -72.932321, 44.098365, 765.0 ], [ -72.932389, 44.098395, 767.296875 ], [ -72.932494, 44.098443, 770.0 ], [ -72.932565, 44.098527, 775.09765625 ], [ -72.932724, 44.098556, 776.69921875 ], [ -72.932876, 44.098581, 776.8984375 ], [ -72.932975, 44.098623, 777.8984375 ], [ -72.933083, 44.098685, 780.296875 ], [ -72.933281, 44.098715, 781.0 ], [ -72.933359, 44.098759, 782.0 ], [ -72.933496, 44.0988, 781.69921875 ], [ -72.933548, 44.098861, 783.5 ], [ -72.933583, 44.098885, 784.3984375 ], [ -72.933656, 44.098993, 787.69921875 ], [ -72.933764, 44.099033, 787.8984375 ], [ -72.933838, 44.099116, 789.796875 ], [ -72.933909, 44.099178, 790.59765625 ], [ -72.933949, 44.099262, 792.59765625 ], [ -72.933967, 44.099316, 794.3984375 ], [ -72.934025, 44.099385, 796.19921875 ], [ -72.934046, 44.099445, 798.09765625 ], [ -72.934045, 44.099493, 799.59765625 ], [ -72.934101, 44.099564, 801.296875 ], [ -72.934149, 44.099635, 803.0 ], [ -72.93421, 44.099712, 804.0 ], [ -72.934285, 44.099783, 804.59765625 ], [ -72.934346, 44.099863, 805.69921875 ], [ -72.934369, 44.099949, 808.5 ], [ -72.934387, 44.100014, 810.09765625 ], [ -72.934405, 44.100068, 811.69921875 ], [ -72.934446, 44.100114, 812.0 ], [ -72.934513, 44.100189, 814.19921875 ], [ -72.9346, 44.100251, 815.19921875 ], [ -72.934648, 44.100348, 818.59765625 ], [ -72.934706, 44.100417, 820.3984375 ], [ -72.934811, 44.100488, 820.8984375 ], [ -72.934911, 44.100575, 821.8984375 ], [ -72.935021, 44.100644, 821.3984375 ], [ -72.935067, 44.100709, 823.0 ], [ -72.935132, 44.100757, 823.296875 ], [ -72.935244, 44.100815, 822.59765625 ], [ -72.935344, 44.100867, 821.5 ], [ -72.935424, 44.100946, 821.3984375 ], [ -72.935478, 44.101018, 821.296875 ], [ -72.935482, 44.101086, 822.796875 ], [ -72.935451, 44.101136, 824.8984375 ], [ -72.935429, 44.101172, 826.19921875 ], [ -72.935386, 44.101198, 828.19921875 ], [ -72.935302, 44.101226, 831.796875 ], [ -72.935322, 44.101286, 832.59765625 ], [ -72.935374, 44.101373, 832.8984375 ], [ -72.935438, 44.10148, 833.09765625 ], [ -72.935426, 44.101557, 835.59765625 ], [ -72.935396, 44.101641, 839.5 ], [ -72.935312, 44.10166, 843.8984375 ], [ -72.935223, 44.101685, 848.19921875 ], [ -72.935133, 44.10175, 852.8984375 ], [ -72.935054, 44.101791, 856.296875 ], [ -72.935045, 44.101853, 857.8984375 ], [ -72.934956, 44.101906, 861.296875 ], [ -72.934901, 44.101958, 863.5 ], [ -72.934867, 44.102011, 865.09765625 ], [ -72.934854, 44.10211, 867.796875 ], [ -72.934859, 44.102218, 870.3984375 ], [ -72.934907, 44.102319, 873.5 ], [ -72.935024, 44.10234, 874.5 ], [ -72.935075, 44.102432, 875.296875 ], [ -72.93509, 44.102505, 877.296875 ], [ -72.935121, 44.102561, 878.296875 ], [ -72.935204, 44.102635, 879.8984375 ], [ -72.935288, 44.102663, 879.0 ], [ -72.935358, 44.10272, 877.69921875 ], [ -72.935321, 44.102836, 882.796875 ], [ -72.935331, 44.10292, 884.69921875 ], [ -72.935368, 44.10301, 884.19921875 ], [ -72.935386, 44.103063, 884.296875 ], [ -72.935476, 44.103105, 884.296875 ], [ -72.935535, 44.103145, 884.8984375 ], [ -72.935564, 44.103233, 886.09765625 ], [ -72.935617, 44.10332, 885.0 ], [ -72.935705, 44.103417, 884.19921875 ], [ -72.935736, 44.103488, 885.0 ], [ -72.935791, 44.103575, 886.0 ], [ -72.935847, 44.103673, 887.0 ], [ -72.935911, 44.103773, 889.0 ], [ -72.935991, 44.103839, 890.59765625 ], [ -72.936063, 44.103902, 892.09765625 ], [ -72.936208, 44.103941, 892.8984375 ], [ -72.93634, 44.103988, 894.59765625 ], [ -72.936435, 44.104024, 895.5 ], [ -72.936562, 44.104053, 896.19921875 ], [ -72.936616, 44.104114, 898.09765625 ], [ -72.936642, 44.104181, 900.5 ], [ -72.936686, 44.104245, 902.8984375 ], [ -72.936873, 44.104312, 904.3984375 ], [ -72.936966, 44.104353, 905.09765625 ], [ -72.937054, 44.104372, 904.8984375 ], [ -72.937276, 44.10443, 903.0 ], [ -72.937376, 44.104503, 901.69921875 ], [ -72.937415, 44.104586, 902.5 ], [ -72.93747, 44.104667, 903.3984375 ], [ -72.937469, 44.104765, 906.3984375 ], [ -72.937436, 44.10483, 909.19921875 ], [ -72.937414, 44.104857, 911.19921875 ], [ -72.937425, 44.10496, 913.59765625 ], [ -72.9374, 44.105051, 917.5 ], [ -72.937408, 44.105145, 920.09765625 ], [ -72.937424, 44.105245, 921.59765625 ], [ -72.937384, 44.105351, 924.69921875 ], [ -72.937391, 44.105468, 927.0 ], [ -72.937416, 44.105543, 927.796875 ], [ -72.937451, 44.105602, 928.3984375 ], [ -72.937452, 44.1057, 930.8984375 ], [ -72.937493, 44.105773, 930.5 ], [ -72.937514, 44.105851, 930.8984375 ], [ -72.937605, 44.105944, 929.19921875 ], [ -72.93758, 44.106036, 932.796875 ], [ -72.937552, 44.106099, 935.59765625 ], [ -72.937565, 44.106182, 937.5 ], [ -72.937572, 44.106249, 939.69921875 ], [ -72.93759, 44.106341, 942.09765625 ], [ -72.937606, 44.106385, 943.19921875 ], [ -72.937485, 44.10666, 956.19921875 ], [ -72.937537, 44.106754, 958.0 ], [ -72.937574, 44.106841, 960.0 ], [ -72.937645, 44.10693, 960.09765625 ], [ -72.937701, 44.107001, 960.69921875 ], [ -72.93777, 44.107051, 960.296875 ], [ -72.937796, 44.107151, 961.19921875 ], [ -72.937951, 44.107328, 959.8984375 ], [ -72.938029, 44.107398, 959.19921875 ], [ -72.938075, 44.107459, 959.69921875 ], [ -72.938159, 44.107518, 960.69921875 ], [ -72.938236, 44.107595, 962.19921875 ], [ -72.938336, 44.107674, 963.19921875 ], [ -72.93841, 44.107756, 963.296875 ], [ -72.938482, 44.107847, 963.69921875 ], [ -72.93858, 44.107934, 964.19921875 ], [ -72.938699, 44.107979, 963.59765625 ], [ -72.938769, 44.108044, 963.3984375 ], [ -72.938852, 44.108114, 963.3984375 ], [ -72.938902, 44.108173, 963.5 ], [ -72.93894, 44.108218, 963.296875 ], [ -72.938986, 44.108377, 963.796875 ], [ -72.938985, 44.108448, 964.3984375 ], [ -72.939018, 44.108534, 964.3984375 ], [ -72.939084, 44.108604, 963.8984375 ], [ -72.939196, 44.108667, 962.19921875 ], [ -72.939242, 44.108745, 961.8984375 ], [ -72.939315, 44.108825, 961.3984375 ], [ -72.939286, 44.108915, 962.19921875 ], [ -72.939337, 44.108977, 961.59765625 ], [ -72.939367, 44.10908, 961.3984375 ], [ -72.93936, 44.109182, 961.69921875 ], [ -72.939321, 44.10927, 962.59765625 ], [ -72.939234, 44.109324, 964.59765625 ], [ -72.939197, 44.109389, 965.296875 ], [ -72.939166, 44.109448, 965.8984375 ], [ -72.939073, 44.109523, 967.796875 ], [ -72.939033, 44.109608, 968.296875 ], [ -72.939001, 44.109687, 968.3984375 ], [ -72.938976, 44.109791, 968.09765625 ], [ -72.938922, 44.109888, 968.3984375 ], [ -72.938855, 44.109987, 969.09765625 ], [ -72.938873, 44.11008, 968.59765625 ], [ -72.938819, 44.11018, 969.5 ], [ -72.938754, 44.110262, 971.0 ], [ -72.938649, 44.110319, 973.19921875 ], [ -72.938634, 44.110423, 973.59765625 ], [ -72.938558, 44.110513, 974.59765625 ], [ -72.938515, 44.110599, 975.3984375 ], [ -72.938501, 44.110695, 975.3984375 ], [ -72.938448, 44.110772, 975.8984375 ], [ -72.938389, 44.110846, 976.69921875 ], [ -72.938394, 44.110931, 976.09765625 ], [ -72.938301, 44.11101, 977.19921875 ], [ -72.938187, 44.111076, 978.0 ], [ -72.938116, 44.111131, 978.296875 ], [ -72.938132, 44.11122, 976.69921875 ], [ -72.938118, 44.111308, 975.69921875 ], [ -72.938087, 44.111407, 974.8984375 ], [ -72.938097, 44.111493, 973.8984375 ], [ -72.938175, 44.111568, 972.59765625 ], [ -72.938164, 44.111657, 972.8984375 ], [ -72.938157, 44.111761, 973.0 ], [ -72.938122, 44.111858, 974.19921875 ], [ -72.9380869, 44.111962, 975.3984375 ], [ -72.9380391, 44.11204, 977.296875 ], [ -72.9379976, 44.1120764, 978.59765625 ], [ -72.937936, 44.112088, 980.296875 ], [ -72.937821, 44.112095, 983.69921875 ], [ -72.937686, 44.112095, 986.796875 ], [ -72.937548, 44.112084, 989.8984375 ], [ -72.937433, 44.112041, 992.5 ], [ -72.937341, 44.111954, 994.5 ], [ -72.93714, 44.111848, 998.19921875 ], [ -72.936991, 44.111809, 1000.3984375 ], [ -72.936881, 44.111731, 1000.59765625 ], [ -72.936828, 44.111722, 1000.796875 ], [ -72.936794, 44.111731, 1001.09765625 ], [ -72.936731, 44.111794, 1002.296875 ], [ -72.93671, 44.111894, 1003.5 ], [ -72.936661, 44.11195, 1004.59765625 ], [ -72.9365482, 44.1120435, 1006.19921875 ], [ -72.9364918, 44.112183, 1008.8984375 ], [ -72.936488, 44.112367, 1012.0 ], [ -72.936459, 44.112414, 1012.59765625 ], [ -72.936402, 44.11257, 1014.3984375 ], [ -72.936395, 44.112672, 1015.09765625 ], [ -72.936326, 44.11283, 1016.8984375 ], [ -72.936288, 44.112918, 1018.09765625 ], [ -72.936244, 44.11294, 1018.796875 ], [ -72.936027, 44.113124, 1022.19921875 ], [ -72.935884, 44.113159, 1024.0 ], [ -72.935774, 44.113229, 1025.59765625 ], [ -72.93572, 44.113246, 1026.09765625 ], [ -72.935536, 44.113299, 1027.59765625 ], [ -72.935377, 44.113458, 1029.296875 ], [ -72.935359, 44.113543, 1030.19921875 ], [ -72.9353605, 44.1137967, 1034.09765625 ], [ -72.935287, 44.113923, 1036.69921875 ], [ -72.9352154, 44.1140771, 1040.09765625 ], [ -72.9350892, 44.1142508, 1044.0 ], [ -72.9350483, 44.1143484, 1046.5 ], [ -72.9350006, 44.1145142, 1050.19921875 ], [ -72.935035, 44.114689, 1055.0 ], [ -72.935072, 44.114771, 1057.19921875 ], [ -72.935092, 44.114797, 1058.09765625 ], [ -72.935008, 44.115024, 1061.8984375 ], [ -72.93492, 44.115106, 1062.59765625 ], [ -72.934865, 44.115198, 1064.3984375 ], [ -72.934541, 44.115456, 1069.19921875 ], [ -72.934366, 44.115595, 1070.796875 ], [ -72.934357, 44.115697, 1071.5 ], [ -72.934393, 44.115798, 1073.0 ], [ -72.934318, 44.115896, 1073.3984375 ], [ -72.934288, 44.115958, 1073.59765625 ], [ -72.934313, 44.116098, 1075.5 ], [ -72.934361, 44.116145, 1077.0 ], [ -72.934421, 44.116207, 1078.8984375 ], [ -72.934508, 44.116261, 1081.69921875 ], [ -72.934593, 44.116275, 1083.69921875 ], [ -72.934684, 44.116319, 1086.0 ], [ -72.934756, 44.116385, 1088.0 ], [ -72.934841, 44.116476, 1090.0 ], [ -72.93488, 44.116572, 1091.09765625 ], [ -72.934891, 44.11663, 1091.5 ], [ -72.934931, 44.116719, 1092.796875 ], [ -72.934965, 44.116786, 1094.09765625 ], [ -72.935039, 44.116821, 1095.8984375 ], [ -72.935132, 44.116831, 1097.69921875 ], [ -72.935211, 44.116853, 1099.3984375 ], [ -72.935273, 44.116862, 1100.59765625 ], [ -72.935313, 44.117015, 1103.3984375 ], [ -72.935333, 44.117086, 1104.69921875 ], [ -72.935353, 44.117146, 1106.0 ], [ -72.935399, 44.117206, 1107.796875 ], [ -72.93542, 44.117291, 1109.59765625 ], [ -72.935436, 44.117364, 1111.296875 ], [ -72.935483, 44.117443, 1113.8984375 ], [ -72.935472, 44.117535, 1116.296875 ], [ -72.935415, 44.117659, 1118.796875 ], [ -72.935532, 44.117717, 1122.796875 ], [ -72.935597, 44.117775, 1125.796875 ], [ -72.935643, 44.117841, 1128.796875 ], [ -72.935634, 44.117896, 1131.296875 ], [ -72.935661, 44.117927, 1133.3984375 ], [ -72.935714, 44.117949, 1135.296875 ], [ -72.935785, 44.117968, 1137.3984375 ], [ -72.935799, 44.118007, 1139.796875 ], [ -72.935783, 44.118071, 1143.0 ], [ -72.935844, 44.118119, 1145.8984375 ], [ -72.93587, 44.118147, 1146.8984375 ], [ -72.935868, 44.118168, 1148.0 ], [ -72.935867, 44.118201, 1149.59765625 ], [ -72.935874, 44.11823, 1151.296875 ], [ -72.935906, 44.118222, 1150.0 ], [ -72.935937, 44.118232, 1150.0 ], [ -72.935993, 44.118266, 1151.3984375 ], [ -72.936054, 44.118346, 1154.8984375 ], [ -72.936051, 44.118402, 1157.796875 ], [ -72.936034, 44.118447, 1160.8984375 ], [ -72.936026, 44.118473, 1162.0 ], [ -72.935993, 44.118522, 1164.5 ], [ -72.935973, 44.11854, 1165.5 ], [ -72.935942, 44.118543, 1165.8984375 ], [ -72.93589, 44.118525, 1166.296875 ], [ -72.93576, 44.118541, 1167.19921875 ], [ -72.935664, 44.11858, 1168.19921875 ], [ -72.935598, 44.118658, 1170.09765625 ], [ -72.935532, 44.118713, 1170.296875 ], [ -72.935524, 44.118717, 1170.19921875 ], [ -72.935506, 44.118777, 1171.19921875 ], [ -72.935488, 44.118816, 1171.296875 ], [ -72.935463, 44.118899, 1171.59765625 ], [ -72.935469, 44.118993, 1173.296875 ], [ -72.935457, 44.119096, 1174.8984375 ], [ -72.935493, 44.119209, 1178.296875 ], [ -72.935591, 44.119265, 1183.19921875 ], [ -72.935656, 44.119276, 1185.3984375 ], [ -72.935698, 44.119275, 1186.5 ], [ -72.935778, 44.119313, 1189.59765625 ], [ -72.935787, 44.119346, 1191.09765625 ], [ -72.935766, 44.119383, 1191.296875 ], [ -72.935801, 44.119405, 1193.19921875 ], [ -72.935831, 44.119414, 1194.296875 ], [ -72.935824, 44.119441, 1194.8984375 ], [ -72.935808, 44.119509, 1196.69921875 ], [ -72.935848, 44.119561, 1199.5 ], [ -72.935871, 44.119622, 1201.69921875 ], [ -72.935904, 44.119674, 1203.796875 ], [ -72.935969, 44.119722, 1206.59765625 ], [ -72.936033, 44.119792, 1210.09765625 ], [ -72.93608, 44.119887, 1214.19921875 ], [ -72.936108, 44.119938, 1216.19921875 ], [ -72.936123, 44.120004, 1217.8984375 ], [ -72.936149, 44.120057, 1219.3984375 ], [ -72.936179, 44.120123, 1220.8984375 ], [ -72.936199, 44.120205, 1221.09765625 ], [ -72.936209, 44.120303, 1220.69921875 ], [ -72.936223, 44.120349, 1220.296875 ], [ -72.936229, 44.120367, 1220.09765625 ], [ -72.936231, 44.120375, 1220.0 ], [ -72.9362406, 44.1204212, 1219.59765625 ], [ -72.9361939, 44.1204451, 1219.3984375 ], [ -72.93614, 44.120495, 1218.69921875 ], [ -72.936087, 44.120575, 1216.69921875 ], [ -72.936018, 44.120646, 1215.09765625 ], [ -72.935934, 44.120715, 1214.0 ], [ -72.935845, 44.120764, 1213.3984375 ], [ -72.935785, 44.120814, 1211.796875 ], [ -72.93571, 44.120872, 1210.0 ], [ -72.935624, 44.120946, 1208.69921875 ], [ -72.935553, 44.121015, 1207.3984375 ], [ -72.935513, 44.121069, 1205.69921875 ], [ -72.935464, 44.121105, 1204.3984375 ], [ -72.9354, 44.121162, 1202.8984375 ], [ -72.935322, 44.121214, 1201.796875 ], [ -72.935261, 44.121258, 1200.59765625 ], [ -72.935198, 44.121304, 1199.296875 ], [ -72.935116, 44.121343, 1198.09765625 ], [ -72.935048, 44.121381, 1197.19921875 ], [ -72.934955, 44.121396, 1196.296875 ], [ -72.934867, 44.12141, 1195.0 ], [ -72.934781, 44.121437, 1193.296875 ], [ -72.934698, 44.121441, 1192.296875 ], [ -72.934633, 44.121485, 1190.59765625 ], [ -72.934542, 44.12154, 1188.796875 ], [ -72.934407, 44.121623, 1185.69921875 ], [ -72.934172, 44.121682, 1180.296875 ], [ -72.93411, 44.121671, 1179.296875 ], [ -72.934034, 44.121656, 1177.8984375 ], [ -72.933963, 44.121674, 1176.3984375 ], [ -72.933905, 44.121679, 1175.3984375 ], [ -72.93384, 44.121705, 1174.3984375 ], [ -72.933716, 44.121736, 1173.19921875 ], [ -72.933665, 44.121796, 1173.3984375 ], [ -72.933552, 44.121989, 1172.69921875 ], [ -72.933505, 44.122078, 1172.59765625 ], [ -72.933448, 44.122169, 1172.19921875 ], [ -72.933418, 44.122237, 1172.0 ], [ -72.933391, 44.122325, 1171.796875 ], [ -72.933363, 44.122435, 1171.0 ], [ -72.933339, 44.122543, 1170.0 ], [ -72.933247, 44.122606, 1169.796875 ], [ -72.9331, 44.122696, 1169.09765625 ], [ -72.933005, 44.122726, 1169.0 ], [ -72.932915, 44.122786, 1168.296875 ], [ -72.932804, 44.122841, 1168.19921875 ], [ -72.932703, 44.122869, 1168.796875 ], [ -72.932572, 44.122854, 1170.5 ], [ -72.932452, 44.122844, 1171.3984375 ], [ -72.932319, 44.122854, 1171.69921875 ], [ -72.932173, 44.12283, 1172.0 ], [ -72.932035, 44.12285, 1172.0 ], [ -72.931915, 44.122912, 1172.0 ], [ -72.93182, 44.122988, 1171.19921875 ], [ -72.931745, 44.123065, 1170.59765625 ], [ -72.931572, 44.123192, 1169.69921875 ], [ -72.931497, 44.123282, 1167.8984375 ], [ -72.931417, 44.123334, 1167.09765625 ], [ -72.9313, 44.123455, 1165.09765625 ], [ -72.931197, 44.123521, 1164.09765625 ], [ -72.931088, 44.123556, 1163.59765625 ], [ -72.930971, 44.123598, 1164.09765625 ], [ -72.9309, 44.123677, 1164.296875 ], [ -72.930799, 44.123763, 1165.59765625 ], [ -72.930689, 44.123792, 1167.796875 ], [ -72.930593, 44.123833, 1170.09765625 ], [ -72.930543, 44.123916, 1171.19921875 ], [ -72.930467, 44.12399, 1172.69921875 ], [ -72.930403, 44.124077, 1173.796875 ], [ -72.930329, 44.124159, 1175.0 ], [ -72.930185, 44.124282, 1178.09765625 ], [ -72.930108, 44.12437, 1179.296875 ], [ -72.930026, 44.124462, 1181.09765625 ], [ -72.929993, 44.124547, 1182.19921875 ], [ -72.929973, 44.124637, 1182.19921875 ], [ -72.929905, 44.124717, 1183.296875 ], [ -72.929804, 44.124794, 1186.3984375 ], [ -72.929741, 44.124888, 1187.8984375 ], [ -72.929658, 44.124982, 1188.19921875 ], [ -72.929578, 44.125062, 1189.0 ], [ -72.929543, 44.125167, 1189.19921875 ], [ -72.92944, 44.125229, 1191.09765625 ], [ -72.929341, 44.12528, 1191.59765625 ], [ -72.929301, 44.125381, 1191.296875 ], [ -72.929278, 44.1255, 1190.0 ], [ -72.929222, 44.125598, 1189.5 ], [ -72.929169, 44.125639, 1189.69921875 ], [ -72.92908, 44.125698, 1189.19921875 ], [ -72.929001, 44.12579, 1188.3984375 ], [ -72.929024, 44.125873, 1187.296875 ], [ -72.929075, 44.12594, 1186.09765625 ], [ -72.929072, 44.126006, 1185.19921875 ], [ -72.929036, 44.126056, 1184.796875 ], [ -72.929018, 44.126142, 1184.0 ], [ -72.928958, 44.126228, 1183.5 ], [ -72.928881, 44.126302, 1183.69921875 ], [ -72.928829, 44.126364, 1183.796875 ], [ -72.928812, 44.12642, 1183.69921875 ], [ -72.928775, 44.126458, 1183.8984375 ], [ -72.928672, 44.126508, 1185.19921875 ], [ -72.928584, 44.126502, 1186.5 ], [ -72.928506, 44.126534, 1187.8984375 ], [ -72.928415, 44.126607, 1191.09765625 ], [ -72.928338, 44.126684, 1194.69921875 ], [ -72.928239, 44.126741, 1197.8984375 ], [ -72.928137, 44.126778, 1200.796875 ], [ -72.928117, 44.126837, 1202.296875 ], [ -72.928114, 44.126894, 1203.09765625 ], [ -72.928116, 44.126936, 1203.59765625 ], [ -72.928126, 44.126987, 1204.0 ], [ -72.928104, 44.127061, 1205.59765625 ], [ -72.928089, 44.127107, 1205.5 ], [ -72.928114, 44.127143, 1204.3984375 ], [ -72.928165, 44.127163, 1202.59765625 ], [ -72.928213, 44.127175, 1201.3984375 ], [ -72.928253, 44.127215, 1200.0 ], [ -72.928269, 44.12726, 1199.09765625 ], [ -72.928303, 44.127291, 1198.296875 ], [ -72.928406, 44.127309, 1194.5 ], [ -72.928448, 44.127325, 1192.69921875 ], [ -72.928487, 44.127347, 1190.8984375 ], [ -72.928527, 44.127355, 1189.19921875 ], [ -72.928562, 44.127355, 1188.0 ], [ -72.928584, 44.127371, 1187.0 ], [ -72.928616, 44.127402, 1184.59765625 ], [ -72.928643, 44.127424, 1183.296875 ], [ -72.928667, 44.127454, 1181.296875 ], [ -72.928694, 44.127476, 1179.69921875 ], [ -72.928717, 44.12751, 1177.796875 ], [ -72.928727, 44.127567, 1175.8984375 ], [ -72.928716, 44.127615, 1175.09765625 ], [ -72.928711, 44.127653, 1174.796875 ], [ -72.92871, 44.127655, 1174.59765625 ], [ -72.928657, 44.12774, 1174.59765625 ], [ -72.928649, 44.127796, 1173.59765625 ], [ -72.928646, 44.127826, 1172.796875 ], [ -72.928643, 44.127874, 1172.19921875 ], [ -72.928643, 44.127876, 1172.0 ], [ -72.928637, 44.127896, 1171.5 ], [ -72.92859, 44.127939, 1172.0 ], [ -72.928531, 44.127986, 1172.5 ], [ -72.928461, 44.128084, 1172.19921875 ], [ -72.928365, 44.128164, 1172.796875 ], [ -72.928323, 44.128177, 1173.3984375 ], [ -72.928335, 44.128231, 1171.796875 ], [ -72.92835, 44.12826, 1170.69921875 ], [ -72.928366, 44.128287, 1169.296875 ], [ -72.928361, 44.128326, 1168.3984375 ], [ -72.928337, 44.128358, 1168.09765625 ], [ -72.928325, 44.128371, 1168.0 ], [ -72.928363, 44.128401, 1166.5 ], [ -72.928385, 44.128421, 1165.19921875 ], [ -72.92846, 44.12842, 1163.59765625 ], [ -72.928511, 44.128408, 1162.69921875 ], [ -72.928557, 44.128404, 1161.796875 ], [ -72.928591, 44.128403, 1161.09765625 ], [ -72.928605, 44.128435, 1159.69921875 ], [ -72.928574, 44.128477, 1159.69921875 ], [ -72.928608, 44.128531, 1157.796875 ], [ -72.92862, 44.128575, 1156.5 ], [ -72.928629, 44.128614, 1155.69921875 ], [ -72.928633, 44.128656, 1154.69921875 ], [ -72.928657, 44.128694, 1153.69921875 ], [ -72.928659, 44.128733, 1152.8984375 ], [ -72.928652, 44.128776, 1152.19921875 ], [ -72.928688, 44.1288, 1151.5 ], [ -72.928696, 44.128867, 1150.5 ], [ -72.928691, 44.128922, 1149.8984375 ], [ -72.928707, 44.128947, 1149.296875 ], [ -72.928771, 44.128993, 1148.296875 ], [ -72.928839, 44.129027, 1147.296875 ], [ -72.928859, 44.129056, 1146.69921875 ], [ -72.928878, 44.129092, 1146.19921875 ], [ -72.928905, 44.129109, 1145.3984375 ], [ -72.928958, 44.129167, 1143.69921875 ], [ -72.928977, 44.12919, 1143.0 ], [ -72.9289641, 44.1292388, 1142.69921875 ], [ -72.9289637, 44.1292812, 1142.09765625 ], [ -72.9289982, 44.1293336, 1140.69921875 ], [ -72.929068, 44.129374, 1139.0 ], [ -72.929108, 44.129433, 1137.59765625 ], [ -72.929107, 44.129474, 1137.09765625 ], [ -72.929113, 44.129517, 1136.5 ], [ -72.929112, 44.12956, 1136.09765625 ], [ -72.9291, 44.129608, 1135.796875 ], [ -72.929077, 44.129656, 1135.69921875 ], [ -72.929074, 44.129756, 1135.09765625 ], [ -72.929061, 44.12981, 1134.8984375 ], [ -72.929034, 44.129876, 1134.8984375 ], [ -72.928976, 44.129988, 1135.19921875 ], [ -72.928932, 44.130072, 1135.69921875 ], [ -72.928917, 44.130127, 1135.59765625 ], [ -72.92889, 44.130167, 1135.8984375 ], [ -72.9288863, 44.1302214, 1135.69921875 ], [ -72.928868, 44.130336, 1135.296875 ], [ -72.928849, 44.130369, 1135.296875 ], [ -72.928791, 44.130399, 1135.3984375 ], [ -72.928769, 44.130475, 1135.5 ], [ -72.928757, 44.130521, 1135.5 ], [ -72.928744, 44.130562, 1135.5 ], [ -72.928744, 44.13061, 1135.5 ], [ -72.928733, 44.130668, 1135.3984375 ], [ -72.928747, 44.130712, 1135.5 ], [ -72.928752, 44.130836, 1135.5 ], [ -72.928798, 44.130898, 1135.8984375 ], [ -72.928827, 44.130938, 1136.296875 ], [ -72.928848, 44.130983, 1136.59765625 ], [ -72.928845, 44.131074, 1136.8984375 ], [ -72.9288289, 44.1311573, 1136.8984375 ], [ -72.928832, 44.131269, 1137.296875 ], [ -72.928805, 44.131314, 1137.3984375 ], [ -72.928805, 44.131421, 1138.3984375 ], [ -72.92882, 44.131495, 1139.296875 ], [ -72.928842, 44.131555, 1140.19921875 ], [ -72.928859, 44.131626, 1141.09765625 ], [ -72.928864, 44.131667, 1141.3984375 ], [ -72.928884, 44.131753, 1142.3984375 ], [ -72.928889, 44.13179, 1142.8984375 ], [ -72.928944, 44.1318769, 1144.09765625 ], [ -72.9290352, 44.1319572, 1145.19921875 ], [ -72.929062, 44.1320908, 1147.09765625 ], [ -72.929065, 44.132221, 1149.5 ], [ -72.9290565, 44.1322975, 1150.8984375 ], [ -72.929042, 44.132387, 1152.296875 ], [ -72.929035, 44.132441, 1152.796875 ], [ -72.929001, 44.132462, 1153.09765625 ], [ -72.928992, 44.132548, 1154.19921875 ], [ -72.928984, 44.132587, 1154.796875 ], [ -72.928976, 44.132662, 1155.5 ], [ -72.92897, 44.132684, 1155.796875 ], [ -72.928969, 44.132719, 1156.09765625 ], [ -72.928965, 44.132723, 1156.09765625 ], [ -72.928962, 44.132811, 1157.0 ], [ -72.928936, 44.13286, 1157.69921875 ], [ -72.928936, 44.132865, 1157.796875 ], [ -72.928705, 44.13311, 1160.3984375 ], [ -72.928705, 44.133174, 1160.59765625 ], [ -72.928714, 44.133216, 1160.296875 ], [ -72.928697, 44.133244, 1160.296875 ], [ -72.92868, 44.133287, 1160.19921875 ], [ -72.928664, 44.133338, 1160.296875 ], [ -72.928619, 44.133371, 1161.09765625 ], [ -72.928571, 44.133419, 1160.19921875 ], [ -72.928538, 44.133468, 1159.5 ], [ -72.928509, 44.133521, 1158.3984375 ], [ -72.928504, 44.133571, 1157.8984375 ], [ -72.928512, 44.133625, 1157.59765625 ], [ -72.928513, 44.133669, 1157.296875 ], [ -72.928511, 44.13369, 1157.09765625 ], [ -72.928491, 44.133742, 1156.59765625 ], [ -72.928479, 44.133799, 1155.69921875 ], [ -72.928465, 44.133852, 1154.8984375 ], [ -72.928476, 44.133902, 1154.09765625 ], [ -72.928465, 44.133991, 1152.59765625 ], [ -72.928448, 44.134048, 1151.796875 ], [ -72.928399, 44.134103, 1151.59765625 ], [ -72.928391, 44.134155, 1150.8984375 ], [ -72.928391, 44.134171, 1150.69921875 ], [ -72.928382, 44.134301, 1149.19921875 ], [ -72.92838, 44.134307, 1149.0 ], [ -72.928378, 44.134315, 1148.796875 ], [ -72.928373, 44.134328, 1148.69921875 ], [ -72.928337, 44.134332, 1149.296875 ], [ -72.9283, 44.134395, 1147.5 ], [ -72.9282213, 44.1345274, 1145.3984375 ], [ -72.928186, 44.134579, 1145.09765625 ], [ -72.92816, 44.134644, 1144.5 ], [ -72.928137, 44.134687, 1143.8984375 ], [ -72.928119, 44.134745, 1143.09765625 ], [ -72.928116, 44.134791, 1142.3984375 ], [ -72.928088, 44.134874, 1141.3984375 ], [ -72.928082, 44.134918, 1141.0 ], [ -72.928077, 44.134958, 1140.5 ], [ -72.92806, 44.135011, 1140.296875 ], [ -72.928028, 44.135066, 1139.5 ], [ -72.928003, 44.135125, 1138.69921875 ], [ -72.927987, 44.135156, 1138.19921875 ], [ -72.927969, 44.135196, 1137.59765625 ], [ -72.927963, 44.135258, 1136.69921875 ], [ -72.927961, 44.135319, 1135.8984375 ], [ -72.92796, 44.135383, 1135.09765625 ], [ -72.927929, 44.135445, 1134.09765625 ], [ -72.927923, 44.135464, 1133.8984375 ], [ -72.927943, 44.135498, 1133.3984375 ], [ -72.927942, 44.135517, 1133.09765625 ], [ -72.927961, 44.135584, 1132.296875 ], [ -72.928006, 44.135638, 1131.59765625 ], [ -72.928025, 44.135732, 1130.69921875 ], [ -72.928009, 44.135786, 1130.296875 ], [ -72.928002, 44.135881, 1129.69921875 ], [ -72.92799, 44.13591, 1129.59765625 ], [ -72.927935, 44.136026, 1129.296875 ], [ -72.927896, 44.136079, 1129.69921875 ], [ -72.927884, 44.136129, 1129.8984375 ], [ -72.927843, 44.136158, 1130.5 ], [ -72.927771, 44.136216, 1131.796875 ], [ -72.92771, 44.136252, 1132.0 ], [ -72.9276299, 44.1363226, 1132.5 ], [ -72.9275763, 44.1364325, 1133.59765625 ], [ -72.927522, 44.13652, 1134.796875 ], [ -72.927509, 44.136559, 1135.3984375 ], [ -72.927521, 44.13663, 1136.296875 ], [ -72.927534, 44.136693, 1137.09765625 ], [ -72.927573, 44.136743, 1137.59765625 ], [ -72.927603, 44.136798, 1138.19921875 ], [ -72.927632, 44.136853, 1138.09765625 ], [ -72.927639, 44.136903, 1138.19921875 ], [ -72.927676, 44.136994, 1138.09765625 ], [ -72.927692, 44.137015, 1138.19921875 ], [ -72.927721, 44.137093, 1138.19921875 ], [ -72.927758, 44.137154, 1137.59765625 ], [ -72.92779, 44.137186, 1136.8984375 ], [ -72.92783, 44.137321, 1135.09765625 ], [ -72.927799, 44.137408, 1135.5 ], [ -72.927782, 44.137454, 1135.8984375 ], [ -72.92774, 44.137502, 1136.09765625 ], [ -72.927719, 44.137551, 1136.19921875 ], [ -72.927682, 44.137621, 1136.3984375 ], [ -72.927618, 44.137662, 1136.796875 ], [ -72.927553, 44.137715, 1137.59765625 ], [ -72.927509, 44.137759, 1138.296875 ], [ -72.927463, 44.137806, 1138.296875 ], [ -72.927465, 44.137851, 1138.796875 ], [ -72.927492, 44.137911, 1139.796875 ], [ -72.927522, 44.137965, 1140.296875 ], [ -72.92753, 44.137996, 1140.3984375 ], [ -72.92756, 44.138071, 1140.8984375 ], [ -72.927566, 44.138127, 1141.3984375 ], [ -72.927566, 44.138177, 1141.8984375 ], [ -72.927596, 44.138222, 1142.296875 ], [ -72.927638, 44.138252, 1142.796875 ], [ -72.927666, 44.138298, 1143.69921875 ], [ -72.927697, 44.13833, 1144.3984375 ], [ -72.927752, 44.1384, 1146.09765625 ], [ -72.927794, 44.138457, 1147.3984375 ], [ -72.927812, 44.138516, 1148.0 ], [ -72.927845, 44.138564, 1147.69921875 ], [ -72.92786, 44.138595, 1148.296875 ], [ -72.927847, 44.138643, 1149.3984375 ], [ -72.927806, 44.138687, 1151.296875 ], [ -72.92777, 44.138726, 1152.5 ], [ -72.927728, 44.138778, 1152.796875 ], [ -72.927734, 44.138821, 1154.19921875 ], [ -72.927736, 44.13886, 1155.8984375 ], [ -72.92777, 44.138905, 1158.5 ], [ -72.927796, 44.138967, 1160.19921875 ], [ -72.927805, 44.139, 1160.8984375 ], [ -72.92781, 44.139048, 1162.0 ], [ -72.927825, 44.139105, 1161.796875 ], [ -72.927818, 44.139156, 1162.59765625 ], [ -72.927793, 44.139205, 1163.8984375 ], [ -72.927813, 44.139257, 1163.69921875 ], [ -72.927834, 44.139293, 1163.3984375 ], [ -72.927856, 44.139331, 1162.296875 ], [ -72.927856, 44.139383, 1161.59765625 ], [ -72.927884, 44.139427, 1160.5 ], [ -72.927908, 44.139464, 1159.69921875 ], [ -72.92792, 44.139489, 1159.296875 ], [ -72.927922, 44.139518, 1159.0 ], [ -72.927919, 44.139562, 1158.69921875 ], [ -72.927916, 44.139615, 1158.09765625 ], [ -72.927924, 44.139664, 1157.69921875 ], [ -72.92796, 44.139724, 1157.5 ], [ -72.928018, 44.139774, 1158.09765625 ], [ -72.928067, 44.139814, 1158.59765625 ], [ -72.928098, 44.139863, 1158.5 ], [ -72.928106, 44.139917, 1157.796875 ], [ -72.928097, 44.139974, 1157.296875 ], [ -72.928091, 44.14003, 1156.59765625 ], [ -72.928099, 44.140086, 1155.8984375 ], [ -72.928127, 44.140127, 1155.59765625 ], [ -72.928173, 44.140155, 1155.5 ], [ -72.928239, 44.140186, 1155.59765625 ], [ -72.928274, 44.140223, 1155.5 ], [ -72.928317, 44.140254, 1155.59765625 ], [ -72.928334, 44.140297, 1155.19921875 ], [ -72.928345, 44.140322, 1155.0 ], [ -72.9283643, 44.1403674, 1154.3984375 ], [ -72.928394, 44.140403, 1154.09765625 ], [ -72.928433, 44.140425, 1153.69921875 ], [ -72.928471, 44.14048, 1152.5 ], [ -72.928341, 44.140593, 1149.59765625 ], [ -72.928269, 44.140641, 1147.59765625 ], [ -72.9282133, 44.1406643, 1146.3984375 ], [ -72.9281427, 44.1406815, 1145.19921875 ], [ -72.9279993, 44.1407242, 1143.0 ], [ -72.9278124, 44.1407778, 1140.59765625 ], [ -72.927645, 44.140815, 1140.3984375 ], [ -72.927596, 44.140835, 1140.3984375 ], [ -72.9275503, 44.1408614, 1140.5 ], [ -72.9275009, 44.1408798, 1140.69921875 ], [ -72.927488, 44.140917, 1140.5 ], [ -72.92752, 44.140956, 1139.8984375 ], [ -72.927545, 44.141004, 1139.296875 ], [ -72.92757, 44.141056, 1138.5 ], [ -72.927594, 44.141114, 1137.69921875 ], [ -72.927611, 44.141179, 1136.69921875 ], [ -72.927549, 44.141477, 1135.59765625 ], [ -72.927605, 44.141585, 1133.8984375 ], [ -72.9275291, 44.1420716, 1131.19921875 ], [ -72.9275827, 44.1422257, 1131.19921875 ], [ -72.927694, 44.1426223, 1134.0 ], [ -72.9276774, 44.1430537, 1139.19921875 ], [ -72.9277444, 44.1431726, 1142.0 ], [ -72.9279309, 44.1432406, 1142.69921875 ], [ -72.9279838, 44.1433419, 1142.69921875 ], [ -72.9279103, 44.1435439, 1144.3984375 ], [ -72.927833, 44.143713, 1147.19921875 ], [ -72.9276547, 44.1439705, 1152.0 ], [ -72.9275837, 44.1441232, 1153.796875 ], [ -72.927468, 44.144304, 1155.0 ], [ -72.9273533, 44.144642, 1155.59765625 ], [ -72.9273121, 44.1448746, 1156.3984375 ], [ -72.9271609, 44.1450645, 1160.3984375 ], [ -72.9269226, 44.1453038, 1167.3984375 ], [ -72.9267814, 44.1456031, 1164.59765625 ], [ -72.9267008, 44.1459076, 1162.19921875 ], [ -72.9264759, 44.1460668, 1161.296875 ], [ -72.9263637, 44.1463332, 1163.0 ], [ -72.9263633, 44.1465307, 1164.09765625 ], [ -72.9262872, 44.146733, 1162.0 ], [ -72.926272, 44.146901, 1160.59765625 ], [ -72.9261136, 44.1471331, 1161.0 ], [ -72.925994, 44.1473432, 1161.3984375 ], [ -72.9259317, 44.1475539, 1162.796875 ], [ -72.9259438, 44.1478849, 1165.796875 ], [ -72.9259996, 44.1480406, 1168.0 ], [ -72.9260128, 44.1481908, 1170.59765625 ], [ -72.9259373, 44.1483154, 1173.0 ], [ -72.925935, 44.148562, 1177.296875 ], [ -72.9259583, 44.1488822, 1180.69921875 ], [ -72.9260906, 44.1490594, 1180.3984375 ], [ -72.9262874, 44.1491809, 1178.296875 ], [ -72.9265859, 44.1494709, 1173.296875 ], [ -72.9266101, 44.1496715, 1173.296875 ], [ -72.9266124, 44.1499664, 1171.59765625 ], [ -72.926785, 44.15012, 1169.8984375 ], [ -72.92682, 44.15015, 1169.296875 ], [ -72.926897, 44.150228, 1168.296875 ], [ -72.926964, 44.150304, 1167.796875 ], [ -72.926954, 44.150411, 1168.0 ], [ -72.926984, 44.150525, 1168.796875 ], [ -72.926995, 44.150553, 1169.0 ], [ -72.927065, 44.150605, 1170.09765625 ], [ -72.927117, 44.150675, 1171.59765625 ], [ -72.927119, 44.150719, 1172.3984375 ], [ -72.927119, 44.15072, 1172.3984375 ], [ -72.927173, 44.150906, 1177.09765625 ], [ -72.927174, 44.150909, 1177.09765625 ], [ -72.9272802, 44.1510818, 1181.5 ], [ -72.927506, 44.15117, 1183.5 ], [ -72.927672, 44.151541, 1187.69921875 ], [ -72.927686, 44.151614, 1188.296875 ], [ -72.927549, 44.152, 1198.59765625 ], [ -72.927412, 44.152122, 1201.3984375 ], [ -72.927435, 44.152199, 1203.5 ], [ -72.92744, 44.15222, 1203.8984375 ], [ -72.927441, 44.15225, 1204.59765625 ], [ -72.927428, 44.152299, 1205.296875 ], [ -72.927423, 44.152322, 1205.296875 ], [ -72.927433, 44.152387, 1206.5 ], [ -72.92747, 44.152435, 1208.09765625 ], [ -72.927497, 44.152489, 1209.5 ], [ -72.927507, 44.152542, 1209.5 ], [ -72.927526, 44.152577, 1209.3984375 ], [ -72.927567, 44.152626, 1209.19921875 ], [ -72.927594, 44.152678, 1209.296875 ], [ -72.927626, 44.152733, 1209.5 ], [ -72.927644, 44.152788, 1210.09765625 ], [ -72.927665, 44.152848, 1211.0 ], [ -72.927667, 44.152905, 1211.69921875 ], [ -72.927684, 44.152964, 1212.296875 ], [ -72.9277, 44.153012, 1213.09765625 ], [ -72.9277328, 44.1530743, 1214.296875 ], [ -72.9277608, 44.1531219, 1215.5 ], [ -72.927829, 44.153221, 1215.69921875 ], [ -72.927839, 44.153233, 1215.5 ], [ -72.927845, 44.153373, 1217.59765625 ], [ -72.927886, 44.153448, 1218.8984375 ], [ -72.927903, 44.153479, 1219.5 ], [ -72.9279409, 44.1535339, 1220.09765625 ], [ -72.927995, 44.153575, 1221.0 ], [ -72.928057, 44.1536, 1221.59765625 ], [ -72.9280542, 44.1536327, 1222.19921875 ], [ -72.9280413, 44.1536666, 1222.59765625 ], [ -72.9280349, 44.1537328, 1223.296875 ], [ -72.9280387, 44.1537683, 1223.3984375 ], [ -72.9280317, 44.1538134, 1222.69921875 ], [ -72.9280357, 44.1538739, 1222.0 ], [ -72.928037, 44.153941, 1221.0 ], [ -72.928036, 44.15398, 1220.3984375 ], [ -72.928028, 44.154041, 1219.19921875 ], [ -72.928027, 44.154077, 1218.19921875 ], [ -72.928008, 44.154096, 1217.3984375 ], [ -72.9279918, 44.1541288, 1216.296875 ], [ -72.9279729, 44.1541594, 1215.296875 ], [ -72.927969, 44.154189, 1214.59765625 ], [ -72.9279768, 44.154216, 1214.0 ], [ -72.9279798, 44.1542362, 1213.5 ], [ -72.9279798, 44.154276, 1212.5 ], [ -72.927986, 44.154317, 1211.8984375 ], [ -72.928, 44.154344, 1211.8984375 ], [ -72.9280218, 44.1543758, 1211.8984375 ], [ -72.928026, 44.15442, 1211.69921875 ], [ -72.928066, 44.154462, 1212.0 ], [ -72.9281002, 44.154495, 1212.0 ], [ -72.928116, 44.15453, 1212.0 ], [ -72.928146, 44.154588, 1212.0 ], [ -72.928189, 44.154643, 1212.5 ], [ -72.928239, 44.154686, 1212.69921875 ], [ -72.928258, 44.154707, 1212.796875 ], [ -72.928259, 44.154762, 1212.59765625 ], [ -72.9282134, 44.1548539, 1212.5 ], [ -72.9281121, 44.1550016, 1214.296875 ], [ -72.928072, 44.1550933, 1216.59765625 ], [ -72.9280585, 44.1551934, 1217.5 ], [ -72.928021, 44.155239, 1217.5 ], [ -72.927982, 44.155281, 1218.0 ], [ -72.927977, 44.155288, 1218.0 ], [ -72.927911, 44.155342, 1219.69921875 ], [ -72.927884, 44.155363, 1220.69921875 ], [ -72.9278512, 44.1554011, 1222.296875 ], [ -72.9277878, 44.1554467, 1224.3984375 ], [ -72.927763, 44.155481, 1224.296875 ], [ -72.9277474, 44.1555182, 1223.796875 ], [ -72.9277196, 44.1555557, 1222.8984375 ], [ -72.9277159, 44.1555805, 1222.69921875 ], [ -72.92774, 44.155607, 1222.8984375 ], [ -72.927763, 44.155628, 1223.09765625 ], [ -72.927754, 44.155762, 1222.5 ], [ -72.9277878, 44.1559882, 1223.59765625 ], [ -72.9278067, 44.1561768, 1222.296875 ], [ -72.9278911, 44.156354, 1221.59765625 ], [ -72.9279913, 44.1564232, 1222.5 ], [ -72.928038, 44.156527, 1223.69921875 ], [ -72.928063, 44.15658, 1223.8984375 ], [ -72.928091, 44.15661, 1222.8984375 ], [ -72.9281294, 44.1566856, 1221.8984375 ], [ -72.9282232, 44.1567624, 1220.09765625 ], [ -72.928295, 44.156969, 1221.0 ], [ -72.928276, 44.157044, 1221.8984375 ], [ -72.928313, 44.157124, 1223.09765625 ], [ -72.9283588, 44.1572635, 1224.19921875 ], [ -72.928496, 44.157525, 1224.19921875 ], [ -72.9285619, 44.1577316, 1226.0 ], [ -72.9285541, 44.1578772, 1227.296875 ], [ -72.9285008, 44.1579908, 1227.59765625 ], [ -72.9284943, 44.1580838, 1228.0 ], [ -72.9285297, 44.1583465, 1228.296875 ], [ -72.9285658, 44.1585719, 1228.19921875 ], [ -72.928574, 44.158835, 1229.59765625 ], [ -72.928491, 44.15911, 1232.0 ], [ -72.9284387, 44.1592876, 1233.5 ], [ -72.9284075, 44.159596, 1235.69921875 ], [ -72.9284239, 44.1597713, 1237.59765625 ], [ -72.928445, 44.1598267, 1239.0 ], [ -72.9284906, 44.1598536, 1240.296875 ], [ -72.9285456, 44.1598767, 1241.8984375 ], [ -72.9286368, 44.1598825, 1243.3984375 ], [ -72.9286985, 44.1598998, 1242.69921875 ], [ -72.9287978, 44.1599758, 1241.5 ], [ -72.9288179, 44.1600008, 1241.3984375 ], [ -72.9288286, 44.1600297, 1241.19921875 ], [ -72.9288282, 44.1601235, 1240.5 ], [ -72.9288803, 44.1601813, 1240.296875 ], [ -72.9289628, 44.160215, 1239.09765625 ], [ -72.9290922, 44.1603052, 1237.3984375 ], [ -72.9292001, 44.1604145, 1236.296875 ], [ -72.9292645, 44.1603501, 1234.8984375 ], [ -72.9293007, 44.1603154, 1234.0 ], [ -72.9293785, 44.1602952, 1232.09765625 ], [ -72.9294361, 44.1603001, 1230.69921875 ], [ -72.9294898, 44.1603222, 1229.19921875 ], [ -72.9295461, 44.1603664, 1227.3984375 ], [ -72.929589, 44.1604165, 1226.296875 ], [ -72.9296333, 44.1604703, 1224.59765625 ], [ -72.9297104, 44.1604694, 1222.0 ], [ -72.9297781, 44.1604742, 1220.0 ], [ -72.9298425, 44.1605146, 1217.8984375 ], [ -72.9298639, 44.1605512, 1217.09765625 ], [ -72.9298639, 44.1606031, 1216.69921875 ], [ -72.9298586, 44.1607224, 1215.59765625 ], [ -72.929897, 44.1611179, 1205.69921875 ], [ -72.9299256, 44.1612386, 1201.5 ], [ -72.929935, 44.1612506, 1200.8984375 ], [ -72.9299518, 44.1612559, 1200.3984375 ], [ -72.9299746, 44.1612487, 1200.0 ], [ -72.9300738, 44.1612135, 1198.19921875 ], [ -72.9301243, 44.1612155, 1196.69921875 ], [ -72.9301486, 44.1612609, 1194.8984375 ], [ -72.9301101, 44.1614495, 1190.59765625 ], [ -72.930034, 44.161623, 1188.09765625 ], [ -72.9299509, 44.1619208, 1182.296875 ], [ -72.9298802, 44.1620247, 1182.0 ], [ -72.929819, 44.162226, 1178.5 ], [ -72.9298038, 44.1624824, 1173.19921875 ], [ -72.929845, 44.162937, 1164.09765625 ], [ -72.9299042, 44.1632815, 1159.296875 ], [ -72.9299364, 44.1633017, 1158.19921875 ], [ -72.9299738, 44.1633039, 1157.5 ], [ -72.9300115, 44.1633008, 1156.59765625 ], [ -72.9300584, 44.1632786, 1155.59765625 ], [ -72.9301308, 44.1632296, 1154.3984375 ], [ -72.9301845, 44.1631795, 1153.5 ], [ -72.9301965, 44.163144, 1153.19921875 ], [ -72.9302222, 44.1631136, 1152.796875 ], [ -72.9302421, 44.1631064, 1152.296875 ], [ -72.9302728, 44.1631112, 1151.5 ], [ -72.9302944, 44.1631459, 1150.8984375 ], [ -72.9303043, 44.1631814, 1150.5 ], [ -72.9303589, 44.1634327, 1147.5 ], [ -72.9302807, 44.1636101, 1148.0 ], [ -72.9301456, 44.1637722, 1149.59765625 ], [ -72.9301134, 44.1638203, 1150.0 ], [ -72.930108, 44.1638684, 1149.5 ], [ -72.9301161, 44.163903, 1149.0 ], [ -72.9301697, 44.1639396, 1147.69921875 ], [ -72.9302088, 44.1639775, 1146.59765625 ], [ -72.930255, 44.1640646, 1144.8984375 ], [ -72.9302502, 44.164309, 1141.3984375 ], [ -72.9302811, 44.1644647, 1138.09765625 ], [ -72.93029, 44.16457, 1135.796875 ], [ -72.9302816, 44.1647014, 1133.0 ], [ -72.9301951, 44.1648598, 1129.59765625 ], [ -72.9300885, 44.1648957, 1129.5 ], [ -72.929921, 44.164919, 1130.09765625 ], [ -72.9297779, 44.1649705, 1129.796875 ], [ -72.9297098, 44.1650737, 1128.3984375 ], [ -72.9296544, 44.1653316, 1124.296875 ], [ -72.9296084, 44.1655757, 1120.69921875 ], [ -72.9294058, 44.1657857, 1120.5 ], [ -72.9292642, 44.165887, 1118.19921875 ], [ -72.9292305, 44.1659448, 1117.09765625 ], [ -72.9292649, 44.1660013, 1116.09765625 ], [ -72.9293023, 44.1661883, 1112.59765625 ], [ -72.9293489, 44.1662831, 1111.59765625 ], [ -72.9293999, 44.1663235, 1111.8984375 ], [ -72.9295072, 44.1663793, 1110.3984375 ], [ -72.9295791, 44.1663934, 1108.59765625 ], [ -72.9296574, 44.166412, 1106.296875 ], [ -72.9296815, 44.166462, 1105.09765625 ], [ -72.929666, 44.1665043, 1104.8984375 ], [ -72.929485, 44.166693, 1106.5 ], [ -72.9295949, 44.1671667, 1094.8984375 ], [ -72.9295796, 44.1672912, 1092.19921875 ], [ -72.9295796, 44.1673297, 1091.19921875 ], [ -72.9295474, 44.1673547, 1090.69921875 ], [ -72.9295018, 44.1673816, 1090.09765625 ], [ -72.9294598, 44.1674384, 1089.5 ], [ -72.9294401, 44.1674721, 1089.09765625 ], [ -72.9294428, 44.1675144, 1088.796875 ], [ -72.9294428, 44.167551, 1088.5 ], [ -72.9295501, 44.167626, 1088.3984375 ], [ -72.9295938, 44.1676583, 1088.5 ], [ -72.9296022, 44.1677377, 1088.59765625 ], [ -72.929636, 44.168501, 1085.296875 ], [ -72.9296431, 44.168629, 1083.8984375 ], [ -72.9296887, 44.1686761, 1084.796875 ], [ -72.9296921, 44.1687284, 1084.296875 ], [ -72.9296343, 44.1687858, 1081.8984375 ], [ -72.9295754, 44.1692121, 1075.0 ], [ -72.929644, 44.169471, 1071.796875 ], [ -72.9297618, 44.1695505, 1072.19921875 ], [ -72.9298525, 44.1696669, 1070.8984375 ], [ -72.929889, 44.169945, 1070.19921875 ], [ -72.9298076, 44.1701527, 1072.09765625 ], [ -72.9297626, 44.1704644, 1072.59765625 ], [ -72.9297182, 44.1705299, 1072.69921875 ], [ -72.9296292, 44.1708367, 1069.0 ], [ -72.9295475, 44.1708747, 1067.296875 ], [ -72.9294956, 44.1710523, 1066.3984375 ], [ -72.9293819, 44.1711895, 1063.0 ], [ -72.9292499, 44.1712563, 1057.69921875 ], [ -72.9292108, 44.1713458, 1056.59765625 ], [ -72.9291947, 44.171644, 1056.8984375 ], [ -72.9291353, 44.1717183, 1055.19921875 ], [ -72.9290475, 44.1721324, 1050.5 ], [ -72.9290654, 44.1722567, 1049.19921875 ], [ -72.9292166, 44.1723647, 1051.59765625 ], [ -72.9295051, 44.1725586, 1052.0 ], [ -72.9297479, 44.1728021, 1049.796875 ], [ -72.9298421, 44.1730135, 1046.19921875 ], [ -72.9298356, 44.1732901, 1048.3984375 ], [ -72.9298189, 44.1738929, 1055.796875 ], [ -72.9297704, 44.1740312, 1058.296875 ], [ -72.9298046, 44.1741187, 1059.19921875 ], [ -72.9299556, 44.1743267, 1061.296875 ], [ -72.9299297, 44.1747238, 1062.69921875 ], [ -72.9298685, 44.1749579, 1060.5 ], [ -72.929888, 44.175116, 1060.09765625 ], [ -72.9299325, 44.1751915, 1061.19921875 ], [ -72.930128, 44.1753056, 1063.5 ], [ -72.9303123, 44.1754775, 1063.69921875 ], [ -72.9303752, 44.1756377, 1063.09765625 ], [ -72.9304972, 44.175702, 1063.0 ], [ -72.9306123, 44.1757503, 1063.19921875 ], [ -72.9306847, 44.1757715, 1063.3984375 ], [ -72.9307705, 44.1757772, 1063.796875 ], [ -72.9308403, 44.1757946, 1064.0 ], [ -72.9309046, 44.1758157, 1063.8984375 ], [ -72.9310951, 44.1759081, 1063.796875 ], [ -72.9312184, 44.1759638, 1063.8984375 ], [ -72.9312694, 44.1760196, 1063.8984375 ], [ -72.931366, 44.1761158, 1064.0 ], [ -72.9314572, 44.1761851, 1063.3984375 ], [ -72.931551, 44.1762409, 1063.296875 ], [ -72.9316074, 44.1762928, 1063.5 ], [ -72.931625, 44.176373, 1063.8984375 ], [ -72.9316134, 44.1766306, 1066.8984375 ], [ -72.9314892, 44.1767455, 1067.796875 ], [ -72.931463, 44.176854, 1068.296875 ], [ -72.9316621, 44.1773178, 1070.5 ], [ -72.9317002, 44.1777551, 1066.09765625 ], [ -72.9317697, 44.1778285, 1064.8984375 ], [ -72.9318677, 44.1780958, 1058.0 ], [ -72.9318143, 44.1783262, 1052.09765625 ], [ -72.9316866, 44.1784897, 1048.8984375 ], [ -72.9314793, 44.1785728, 1048.0 ], [ -72.9313028, 44.1785797, 1049.19921875 ], [ -72.9311638, 44.1786182, 1049.59765625 ], [ -72.9305396, 44.1789991, 1046.59765625 ], [ -72.9303663, 44.1791783, 1044.69921875 ], [ -72.9303253, 44.1794028, 1043.5 ], [ -72.9302944, 44.1795352, 1042.19921875 ], [ -72.9302716, 44.1795889, 1041.8984375 ], [ -72.9302626, 44.1796954, 1039.796875 ], [ -72.9301424, 44.1798247, 1040.5 ], [ -72.9299826, 44.1799087, 1044.09765625 ], [ -72.9299005, 44.1799558, 1044.5 ], [ -72.9298772, 44.1799692, 1044.59765625 ], [ -72.9296852, 44.1800626, 1046.0 ], [ -72.9295416, 44.1801509, 1048.19921875 ], [ -72.9294043, 44.1801817, 1050.796875 ], [ -72.9293535, 44.1802337, 1053.0 ], [ -72.9292841, 44.1803428, 1057.19921875 ], [ -72.9293013, 44.1804956, 1061.5 ], [ -72.9293138, 44.1806674, 1066.19921875 ], [ -72.9294129, 44.1811588, 1076.0 ], [ -72.9294496, 44.1813414, 1078.19921875 ], [ -72.9294316, 44.1817509, 1085.0 ], [ -72.9294386, 44.1819975, 1088.09765625 ], [ -72.9294153, 44.1824186, 1091.8984375 ], [ -72.9293311, 44.1827329, 1091.796875 ], [ -72.9292148, 44.1829836, 1092.5 ], [ -72.9292031, 44.1831502, 1095.296875 ], [ -72.929186, 44.1834053, 1101.19921875 ], [ -72.9290806, 44.1835107, 1102.796875 ], [ -72.9289558, 44.1836675, 1106.8984375 ], [ -72.9288995, 44.1839534, 1114.09765625 ], [ -72.9288238, 44.1843055, 1114.19921875 ], [ -72.9288785, 44.1848562, 1110.8984375 ], [ -72.9290096, 44.1851992, 1103.5 ], [ -72.9289893, 44.1855278, 1102.69921875 ], [ -72.9289463, 44.1857935, 1103.69921875 ], [ -72.9288356, 44.1865141, 1106.69921875 ], [ -72.9288356, 44.1869242, 1108.8984375 ], [ -72.9287764, 44.1874042, 1111.0 ], [ -72.9289293, 44.1876864, 1108.296875 ], [ -72.9290034, 44.187962, 1105.19921875 ], [ -72.9292068, 44.1884398, 1101.0 ], [ -72.9294083, 44.1886637, 1095.3984375 ], [ -72.9295947, 44.1889586, 1092.796875 ], [ -72.9296345, 44.1891553, 1092.796875 ], [ -72.9298004, 44.1894704, 1094.0 ], [ -72.9299903, 44.1896787, 1096.0 ], [ -72.9301449, 44.1898409, 1098.19921875 ], [ -72.9302368, 44.1899987, 1100.5 ], [ -72.9303534, 44.1901561, 1102.0 ], [ -72.9304166, 44.1903161, 1100.8984375 ], [ -72.9305539, 44.1905007, 1101.3984375 ], [ -72.9306741, 44.1906546, 1099.59765625 ], [ -72.9307599, 44.1907961, 1100.296875 ], [ -72.930867, 44.1909657, 1101.8984375 ], [ -72.9310174, 44.1912269, 1104.69921875 ], [ -72.9310575, 44.1912879, 1105.69921875 ], [ -72.9310977, 44.1913081, 1106.296875 ], [ -72.9311573, 44.1913173, 1105.5 ], [ -72.9311835, 44.191335, 1105.5 ], [ -72.9311854, 44.1913581, 1105.69921875 ], [ -72.9311847, 44.1913814, 1106.296875 ], [ -72.9310888, 44.1914531, 1109.0 ], [ -72.9310387, 44.1914975, 1109.19921875 ], [ -72.9310119, 44.191536, 1109.09765625 ], [ -72.9310736, 44.1916129, 1110.09765625 ], [ -72.931256, 44.1918533, 1109.5 ], [ -72.9313713, 44.191961, 1107.69921875 ], [ -72.9315094, 44.1920254, 1104.69921875 ], [ -72.9316124, 44.19205, 1102.8984375 ], [ -72.9317039, 44.1920629, 1101.09765625 ], [ -72.9318166, 44.1920956, 1097.69921875 ], [ -72.931897, 44.192136, 1094.8984375 ], [ -72.9319775, 44.1922245, 1092.09765625 ], [ -72.9320365, 44.192261, 1090.796875 ], [ -72.9320982, 44.1922995, 1089.8984375 ], [ -72.9322162, 44.1923456, 1089.0 ], [ -72.9323021, 44.192361, 1088.3984375 ], [ -72.9324281, 44.1923668, 1087.5 ], [ -72.9325086, 44.1923783, 1086.8984375 ], [ -72.932581, 44.1924283, 1086.19921875 ], [ -72.9326423, 44.1924931, 1085.69921875 ], [ -72.9328054, 44.1927208, 1084.3984375 ], [ -72.932988, 44.1928859, 1083.19921875 ], [ -72.9331981, 44.1929925, 1081.796875 ], [ -72.9334749, 44.1931762, 1080.8984375 ], [ -72.9335521, 44.1933116, 1080.59765625 ], [ -72.9336324, 44.1935486, 1080.59765625 ], [ -72.9337308, 44.1935957, 1079.796875 ], [ -72.9338405, 44.193651, 1079.5 ], [ -72.9340671, 44.1937485, 1077.3984375 ], [ -72.9341701, 44.1938531, 1077.0 ], [ -72.9341752, 44.1939724, 1078.296875 ], [ -72.934246, 44.194094, 1078.796875 ], [ -72.9343694, 44.1941485, 1078.59765625 ], [ -72.9346162, 44.1943164, 1080.09765625 ], [ -72.9348396, 44.1945055, 1083.09765625 ], [ -72.9349254, 44.1946224, 1085.19921875 ], [ -72.9350456, 44.1948562, 1085.796875 ], [ -72.9351386, 44.1951423, 1084.5 ], [ -72.9352511, 44.195384, 1081.3984375 ], [ -72.9352963, 44.1955223, 1078.3984375 ], [ -72.9352611, 44.1955781, 1077.3984375 ], [ -72.9352444, 44.1956207, 1076.5 ], [ -72.9352149, 44.1956399, 1075.8984375 ], [ -72.935172, 44.1956514, 1075.59765625 ], [ -72.9351291, 44.1956572, 1075.19921875 ], [ -72.9350808, 44.1956995, 1074.19921875 ], [ -72.9350379, 44.1957663, 1072.69921875 ], [ -72.9350245, 44.1958418, 1071.3984375 ], [ -72.9350403, 44.1958992, 1070.296875 ], [ -72.9351261, 44.1960521, 1066.296875 ], [ -72.9351667, 44.1961149, 1064.296875 ], [ -72.9351548, 44.1962039, 1061.19921875 ], [ -72.9351966, 44.1964284, 1054.796875 ], [ -72.9353251, 44.1966092, 1050.3984375 ], [ -72.9353717, 44.1967331, 1046.59765625 ], [ -72.9353571, 44.1968341, 1043.69921875 ], [ -72.9353383, 44.1968783, 1042.5 ], [ -72.9353061, 44.1968995, 1042.09765625 ], [ -72.9352605, 44.1968995, 1042.0 ], [ -72.9351693, 44.1968956, 1040.296875 ], [ -72.9349909, 44.1968877, 1037.19921875 ], [ -72.9348665, 44.1969457, 1029.8984375 ], [ -72.9348841, 44.1970612, 1025.796875 ], [ -72.9348797, 44.1971052, 1023.59765625 ], [ -72.934877, 44.1971418, 1022.19921875 ], [ -72.9348421, 44.1971687, 1019.296875 ], [ -72.9348046, 44.1971687, 1017.69921875 ], [ -72.9347429, 44.1971822, 1014.8984375 ], [ -72.934716, 44.1972168, 1012.5 ], [ -72.9347134, 44.1972591, 1010.3984375 ], [ -72.9346463, 44.1972668, 1007.19921875 ], [ -72.9346061, 44.1972879, 1004.5 ], [ -72.9346061, 44.1973533, 1001.796875 ], [ -72.9345873, 44.197386, 998.8984375 ], [ -72.9345551, 44.197411, 996.296875 ], [ -72.9345739, 44.1974398, 995.296875 ], [ -72.9346168, 44.1974725, 996.5 ], [ -72.9347272, 44.197545, 998.3984375 ], [ -72.9347885, 44.1975841, 999.09765625 ], [ -72.9348904, 44.1976168, 1000.8984375 ], [ -72.9349789, 44.1976687, 1002.0 ], [ -72.9351157, 44.1978187, 1000.0 ], [ -72.9352015, 44.1978494, 1000.8984375 ], [ -72.9352284, 44.1978937, 999.8984375 ], [ -72.9352391, 44.1979533, 997.59765625 ], [ -72.935282, 44.1980013, 996.3984375 ], [ -72.935349, 44.1980263, 996.3984375 ], [ -72.935392, 44.1980754, 995.0 ], [ -72.9354147, 44.1980992, 994.59765625 ], [ -72.9354121, 44.1981311, 993.3984375 ], [ -72.9354, 44.1981619, 992.0 ], [ -72.9353759, 44.1982081, 989.59765625 ], [ -72.9353665, 44.1982436, 988.19921875 ], [ -72.9353571, 44.1982927, 986.0 ], [ -72.9353538, 44.1983395, 983.796875 ], [ -72.9353477, 44.1984273, 980.19921875 ], [ -72.9353625, 44.1985715, 974.3984375 ], [ -72.9353973, 44.1986926, 969.8984375 ], [ -72.9354738, 44.1987763, 967.09765625 ], [ -72.9355502, 44.1988436, 966.0 ], [ -72.9356883, 44.1989647, 962.5 ], [ -72.9357621, 44.1990426, 959.5 ], [ -72.935793, 44.1990686, 958.09765625 ], [ -72.9358023, 44.1991186, 955.296875 ], [ -72.9357862, 44.1991551, 952.8984375 ], [ -72.9357541, 44.1991917, 950.796875 ], [ -72.9356803, 44.1992407, 947.09765625 ], [ -72.9355918, 44.1992926, 943.296875 ], [ -72.9355086, 44.199333, 941.296875 ], [ -72.9354215, 44.1993763, 940.59765625 ], [ -72.9353705, 44.1994407, 940.19921875 ], [ -72.9353356, 44.1995147, 940.09765625 ], [ -72.9353021, 44.199606, 940.796875 ], [ -72.9352739, 44.1996926, 942.3984375 ], [ -72.9352511, 44.1998031, 944.19921875 ], [ -72.9352458, 44.1998868, 945.19921875 ], [ -72.9352511, 44.1999925, 946.296875 ], [ -72.9352883, 44.2001618, 946.8984375 ], [ -72.9352847, 44.2002887, 948.59765625 ], [ -72.9352602, 44.2004252, 950.3984375 ], [ -72.935278, 44.2006252, 949.8984375 ], [ -72.9352941, 44.2007531, 949.5 ], [ -72.9353115, 44.2007992, 948.796875 ], [ -72.9353383, 44.2008309, 947.796875 ], [ -72.9354014, 44.2008809, 946.0 ], [ -72.9354496, 44.2009271, 944.296875 ], [ -72.9354818, 44.2009905, 943.0 ], [ -72.9355019, 44.2011117, 941.296875 ], [ -72.935514, 44.201179, 940.3984375 ], [ -72.9355207, 44.2012886, 939.296875 ], [ -72.9355167, 44.2013318, 939.0 ], [ -72.9355005, 44.2013728, 939.0 ], [ -72.9354537, 44.2014414, 939.0 ], [ -72.9354255, 44.2014914, 938.796875 ], [ -72.9353812, 44.2015568, 938.5 ], [ -72.9353397, 44.2015722, 938.8984375 ], [ -72.9353035, 44.2015712, 939.296875 ], [ -72.9352087, 44.201582, 939.19921875 ], [ -72.9351657, 44.2015943, 938.8984375 ], [ -72.9350971, 44.201662, 937.8984375 ], [ -72.9350113, 44.2017912, 936.19921875 ], [ -72.9349855, 44.2019819, 934.59765625 ], [ -72.9351182, 44.2021457, 933.19921875 ], [ -72.9351908, 44.202249, 931.796875 ], [ -72.93514, 44.2023942, 930.5 ], [ -72.9351211, 44.2024202, 930.69921875 ], [ -72.9350996, 44.2024586, 930.796875 ], [ -72.9350835, 44.202499, 930.8984375 ], [ -72.9350942, 44.2025413, 930.8984375 ], [ -72.9351314, 44.2025849, 930.8984375 ], [ -72.9352001, 44.2026403, 931.0 ], [ -72.9352632, 44.2027509, 934.0 ], [ -72.9352766, 44.2028951, 938.3984375 ], [ -72.9352766, 44.2030393, 938.8984375 ], [ -72.9352552, 44.2031778, 938.69921875 ], [ -72.9352364, 44.2032624, 937.8984375 ], [ -72.9351693, 44.2033758, 936.19921875 ], [ -72.9351532, 44.2034277, 935.796875 ], [ -72.9351613, 44.2034989, 935.69921875 ], [ -72.9351908, 44.2035815, 935.796875 ], [ -72.9352552, 44.2036661, 936.09765625 ], [ -72.9353347, 44.2037859, 936.0 ], [ -72.9354365, 44.2039496, 936.59765625 ], [ -72.9354662, 44.204117, 937.59765625 ], [ -72.9355742, 44.2042581, 938.3984375 ], [ -72.9357505, 44.2044022, 935.59765625 ], [ -72.9358723, 44.2045544, 935.0 ], [ -72.9357923, 44.2047815, 939.09765625 ], [ -72.93569, 44.2050908, 942.5 ], [ -72.9356946, 44.205261, 943.19921875 ], [ -72.9356816, 44.2053351, 943.09765625 ], [ -72.9356441, 44.2054005, 942.5 ], [ -72.9356122, 44.2054726, 941.3984375 ], [ -72.9356367, 44.2055793, 940.796875 ], [ -72.9356629, 44.2056485, 940.3984375 ], [ -72.9356575, 44.2057293, 939.296875 ], [ -72.9356173, 44.20581, 937.3984375 ], [ -72.9355692, 44.2058952, 935.796875 ], [ -72.9355314, 44.2059696, 934.3984375 ], [ -72.9355341, 44.2060369, 933.3984375 ], [ -72.9355609, 44.2061349, 932.69921875 ], [ -72.9355931, 44.2062272, 931.19921875 ], [ -72.93571, 44.2064924, 926.59765625 ], [ -72.9357706, 44.2067325, 924.3984375 ], [ -72.9357495, 44.2069365, 922.59765625 ], [ -72.9358771, 44.2071031, 921.5 ], [ -72.9359858, 44.2072636, 918.59765625 ], [ -72.9359498, 44.2074058, 915.296875 ], [ -72.9358645, 44.2075178, 911.296875 ], [ -72.9357065, 44.2076363, 904.69921875 ], [ -72.9354576, 44.207704, 894.796875 ], [ -72.9353288, 44.2077286, 888.59765625 ], [ -72.9351829, 44.2076671, 885.796875 ], [ -72.9350971, 44.2076302, 884.19921875 ], [ -72.9350513, 44.2076385, 881.8984375 ], [ -72.9350245, 44.2076789, 879.3984375 ], [ -72.9350138, 44.2077423, 877.09765625 ], [ -72.9350379, 44.207825, 875.0 ], [ -72.9350755, 44.2078846, 874.3984375 ], [ -72.9351057, 44.207944, 872.796875 ], [ -72.9350885, 44.2080178, 869.19921875 ], [ -72.9349941, 44.208067, 864.69921875 ], [ -72.9348053, 44.2080978, 859.19921875 ], [ -72.9346765, 44.2080793, 857.59765625 ], [ -72.934625, 44.2080363, 858.796875 ], [ -72.9345392, 44.207944, 862.09765625 ], [ -72.9344619, 44.2078578, 862.59765625 ], [ -72.9343064, 44.2077321, 861.19921875 ], [ -72.9341342, 44.2077304, 857.8984375 ], [ -72.9339728, 44.2077361, 853.09765625 ], [ -72.9338846, 44.2077212, 850.296875 ], [ -72.9338256, 44.2076962, 848.3984375 ], [ -72.9337156, 44.2076308, 843.796875 ], [ -72.9336914, 44.2075943, 842.0 ], [ -72.93367, 44.2075443, 840.5 ], [ -72.9336619, 44.2074712, 839.0 ], [ -72.9336217, 44.2074193, 837.09765625 ], [ -72.9335949, 44.2073501, 835.296875 ], [ -72.9335788, 44.2072693, 834.19921875 ], [ -72.9335359, 44.2071924, 832.296875 ], [ -72.9335144, 44.2071213, 830.796875 ], [ -72.9335091, 44.2070175, 829.8984375 ], [ -72.9334983, 44.2069463, 829.0 ], [ -72.933434, 44.2068694, 826.3984375 ], [ -72.933391, 44.2068348, 824.8984375 ], [ -72.9333213, 44.2068252, 822.796875 ], [ -72.9332408, 44.206779, 819.796875 ], [ -72.9332113, 44.206731, 818.3984375 ], [ -72.9331791, 44.2066944, 817.19921875 ], [ -72.9331255, 44.2066733, 815.69921875 ], [ -72.9330799, 44.2067137, 814.3984375 ], [ -72.9330477, 44.2067541, 813.59765625 ], [ -72.9329833, 44.2068213, 812.0 ], [ -72.9329217, 44.2068617, 810.5 ], [ -72.9328412, 44.2068809, 808.19921875 ], [ -72.9327929, 44.2068771, 806.59765625 ], [ -72.9327151, 44.2068867, 803.8984375 ], [ -72.9326722, 44.2068867, 801.796875 ], [ -72.9326212, 44.2069309, 799.8984375 ], [ -72.9325756, 44.2069886, 798.59765625 ], [ -72.9324845, 44.2070771, 795.19921875 ], [ -72.93244, 44.2071283, 794.296875 ], [ -72.9323503, 44.2072049, 791.5 ], [ -72.9322259, 44.2072414, 787.0 ], [ -72.9321185, 44.207297, 784.59765625 ], [ -72.9320673, 44.2074702, 784.796875 ], [ -72.9320427, 44.2075031, 784.09765625 ], [ -72.9319169, 44.2074568, 780.09765625 ], [ -72.931818, 44.2074507, 777.69921875 ], [ -72.9317062, 44.2074601, 775.0 ], [ -72.9316027, 44.2074844, 772.09765625 ], [ -72.9315439, 44.2074637, 770.3984375 ], [ -72.9314493, 44.2073779, 767.796875 ], [ -72.9314493, 44.2072857, 767.69921875 ], [ -72.9313971, 44.2072089, 766.296875 ], [ -72.9313549, 44.2071195, 765.0 ], [ -72.9312736, 44.2070482, 762.8984375 ], [ -72.9311571, 44.2070451, 760.19921875 ], [ -72.9310974, 44.2071688, 758.69921875 ], [ -72.9310373, 44.2073041, 756.796875 ], [ -72.9310201, 44.2075194, 755.5 ], [ -72.9310115, 44.2077286, 753.59765625 ], [ -72.9309944, 44.2079009, 750.796875 ], [ -72.9309772, 44.2079624, 749.59765625 ], [ -72.9309429, 44.2079809, 747.796875 ], [ -72.9308742, 44.2079501, 745.796875 ], [ -72.9308742, 44.2079071, 746.3984375 ], [ -72.9308307, 44.2078423, 746.0 ], [ -72.9307313, 44.2077651, 743.796875 ], [ -72.9305725, 44.207703, 739.59765625 ], [ -72.9304836, 44.207753, 735.69921875 ], [ -72.9303973, 44.2077598, 732.69921875 ], [ -72.930328, 44.2077077, 730.8984375 ], [ -72.9302689, 44.2076481, 729.59765625 ], [ -72.9302153, 44.2076327, 728.3984375 ], [ -72.9301617, 44.2076423, 726.59765625 ], [ -72.9301352, 44.2076732, 725.59765625 ], [ -72.9301295, 44.2077942, 723.8984375 ], [ -72.9301456, 44.2078346, 723.8984375 ], [ -72.9301778, 44.2078673, 724.09765625 ], [ -72.9301885, 44.2079365, 723.5 ], [ -72.9301751, 44.2081884, 720.59765625 ], [ -72.9301938, 44.2082826, 721.3984375 ], [ -72.9302448, 44.2083614, 722.8984375 ], [ -72.9303199, 44.2084037, 724.5 ], [ -72.930395, 44.2084095, 725.796875 ], [ -72.9304708, 44.2084423, 726.8984375 ], [ -72.9305425, 44.2084998, 728.296875 ], [ -72.9305962, 44.2085979, 731.0 ], [ -72.9307383, 44.2087575, 735.09765625 ], [ -72.9308376, 44.2088747, 736.8984375 ], [ -72.9309288, 44.2090881, 738.3984375 ], [ -72.9309744, 44.20919, 738.796875 ], [ -72.9310495, 44.2092573, 739.3984375 ], [ -72.9312513, 44.209335, 741.3984375 ], [ -72.9313794, 44.2094304, 743.296875 ], [ -72.9314411, 44.20949, 744.0 ], [ -72.9314568, 44.2095811, 744.5 ], [ -72.9314914, 44.2098079, 747.0 ], [ -72.9315002, 44.2099533, 747.69921875 ], [ -72.9315479, 44.2101106, 748.796875 ], [ -72.931625, 44.2102053, 747.296875 ], [ -72.9316719, 44.2102792, 744.8984375 ], [ -72.9316849, 44.2103469, 741.8984375 ], [ -72.9316639, 44.2103926, 740.09765625 ], [ -72.9315694, 44.210491, 734.69921875 ], [ -72.9315609, 44.2106264, 729.09765625 ], [ -72.9315866, 44.2107433, 725.5 ], [ -72.931578, 44.2109094, 721.19921875 ], [ -72.9316006, 44.2110116, 718.796875 ], [ -72.9314683, 44.2110509, 719.796875 ], [ -72.9313268, 44.21107, 721.3984375 ], [ -72.9312953, 44.2110741, 721.69921875 ], [ -72.931143, 44.211065, 722.796875 ], [ -72.930999, 44.211021, 723.09765625 ], [ -72.930868, 44.210958, 722.0 ], [ -72.930743, 44.210885, 723.19921875 ], [ -72.930621, 44.210804, 723.5 ], [ -72.9305447, 44.2109022, 725.8984375 ], [ -72.9304066, 44.2112845, 747.69921875 ], [ -72.9303077, 44.2114253, 757.0 ], [ -72.9301858, 44.2118461, 773.0 ], [ -72.9301923, 44.2121045, 784.296875 ], [ -72.9300578, 44.2122208, 790.09765625 ], [ -72.9294333, 44.2127123, 813.5 ], [ -72.9293345, 44.2129417, 822.3984375 ], [ -72.9294134, 44.2131962, 828.8984375 ], [ -72.9293299, 44.2134305, 836.09765625 ], [ -72.9294733, 44.2137501, 840.5 ], [ -72.929387, 44.214198, 851.296875 ], [ -72.9293664, 44.2144892, 856.69921875 ], [ -72.9292187, 44.2146662, 861.5 ], [ -72.9290477, 44.2147147, 863.8984375 ], [ -72.9289184, 44.2147835, 865.8984375 ], [ -72.9288639, 44.2150255, 867.5 ], [ -72.9289639, 44.2152088, 867.8984375 ], [ -72.9287577, 44.2155773, 865.3984375 ], [ -72.9287503, 44.2158057, 864.3984375 ], [ -72.9286845, 44.2160028, 861.296875 ], [ -72.9285037, 44.2161089, 854.796875 ], [ -72.9283666, 44.2163242, 846.19921875 ], [ -72.928071, 44.216352, 836.5 ], [ -72.9279315, 44.2164875, 828.8984375 ], [ -72.9277045, 44.2165603, 820.3984375 ], [ -72.9275115, 44.2165401, 814.8984375 ], [ -72.9274232, 44.2165884, 810.5 ], [ -72.9273685, 44.2166987, 805.5 ], [ -72.9272964, 44.2166981, 803.3984375 ], [ -72.9272139, 44.2166947, 801.19921875 ], [ -72.9271451, 44.2167555, 799.0 ], [ -72.9271753, 44.216917, 799.796875 ], [ -72.9272561, 44.2171268, 803.0 ], [ -72.9275376, 44.2173952, 806.796875 ], [ -72.9276045, 44.2175457, 809.8984375 ], [ -72.9275182, 44.2176294, 812.59765625 ], [ -72.9273301, 44.2176708, 814.8984375 ], [ -72.9271794, 44.2177839, 818.3984375 ], [ -72.9272204, 44.2180637, 824.59765625 ], [ -72.9272449, 44.2183503, 831.796875 ], [ -72.9272924, 44.2185739, 837.19921875 ], [ -72.9269394, 44.219146, 858.09765625 ], [ -72.9269952, 44.2192707, 860.296875 ], [ -72.9269375, 44.2195218, 867.3984375 ], [ -72.9267222, 44.2197699, 874.0 ], [ -72.9266939, 44.2200119, 878.59765625 ], [ -72.9267426, 44.2203345, 885.3984375 ], [ -72.9267117, 44.2205371, 890.296875 ], [ -72.9265295, 44.2207268, 893.5 ], [ -72.9263097, 44.22111, 895.5 ], [ -72.9262828, 44.2213763, 897.0 ], [ -72.9261118, 44.2216061, 896.59765625 ], [ -72.926051, 44.221865, 897.59765625 ], [ -72.9256885, 44.2225241, 892.59765625 ], [ -72.9259507, 44.22311, 890.8984375 ], [ -72.9258138, 44.2236048, 893.8984375 ], [ -72.9254397, 44.2239437, 896.0 ], [ -72.9252656, 44.224256, 894.8984375 ], [ -72.9252619, 44.2244572, 893.69921875 ], [ -72.9251694, 44.2247215, 890.3984375 ], [ -72.9252055, 44.2249774, 884.3984375 ], [ -72.9253295, 44.2251358, 877.796875 ], [ -72.9254461, 44.2251679, 873.8984375 ], [ -72.9255222, 44.2251941, 871.5 ], [ -72.925525, 44.2252459, 868.8984375 ], [ -72.925436, 44.2252715, 869.59765625 ], [ -72.9252308, 44.2251762, 876.796875 ], [ -72.9250401, 44.2250752, 879.59765625 ], [ -72.9248433, 44.225085, 875.69921875 ], [ -72.9248081, 44.2252334, 871.59765625 ], [ -72.9247645, 44.2252924, 870.09765625 ], [ -72.9246459, 44.2252925, 869.69921875 ], [ -72.9241893, 44.2253968, 872.3984375 ], [ -72.92386, 44.2255317, 866.796875 ], [ -72.9236778, 44.2255415, 863.09765625 ], [ -72.9235674, 44.2256066, 860.09765625 ], [ -72.9234979, 44.2256981, 858.59765625 ], [ -72.9235551, 44.2258035, 857.8984375 ], [ -72.9236971, 44.2259687, 855.09765625 ], [ -72.9237276, 44.2260694, 853.59765625 ], [ -72.9235828, 44.2265087, 853.59765625 ], [ -72.9235159, 44.2269757, 847.09765625 ], [ -72.9232221, 44.2276448, 836.59765625 ], [ -72.9230797, 44.2280037, 830.8984375 ], [ -72.9232104, 44.2281838, 821.5 ], [ -72.9231893, 44.2288595, 810.59765625 ], [ -72.9231796, 44.2291502, 808.5 ], [ -72.9233759, 44.2294697, 799.5 ], [ -72.9235063, 44.2298367, 787.5 ], [ -72.923737, 44.2301139, 779.296875 ], [ -72.9240366, 44.2302016, 770.796875 ], [ -72.9245866, 44.2303129, 752.296875 ], [ -72.9250505, 44.2306059, 742.59765625 ], [ -72.9254804, 44.2307763, 732.296875 ], [ -72.9256952, 44.2307766, 727.5 ], [ -72.9258911, 44.2308793, 724.796875 ], [ -72.9260884, 44.2310964, 722.796875 ], [ -72.9261128, 44.231348, 725.09765625 ], [ -72.9264178, 44.2317492, 719.796875 ], [ -72.9265883, 44.2318297, 716.09765625 ], [ -72.9267937, 44.2322132, 713.796875 ], [ -72.9266702, 44.232924, 719.0 ], [ -72.9265185, 44.2334618, 716.59765625 ], [ -72.9264024, 44.2337875, 711.796875 ], [ -72.9265152, 44.2340273, 704.0 ], [ -72.9265054, 44.2342431, 698.0 ], [ -72.9266091, 44.2343935, 692.69921875 ], [ -72.9266341, 44.2346078, 686.0 ], [ -72.9268301, 44.2347472, 680.796875 ], [ -72.9270487, 44.2349613, 674.0 ], [ -72.9273507, 44.2353114, 666.3984375 ], [ -72.9276959, 44.2353992, 660.296875 ], [ -72.9279944, 44.2354703, 657.0 ], [ -72.9283941, 44.2356756, 651.69921875 ], [ -72.928614, 44.2358432, 647.8984375 ], [ -72.9288186, 44.2359129, 644.09765625 ], [ -72.9289039, 44.2360208, 641.0 ], [ -72.929225, 44.2362196, 634.69921875 ], [ -72.9295112, 44.2362983, 630.796875 ], [ -72.9297303, 44.2364012, 627.19921875 ], [ -72.9299553, 44.2365623, 623.3984375 ], [ -72.9294401, 44.2367595, 627.19921875 ], [ -72.9294562, 44.2372515, 623.0 ], [ -72.9287227, 44.2377537, 628.296875 ], [ -72.9286462, 44.2383353, 627.8984375 ], [ -72.9284692, 44.238562, 631.0 ], [ -72.9283673, 44.2388387, 632.8984375 ], [ -72.9281366, 44.2392, 636.09765625 ], [ -72.9280722, 44.2395382, 635.09765625 ], [ -72.9275143, 44.239765, 639.19921875 ], [ -72.9271066, 44.2398072, 641.59765625 ], [ -72.9267311, 44.2400378, 636.59765625 ], [ -72.9263288, 44.2399341, 637.796875 ], [ -72.925508, 44.2395997, 641.8984375 ], [ -72.9249984, 44.239665, 646.5 ], [ -72.9245693, 44.239569, 651.8984375 ], [ -72.9241669, 44.2396535, 650.09765625 ], [ -72.9238434, 44.2395526, 651.59765625 ], [ -72.9231201, 44.2393837, 647.5 ], [ -72.9226166, 44.2390386, 648.69921875 ], [ -72.9221714, 44.238881, 646.8984375 ], [ -72.9216456, 44.238366, 654.296875 ], [ -72.9209375, 44.23817, 648.19921875 ], [ -72.9200063, 44.2376828, 657.796875 ], [ -72.9193121, 44.2375935, 663.69921875 ], [ -72.918663, 44.2377665, 654.59765625 ], [ -72.9181856, 44.2377319, 656.69921875 ], [ -72.9170413, 44.2379378, 659.796875 ], [ -72.9162866, 44.2379317, 657.69921875 ], [ -72.9158199, 44.2377549, 664.09765625 ], [ -72.915203, 44.2379279, 661.3984375 ], [ -72.9146826, 44.2378433, 664.19921875 ], [ -72.913841, 44.238012, 659.5 ], [ -72.9134392, 44.237943, 663.19921875 ], [ -72.9124449, 44.2380375, 667.8984375 ], [ -72.9121935, 44.2383199, 665.69921875 ], [ -72.9120901, 44.2386339, 660.19921875 ], [ -72.9114557, 44.2390222, 666.796875 ], [ -72.911244, 44.23925, 668.19921875 ], [ -72.911165, 44.2395254, 666.69921875 ], [ -72.9106379, 44.2398265, 671.0 ], [ -72.9101672, 44.2401865, 672.59765625 ], [ -72.9098518, 44.2404173, 673.59765625 ], [ -72.909388, 44.2409564, 669.59765625 ], [ -72.9086962, 44.2413397, 670.69921875 ], [ -72.9084023, 44.2415085, 671.796875 ], [ -72.908417, 44.2417596, 672.796875 ], [ -72.908814, 44.2421592, 674.796875 ], [ -72.9089856, 44.2423206, 675.69921875 ], [ -72.9089803, 44.2425973, 685.5 ], [ -72.909105, 44.242947, 696.59765625 ], [ -72.9094094, 44.2430585, 695.796875 ], [ -72.9098493, 44.2436465, 702.3984375 ], [ -72.909845, 44.2438561, 706.296875 ], [ -72.9100263, 44.2440116, 704.8984375 ], [ -72.9099298, 44.2443728, 711.19921875 ], [ -72.909722, 44.2446751, 719.09765625 ], [ -72.9093343, 44.2448147, 729.8984375 ], [ -72.9087705, 44.244656, 741.3984375 ], [ -72.908138, 44.2447379, 750.09765625 ], [ -72.9074675, 44.2449377, 751.59765625 ], [ -72.9070652, 44.2455218, 754.59765625 ], [ -72.9065203, 44.2458405, 756.5 ], [ -72.9061964, 44.2465955, 753.3984375 ], [ -72.906475, 44.2469506, 752.8984375 ], [ -72.9063616, 44.2475394, 745.296875 ], [ -72.9062141, 44.2480847, 743.0 ], [ -72.9053612, 44.2487782, 741.5 ], [ -72.9048162, 44.2489818, 735.19921875 ], [ -72.9047045, 44.2494532, 741.69921875 ], [ -72.9044549, 44.2497419, 734.3984375 ], [ -72.9045007, 44.2503072, 737.19921875 ], [ -72.904707, 44.250772, 742.796875 ], [ -72.9059318, 44.2520112, 749.5 ], [ -72.906127, 44.252668, 743.3984375 ], [ -72.9062495, 44.2539413, 751.69921875 ], [ -72.9062687, 44.2545329, 762.5 ], [ -72.905935, 44.2545883, 765.796875 ], [ -72.9057213, 44.2548425, 773.0 ], [ -72.9051069, 44.2550536, 777.296875 ], [ -72.9047845, 44.2552435, 781.796875 ], [ -72.904422, 44.255218, 778.796875 ], [ -72.9041635, 44.2552756, 777.0 ], [ -72.9038242, 44.2562452, 780.5 ], [ -72.9040632, 44.2566964, 780.59765625 ], [ -72.9040397, 44.2569762, 783.296875 ], [ -72.9039087, 44.2571053, 783.8984375 ], [ -72.9036418, 44.2572283, 782.5 ], [ -72.9036712, 44.2574773, 787.296875 ], [ -72.903213, 44.258562, 792.3984375 ], [ -72.9024258, 44.2592902, 794.5 ], [ -72.9016276, 44.2596708, 795.3984375 ], [ -72.9006642, 44.2596866, 781.796875 ], [ -72.9002466, 44.2598726, 786.69921875 ], [ -72.900208, 44.2600688, 797.59765625 ], [ -72.9003119, 44.2602343, 805.09765625 ], [ -72.9000356, 44.2603572, 811.3984375 ], [ -72.8998022, 44.2605774, 819.59765625 ], [ -72.8995369, 44.2607585, 822.3984375 ], [ -72.8993734, 44.2610382, 827.796875 ], [ -72.8991184, 44.2611657, 829.59765625 ], [ -72.8988471, 44.2612174, 830.8984375 ], [ -72.897922, 44.2622191, 832.5 ], [ -72.8976232, 44.2626303, 831.796875 ], [ -72.8971118, 44.2627795, 829.296875 ], [ -72.897229, 44.263053, 832.3984375 ], [ -72.897257, 44.263222, 833.8984375 ], [ -72.897227, 44.263362, 835.09765625 ], [ -72.896897, 44.26383, 843.19921875 ], [ -72.896827, 44.263982, 845.69921875 ], [ -72.896806, 44.264204, 851.09765625 ], [ -72.896724, 44.264425, 855.8984375 ], [ -72.896715, 44.264504, 856.8984375 ], [ -72.896781, 44.264739, 861.796875 ], [ -72.896761, 44.265042, 868.796875 ], [ -72.8967943, 44.2651818, 870.8984375 ], [ -72.8966755, 44.2652566, 873.59765625 ], [ -72.89639, 44.2652259, 877.296875 ], [ -72.89618, 44.265171, 879.5 ], [ -72.896081, 44.265174, 881.09765625 ], [ -72.895986, 44.265194, 883.3984375 ], [ -72.895829, 44.265267, 891.0 ], [ -72.895581, 44.2653989, 901.59765625 ], [ -72.8955585, 44.2655062, 908.296875 ], [ -72.8956289, 44.2655409, 909.296875 ], [ -72.8957952, 44.265514, 906.0 ], [ -72.8958131, 44.2656316, 912.0 ], [ -72.895647, 44.265693, 917.3984375 ], [ -72.895509, 44.265862, 927.3984375 ], [ -72.8954264, 44.2659967, 934.3984375 ], [ -72.8954065, 44.2660987, 937.8984375 ], [ -72.8955837, 44.2662441, 941.59765625 ], [ -72.8954865, 44.2664132, 941.5 ], [ -72.8956576, 44.2666263, 941.19921875 ], [ -72.89565, 44.266716, 942.69921875 ], [ -72.895649, 44.26703, 951.296875 ], [ -72.895678, 44.267144, 954.3984375 ], [ -72.895853, 44.267503, 962.09765625 ], [ -72.89586, 44.267654, 962.69921875 ], [ -72.895826, 44.267747, 958.3984375 ], [ -72.895568, 44.268212, 952.3984375 ], [ -72.89551, 44.268348, 952.796875 ], [ -72.895476, 44.268507, 953.09765625 ], [ -72.895489, 44.268659, 954.796875 ], [ -72.895618, 44.268939, 954.09765625 ], [ -72.895644, 44.269061, 953.09765625 ], [ -72.89556, 44.269347, 950.09765625 ], [ -72.895556, 44.26949, 947.59765625 ], [ -72.89543, 44.269769, 942.19921875 ], [ -72.895397, 44.26991, 938.3984375 ], [ -72.895395, 44.270053, 933.5 ], [ -72.895442, 44.270353, 924.796875 ], [ -72.895556, 44.27069, 924.796875 ], [ -72.895641, 44.270877, 923.8984375 ], [ -72.895733, 44.271013, 922.09765625 ], [ -72.89625, 44.271646, 907.8984375 ], [ -72.896305, 44.271735, 907.19921875 ], [ -72.896325, 44.271821, 907.796875 ], [ -72.896312, 44.271891, 909.09765625 ], [ -72.896155, 44.272141, 911.69921875 ], [ -72.896077, 44.272189, 910.59765625 ], [ -72.895757, 44.272252, 912.296875 ], [ -72.895666, 44.272317, 913.69921875 ], [ -72.895633, 44.272385, 914.59765625 ], [ -72.895599, 44.273011, 915.69921875 ], [ -72.89564, 44.273285, 917.09765625 ], [ -72.895613, 44.273434, 918.09765625 ], [ -72.895629, 44.273513, 917.796875 ], [ -72.895801, 44.273867, 916.19921875 ], [ -72.895822, 44.273999, 916.8984375 ], [ -72.895806, 44.2743861, 900.59765625 ], [ -72.895691, 44.274473, 895.296875 ], [ -72.895875, 44.2745818, 891.5 ], [ -72.896132, 44.274732, 892.19921875 ], [ -72.8962547, 44.2747772, 893.796875 ], [ -72.8963219, 44.2748019, 894.8984375 ], [ -72.8962754, 44.2748989, 894.296875 ], [ -72.8960518, 44.2750202, 891.69921875 ], [ -72.896205, 44.275275, 895.0 ], [ -72.896203, 44.275345, 895.0 ], [ -72.8962851, 44.2755751, 896.09765625 ], [ -72.8960832, 44.275641, 894.5 ], [ -72.8959095, 44.2755795, 892.3984375 ], [ -72.895742, 44.2754631, 890.09765625 ], [ -72.8955579, 44.2754502, 888.19921875 ], [ -72.895471, 44.27554, 887.19921875 ], [ -72.895319, 44.275704, 885.59765625 ], [ -72.8952152, 44.2760357, 880.19921875 ], [ -72.894946, 44.276108, 872.296875 ], [ -72.8948448, 44.2764826, 870.69921875 ], [ -72.8943093, 44.2766968, 867.796875 ], [ -72.894134, 44.276728, 866.19921875 ], [ -72.894086, 44.27679, 866.8984375 ], [ -72.894053, 44.276911, 867.69921875 ], [ -72.894127, 44.277143, 871.0 ], [ -72.894127, 44.277213, 871.59765625 ], [ -72.894099, 44.27728, 872.0 ], [ -72.894045, 44.277338, 872.296875 ], [ -72.893689, 44.277634, 882.8984375 ], [ -72.893205, 44.278223, 903.796875 ], [ -72.892786, 44.278462, 905.8984375 ], [ -72.892677, 44.278547, 907.796875 ], [ -72.892375, 44.278853, 915.5 ], [ -72.892231, 44.279041, 919.69921875 ], [ -72.892144, 44.279117, 922.296875 ], [ -72.891844, 44.279289, 928.796875 ], [ -72.891355, 44.279622, 939.5 ], [ -72.89122, 44.279748, 944.59765625 ], [ -72.89103, 44.280017, 953.3984375 ], [ -72.890771, 44.28029, 956.19921875 ], [ -72.890634, 44.280515, 956.69921875 ], [ -72.890565, 44.28091, 959.3984375 ], [ -72.890568, 44.281054, 962.09765625 ], [ -72.8906827, 44.2813282, 971.19921875 ], [ -72.8905912, 44.2815641, 974.0 ], [ -72.8905764, 44.281728, 974.5 ], [ -72.890681, 44.282034, 978.796875 ], [ -72.890834, 44.282397, 985.5 ], [ -72.8909161, 44.2825169, 989.69921875 ], [ -72.8911196, 44.2824816, 994.3984375 ], [ -72.8911546, 44.2826143, 997.296875 ], [ -72.891087, 44.2828052, 1000.09765625 ], [ -72.8909687, 44.2830097, 1002.296875 ], [ -72.8907998, 44.2832437, 1003.5 ], [ -72.8907748, 44.2834454, 1009.19921875 ], [ -72.890629, 44.2838, 1014.09765625 ], [ -72.8905852, 44.2841588, 1020.5 ], [ -72.8906684, 44.2843327, 1028.19921875 ], [ -72.89066, 44.284473, 1030.19921875 ], [ -72.890549, 44.284866, 1031.8984375 ], [ -72.890504, 44.284948, 1031.19921875 ], [ -72.8903828, 44.2851997, 1030.59765625 ], [ -72.8901993, 44.2853734, 1029.796875 ], [ -72.889859, 44.2855777, 1027.796875 ], [ -72.8895365, 44.2857522, 1021.0 ], [ -72.889023, 44.285905, 1016.19921875 ], [ -72.888707, 44.286006, 1019.8984375 ], [ -72.888201, 44.286201, 1031.3984375 ], [ -72.888054, 44.286297, 1035.5 ], [ -72.8879298, 44.2864568, 1036.09765625 ], [ -72.8875212, 44.2865601, 1042.0 ], [ -72.887434, 44.286666, 1040.69921875 ], [ -72.886948, 44.28713, 1043.8984375 ], [ -72.886796, 44.287315, 1044.296875 ], [ -72.886608, 44.287588, 1046.19921875 ], [ -72.886492, 44.287805, 1048.796875 ], [ -72.886149, 44.288197, 1049.796875 ], [ -72.885907, 44.28875, 1049.59765625 ], [ -72.885846, 44.288996, 1049.69921875 ], [ -72.885802, 44.289098, 1050.3984375 ], [ -72.885541, 44.289502, 1056.0 ], [ -72.885323, 44.289729, 1061.296875 ], [ -72.885137, 44.289999, 1064.0 ], [ -72.88502, 44.290077, 1063.8984375 ], [ -72.884735, 44.290187, 1067.296875 ], [ -72.884643, 44.290256, 1066.8984375 ], [ -72.884508, 44.290523, 1067.69921875 ], [ -72.884244, 44.290847, 1078.59765625 ], [ -72.88421, 44.290969, 1084.09765625 ], [ -72.884201, 44.291128, 1091.59765625 ], [ -72.88414, 44.291221, 1096.19921875 ], [ -72.883986, 44.291351, 1094.796875 ], [ -72.883911, 44.291443, 1094.59765625 ], [ -72.883674, 44.291775, 1095.296875 ], [ -72.883628, 44.291867, 1097.19921875 ], [ -72.883613, 44.291991, 1100.0 ], [ -72.883644, 44.292131, 1102.19921875 ], [ -72.8837228, 44.2923005, 1103.796875 ], [ -72.8837505, 44.2924129, 1104.8984375 ], [ -72.883741, 44.292691, 1107.09765625 ], [ -72.883746, 44.292768, 1107.8984375 ], [ -72.883793, 44.292824, 1108.5 ], [ -72.884118, 44.293041, 1110.19921875 ], [ -72.884274, 44.293263, 1116.796875 ], [ -72.884409, 44.293414, 1121.5 ], [ -72.884468, 44.293566, 1121.59765625 ], [ -72.884453, 44.293644, 1121.59765625 ], [ -72.884364, 44.293733, 1121.59765625 ], [ -72.884077, 44.293918, 1119.59765625 ], [ -72.884004, 44.293945, 1118.8984375 ], [ -72.8835911, 44.2938405, 1122.3984375 ], [ -72.8834574, 44.2937821, 1119.09765625 ], [ -72.883356, 44.2938113, 1116.5 ], [ -72.8833887, 44.2940075, 1116.69921875 ], [ -72.883532, 44.294252, 1112.19921875 ], [ -72.883596, 44.294377, 1108.19921875 ], [ -72.883712, 44.294513, 1102.796875 ], [ -72.883772, 44.294622, 1097.796875 ], [ -72.883778, 44.294692, 1093.69921875 ], [ -72.883745, 44.294766, 1089.19921875 ], [ -72.883674, 44.294826, 1085.8984375 ], [ -72.883591, 44.294863, 1084.09765625 ], [ -72.883328, 44.294942, 1078.19921875 ], [ -72.8829708, 44.2949768, 1065.796875 ], [ -72.882881, 44.295171, 1055.69921875 ], [ -72.882764, 44.295376, 1044.296875 ], [ -72.88259, 44.295582, 1033.8984375 ], [ -72.882141, 44.296005, 1022.0 ], [ -72.881929, 44.296164, 1018.5 ], [ -72.881852, 44.296294, 1015.8984375 ], [ -72.881822, 44.296435, 1014.09765625 ], [ -72.881816, 44.296825, 1000.19921875 ], [ -72.8817106, 44.296922, 997.8984375 ], [ -72.881749, 44.2970178, 994.8984375 ], [ -72.8817066, 44.2971146, 992.69921875 ], [ -72.8814544, 44.2970712, 989.69921875 ], [ -72.8811631, 44.2971418, 978.0 ], [ -72.880953, 44.29702, 974.796875 ], [ -72.880671, 44.296877, 970.296875 ], [ -72.880578, 44.296864, 968.8984375 ], [ -72.8800514, 44.2968282, 965.296875 ], [ -72.8798272, 44.296976, 963.09765625 ], [ -72.8797822, 44.297067, 963.296875 ], [ -72.8797275, 44.2971818, 963.69921875 ], [ -72.879812, 44.297301, 964.5 ], [ -72.879801, 44.297398, 964.3984375 ], [ -72.879733, 44.297521, 963.796875 ], [ -72.879535, 44.297759, 962.296875 ], [ -72.879459, 44.29789, 961.19921875 ], [ -72.879384, 44.298079, 959.19921875 ], [ -72.879259, 44.29863, 947.59765625 ], [ -72.879245, 44.298825, 942.8984375 ], [ -72.879136, 44.299254, 932.8984375 ], [ -72.879109, 44.299458, 927.59765625 ], [ -72.87915, 44.29991, 916.3984375 ], [ -72.879175, 44.299978, 914.09765625 ], [ -72.879272, 44.300169, 907.19921875 ], [ -72.87931, 44.3003, 902.69921875 ], [ -72.879382, 44.300419, 898.296875 ], [ -72.879481, 44.300522, 893.3984375 ], [ -72.879553, 44.300635, 887.8984375 ], [ -72.879621, 44.300823, 881.69921875 ], [ -72.8796747, 44.3008604, 880.5 ], [ -72.879776, 44.300889, 879.3984375 ], [ -72.880307, 44.300875, 871.0 ], [ -72.880846, 44.300912, 860.59765625 ], [ -72.881242, 44.300902, 854.59765625 ], [ -72.881945, 44.300939, 844.69921875 ], [ -72.882291, 44.300922, 841.5 ], [ -72.882508, 44.300945, 839.296875 ], [ -72.882744, 44.300998, 835.0 ], [ -72.8829044, 44.3010068, 832.5 ], [ -72.882986, 44.301183, 823.59765625 ], [ -72.8830496, 44.3015401, 819.19921875 ], [ -72.882936, 44.302079, 826.5 ], [ -72.882936, 44.302349, 833.796875 ], [ -72.882892, 44.302724, 839.8984375 ], [ -72.8828726, 44.3028291, 841.5 ], [ -72.882827, 44.30294, 843.5 ], [ -72.882702, 44.303217, 848.8984375 ], [ -72.8825498, 44.3034125, 855.19921875 ], [ -72.88247, 44.30351, 857.59765625 ], [ -72.8824183, 44.3035779, 858.19921875 ], [ -72.882476, 44.3036218, 857.19921875 ], [ -72.882543, 44.303675, 856.19921875 ], [ -72.882881, 44.303843, 859.5 ], [ -72.8830167, 44.3038822, 861.19921875 ], [ -72.8830596, 44.3039949, 869.09765625 ], [ -72.8829538, 44.3041268, 878.19921875 ], [ -72.8827904, 44.3041577, 882.3984375 ], [ -72.882461, 44.304168, 889.09765625 ], [ -72.882343, 44.304196, 893.19921875 ], [ -72.882204, 44.304254, 899.19921875 ], [ -72.882146, 44.3043, 901.69921875 ], [ -72.882098, 44.304387, 905.19921875 ], [ -72.882107, 44.304471, 911.296875 ], [ -72.882206, 44.304659, 919.59765625 ], [ -72.882476, 44.305044, 919.296875 ], [ -72.882521, 44.305126, 919.59765625 ], [ -72.882541, 44.305213, 922.3984375 ], [ -72.882504, 44.30537, 929.19921875 ], [ -72.882434, 44.305451, 931.59765625 ], [ -72.882269, 44.305574, 934.0 ], [ -72.8821915, 44.3056578, 935.5 ], [ -72.8822503, 44.3057229, 939.59765625 ], [ -72.8825444, 44.3059366, 958.8984375 ], [ -72.8826436, 44.3060134, 965.5 ], [ -72.882708, 44.3060556, 968.8984375 ], [ -72.8827831, 44.3061228, 972.0 ], [ -72.8827858, 44.3061766, 972.19921875 ], [ -72.8827858, 44.3061881, 972.19921875 ], [ -72.8827322, 44.3062342, 971.296875 ], [ -72.8826812, 44.3063071, 970.19921875 ], [ -72.8826919, 44.3063397, 970.69921875 ], [ -72.8827322, 44.306357, 972.19921875 ], [ -72.8827885, 44.3063532, 973.3984375 ], [ -72.882875, 44.306384, 971.69921875 ], [ -72.882929, 44.306439, 971.296875 ], [ -72.882976, 44.306574, 973.69921875 ], [ -72.88299, 44.306824, 986.19921875 ], [ -72.883016, 44.306883, 985.09765625 ], [ -72.8832673, 44.3070879, 979.5 ], [ -72.883213, 44.3072914, 980.8984375 ], [ -72.883307, 44.307369, 982.69921875 ], [ -72.883401, 44.307864, 980.8984375 ], [ -72.883398, 44.308176, 976.3984375 ], [ -72.883437, 44.308268, 976.3984375 ], [ -72.883627, 44.308454, 979.69921875 ], [ -72.883962, 44.308696, 976.3984375 ], [ -72.884134, 44.308881, 975.19921875 ], [ -72.884264, 44.309098, 973.69921875 ], [ -72.884514, 44.309362, 973.296875 ], [ -72.884717, 44.309682, 974.296875 ], [ -72.885035, 44.310075, 982.796875 ], [ -72.885851, 44.310622, 984.3984375 ], [ -72.88597, 44.310736, 982.8984375 ], [ -72.886002, 44.31082, 982.59765625 ], [ -72.886002, 44.310891, 983.0 ], [ -72.885903, 44.311217, 987.796875 ], [ -72.8859, 44.311693, 978.5 ], [ -72.885986, 44.312179, 970.69921875 ], [ -72.886, 44.312376, 969.19921875 ], [ -72.885989, 44.312572, 968.0 ], [ -72.886044, 44.312844, 971.69921875 ], [ -72.8861, 44.312969, 975.5 ], [ -72.886313, 44.313264, 981.0 ], [ -72.88641, 44.313453, 985.59765625 ], [ -72.886474, 44.3135827, 987.69921875 ], [ -72.886731, 44.313722, 984.5 ], [ -72.886796, 44.313807, 984.3984375 ], [ -72.88689, 44.314252, 987.3984375 ], [ -72.8869, 44.314412, 988.0 ], [ -72.886846, 44.314702, 989.5 ], [ -72.886806, 44.314812, 989.296875 ], [ -72.886577, 44.315198, 995.09765625 ], [ -72.886548, 44.315328, 998.3984375 ], [ -72.886552, 44.315542, 1002.3984375 ], [ -72.88659, 44.315726, 1005.5 ], [ -72.886591, 44.315968, 1012.0 ], [ -72.886572, 44.316055, 1015.09765625 ], [ -72.88638, 44.316545, 1032.0 ], [ -72.886158, 44.316781, 1044.19921875 ], [ -72.886147, 44.316858, 1049.3984375 ], [ -72.886172, 44.316916, 1053.5 ], [ -72.886228, 44.316974, 1056.3984375 ], [ -72.886542, 44.317192, 1066.19921875 ], [ -72.886951, 44.317531, 1078.09765625 ], [ -72.887116, 44.317769, 1086.0 ], [ -72.887413, 44.318067, 1096.59765625 ], [ -72.887449, 44.31816, 1102.19921875 ], [ -72.8874475, 44.3185172, 1128.19921875 ], [ -72.8874448, 44.3185556, 1131.09765625 ], [ -72.8874019, 44.3186094, 1135.19921875 ], [ -72.8872785, 44.3186497, 1140.09765625 ], [ -72.887254, 44.318706, 1144.796875 ], [ -72.8872061, 44.3187782, 1150.296875 ], [ -72.8871471, 44.3187802, 1151.19921875 ], [ -72.8870478, 44.3187725, 1152.0 ], [ -72.8869835, 44.3187897, 1154.5 ], [ -72.8869537, 44.3188206, 1157.19921875 ], [ -72.8869808, 44.318878, 1161.296875 ], [ -72.887096, 44.318953, 1164.5 ], [ -72.8871202, 44.3190104, 1168.5 ], [ -72.8871551, 44.3190584, 1171.59765625 ], [ -72.8871873, 44.3190718, 1171.796875 ], [ -72.8872517, 44.3190776, 1171.09765625 ], [ -72.8873268, 44.3191064, 1171.0 ], [ -72.8874502, 44.3191736, 1171.796875 ], [ -72.8875092, 44.3192484, 1175.69921875 ], [ -72.8875548, 44.3193194, 1179.296875 ], [ -72.8876084, 44.319423, 1182.796875 ], [ -72.8876004, 44.3195132, 1187.69921875 ], [ -72.8875574, 44.3195689, 1191.796875 ], [ -72.887485, 44.3196264, 1195.09765625 ], [ -72.887361, 44.319683, 1201.09765625 ], [ -72.8872785, 44.3197512, 1205.0 ], [ -72.887249, 44.3197665, 1206.296875 ], [ -72.8872141, 44.3197665, 1207.796875 ], [ -72.8871954, 44.3197185, 1207.8984375 ], [ -72.8871498, 44.3196725, 1209.8984375 ], [ -72.886973, 44.31945, 1207.8984375 ], [ -72.886843, 44.31937, 1208.69921875 ], [ -72.886699, 44.319353, 1215.796875 ], [ -72.886608, 44.319372, 1221.19921875 ], [ -72.886521, 44.319419, 1228.0 ], [ -72.886349, 44.319549, 1241.8984375 ], [ -72.886301, 44.319619, 1241.5 ], [ -72.886296, 44.319741, 1238.5 ], [ -72.88635, 44.319816, 1237.5 ], [ -72.886671, 44.319951, 1226.8984375 ], [ -72.886825, 44.320062, 1217.796875 ], [ -72.886887, 44.320134, 1213.59765625 ], [ -72.886929, 44.32025, 1210.796875 ], [ -72.886906, 44.32035, 1210.8984375 ], [ -72.886805, 44.320535, 1211.69921875 ], [ -72.886327, 44.321094, 1204.8984375 ], [ -72.886265, 44.321187, 1200.19921875 ], [ -72.886228, 44.321387, 1190.8984375 ], [ -72.886144, 44.321536, 1184.5 ], [ -72.88604, 44.321644, 1180.19921875 ], [ -72.885926, 44.3217113, 1176.5 ], [ -72.8856959, 44.3217872, 1168.69921875 ], [ -72.8855898, 44.3218366, 1164.796875 ], [ -72.885526, 44.3218974, 1163.296875 ], [ -72.885396, 44.322213, 1161.09765625 ], [ -72.885188, 44.322566, 1155.0 ], [ -72.885079, 44.322792, 1148.19921875 ], [ -72.885024, 44.32286, 1144.796875 ], [ -72.884953, 44.322908, 1141.8984375 ], [ -72.884833, 44.322954, 1138.0 ], [ -72.88448, 44.323039, 1126.3984375 ], [ -72.884381, 44.323089, 1122.3984375 ], [ -72.884342, 44.32314, 1119.8984375 ], [ -72.884295, 44.323304, 1114.5 ], [ -72.884227, 44.323405, 1110.296875 ], [ -72.88401, 44.323589, 1100.19921875 ], [ -72.883781, 44.323741, 1090.0 ], [ -72.883266, 44.323975, 1070.3984375 ], [ -72.88315, 44.324045, 1065.59765625 ], [ -72.883059, 44.324118, 1062.3984375 ], [ -72.883008, 44.324198, 1060.0 ], [ -72.88297, 44.32441, 1054.796875 ], [ -72.882853, 44.324775, 1043.3984375 ], [ -72.882872, 44.325007, 1036.5 ], [ -72.882941, 44.325243, 1030.19921875 ], [ -72.882904, 44.325544, 1019.796875 ], [ -72.882898, 44.325912, 1008.19921875 ], [ -72.8828198, 44.3260869, 1000.3984375 ], [ -72.8829024, 44.3262725, 995.69921875 ], [ -72.8828283, 44.3263323, 993.0 ], [ -72.882643, 44.326369, 989.09765625 ], [ -72.8824936, 44.3264145, 985.796875 ], [ -72.8825017, 44.3265295, 983.0 ], [ -72.882565, 44.326626, 981.5 ], [ -72.882604, 44.326866, 975.19921875 ], [ -72.882585, 44.326962, 971.5 ], [ -72.882521, 44.327088, 965.8984375 ], [ -72.8824, 44.327199, 961.296875 ], [ -72.881831, 44.32749, 947.0 ], [ -72.881583, 44.327572, 942.69921875 ], [ -72.881131, 44.327671, 936.8984375 ], [ -72.880971, 44.32772, 935.0 ], [ -72.8807, 44.32783, 931.09765625 ], [ -72.880066, 44.328194, 916.59765625 ], [ -72.879953, 44.328265, 914.19921875 ], [ -72.879868, 44.328361, 912.796875 ], [ -72.879785, 44.328537, 910.59765625 ], [ -72.87943, 44.328925, 900.3984375 ], [ -72.879352, 44.328993, 898.19921875 ], [ -72.87914, 44.329083, 893.19921875 ], [ -72.879038, 44.329162, 890.5 ], [ -72.878979, 44.32927, 889.0 ], [ -72.878969, 44.329339, 888.69921875 ], [ -72.879094, 44.329587, 890.59765625 ], [ -72.879126, 44.329727, 889.8984375 ], [ -72.879109, 44.329823, 888.796875 ], [ -72.878994, 44.33002, 886.296875 ], [ -72.878942, 44.33008, 885.59765625 ], [ -72.87876, 44.330185, 879.59765625 ], [ -72.878685, 44.330272, 875.796875 ], [ -72.878602, 44.33042, 870.59765625 ], [ -72.878412, 44.330609, 862.5 ], [ -72.878361, 44.330719, 860.5 ], [ -72.878377, 44.330823, 860.69921875 ], [ -72.878552, 44.331118, 858.09765625 ], [ -72.878567, 44.331195, 856.0 ], [ -72.878521, 44.331432, 847.296875 ], [ -72.878577, 44.331633, 840.19921875 ], [ -72.878569, 44.331748, 836.0 ], [ -72.87846, 44.331935, 831.296875 ], [ -72.878227, 44.332189, 827.09765625 ], [ -72.878147, 44.332319, 825.8984375 ], [ -72.87809, 44.332565, 824.3984375 ], [ -72.878041, 44.332654, 823.8984375 ], [ -72.877973, 44.332704, 823.69921875 ], [ -72.877702, 44.332826, 822.69921875 ], [ -72.877597, 44.332944, 822.59765625 ], [ -72.877577, 44.333057, 824.09765625 ], [ -72.877575, 44.333596, 827.8984375 ], [ -72.877538, 44.333763, 827.0 ], [ -72.877534, 44.334095, 828.296875 ], [ -72.877497, 44.334216, 830.5 ], [ -72.877386, 44.33433, 833.3984375 ], [ -72.876918, 44.334599, 837.19921875 ], [ -72.876824, 44.334679, 838.59765625 ], [ -72.87679, 44.334735, 839.3984375 ], [ -72.876762, 44.334847, 840.59765625 ], [ -72.876758, 44.335135, 835.59765625 ], [ -72.876843, 44.335474, 829.796875 ], [ -72.876849, 44.335618, 828.09765625 ], [ -72.876812, 44.335775, 827.796875 ], [ -72.876745, 44.335848, 828.296875 ], [ -72.87661, 44.335906, 828.69921875 ], [ -72.876248, 44.335969, 827.5 ], [ -72.875701, 44.335957, 826.59765625 ], [ -72.875456, 44.335984, 825.59765625 ], [ -72.875264, 44.336047, 824.3984375 ], [ -72.87506, 44.336149, 822.3984375 ], [ -72.874857, 44.336216, 819.8984375 ], [ -72.874549, 44.336289, 815.59765625 ], [ -72.874411, 44.336361, 813.09765625 ], [ -72.874251, 44.336475, 810.19921875 ], [ -72.874, 44.33659, 806.3984375 ], [ -72.873812, 44.336634, 804.0 ], [ -72.873437, 44.33664, 799.69921875 ], [ -72.873142, 44.336677, 794.3984375 ], [ -72.872913, 44.336724, 790.3984375 ], [ -72.872766, 44.336771, 788.69921875 ], [ -72.872533, 44.336906, 788.8984375 ], [ -72.872336, 44.336979, 786.3984375 ], [ -72.872166, 44.337002, 783.59765625 ], [ -72.871927, 44.337003, 780.19921875 ], [ -72.87173, 44.337025, 777.69921875 ], [ -72.871566, 44.337064, 775.796875 ], [ -72.87098, 44.337253, 768.69921875 ], [ -72.870587, 44.337404, 764.19921875 ], [ -72.870484, 44.337489, 762.69921875 ], [ -72.870445, 44.337601, 761.69921875 ], [ -72.870479, 44.33772, 762.69921875 ], [ -72.87088, 44.338241, 768.5 ], [ -72.871048, 44.338431, 770.296875 ], [ -72.871136, 44.338566, 771.19921875 ], [ -72.871166, 44.338689, 771.59765625 ], [ -72.871157, 44.338768, 771.3984375 ], [ -72.870921, 44.339251, 768.19921875 ], [ -72.870517, 44.33976, 775.69921875 ], [ -72.870424, 44.340088, 775.69921875 ], [ -72.870348, 44.340516, 771.796875 ], [ -72.870088, 44.340933, 768.796875 ], [ -72.870064, 44.341027, 767.796875 ], [ -72.870068, 44.341162, 765.0 ], [ -72.870012, 44.341265, 763.19921875 ], [ -72.869902, 44.341315, 760.8984375 ], [ -72.869695, 44.341346, 758.3984375 ], [ -72.869546, 44.341404, 754.296875 ], [ -72.869267, 44.341643, 744.59765625 ], [ -72.869187, 44.341789, 743.0 ], [ -72.869118, 44.342039, 740.796875 ], [ -72.868988, 44.342229, 737.796875 ], [ -72.868988, 44.342272, 736.796875 ], [ -72.869026, 44.342345, 734.796875 ], [ -72.869092, 44.342395, 733.3984375 ], [ -72.869177, 44.34243, 732.59765625 ], [ -72.869561, 44.342525, 726.796875 ], [ -72.869705, 44.342578, 724.69921875 ], [ -72.869776, 44.342626, 723.296875 ], [ -72.86981, 44.342672, 722.796875 ], [ -72.869824, 44.342751, 722.8984375 ], [ -72.869791, 44.342822, 723.5 ], [ -72.869519, 44.342993, 730.296875 ], [ -72.869451, 44.343028, 732.3984375 ], [ -72.869188, 44.343097, 735.796875 ], [ -72.869136, 44.343148, 737.09765625 ], [ -72.869102, 44.343284, 737.5 ], [ -72.868925, 44.343432, 735.8984375 ], [ -72.868902, 44.343499, 736.0 ], [ -72.8689, 44.343684, 736.0 ], [ -72.868793, 44.343925, 736.59765625 ], [ -72.86872, 44.344005, 737.09765625 ], [ -72.868471, 44.344126, 737.0 ], [ -72.868428, 44.344201, 738.796875 ], [ -72.868436, 44.344325, 743.8984375 ], [ -72.868634, 44.344639, 750.8984375 ], [ -72.868621, 44.344711, 750.3984375 ], [ -72.868514, 44.344768, 749.0 ], [ -72.868341, 44.34481, 747.19921875 ], [ -72.868168, 44.344875, 744.09765625 ], [ -72.8678, 44.345215, 735.19921875 ], [ -72.867752, 44.345272, 732.296875 ], [ -72.867728, 44.345434, 729.296875 ], [ -72.867679, 44.345542, 721.09765625 ], [ -72.86765, 44.345673, 713.59765625 ], [ -72.867605, 44.345743, 708.59765625 ], [ -72.867486, 44.345805, 701.296875 ], [ -72.867333, 44.345808, 696.19921875 ], [ -72.866965, 44.345702, 692.09765625 ], [ -72.866765, 44.3457, 695.0 ], [ -72.866668, 44.345734, 696.19921875 ], [ -72.866621, 44.345773, 695.69921875 ], [ -72.866556, 44.345886, 693.796875 ], [ -72.866534, 44.346045, 690.8984375 ], [ -72.866479, 44.346118, 690.0 ], [ -72.866328, 44.346212, 689.0 ], [ -72.866288, 44.346256, 688.19921875 ], [ -72.866269, 44.346331, 686.8984375 ], [ -72.866388, 44.346532, 683.0 ], [ -72.86641, 44.34662, 681.796875 ], [ -72.866385, 44.346751, 680.59765625 ], [ -72.866287, 44.346943, 678.3984375 ], [ -72.866214, 44.347026, 677.796875 ], [ -72.866068, 44.347148, 676.69921875 ], [ -72.865926, 44.347235, 675.69921875 ], [ -72.86558, 44.347395, 674.69921875 ], [ -72.865227, 44.347627, 668.09765625 ], [ -72.864779, 44.347696, 652.3984375 ], [ -72.864649, 44.347763, 648.0 ], [ -72.864561, 44.347879, 643.59765625 ], [ -72.864533, 44.347993, 641.0 ], [ -72.864572, 44.34815, 639.3984375 ], [ -72.864729, 44.348352, 637.09765625 ], [ -72.864857, 44.348601, 631.09765625 ], [ -72.865003, 44.348835, 623.796875 ], [ -72.865024, 44.348904, 621.5 ], [ -72.865078, 44.349213, 609.59765625 ], [ -72.864989, 44.349509, 601.19921875 ], [ -72.865115, 44.349702, 593.69921875 ], [ -72.865331, 44.34993, 585.296875 ], [ -72.865434, 44.350088, 581.5 ], [ -72.865548, 44.350193, 580.19921875 ], [ -72.865608, 44.350288, 579.69921875 ], [ -72.865628, 44.350404, 579.59765625 ], [ -72.865602, 44.350479, 583.3984375 ], [ -72.865522, 44.350541, 587.69921875 ], [ -72.865311, 44.350636, 595.09765625 ], [ -72.865227, 44.350688, 597.796875 ], [ -72.865152, 44.350769, 598.796875 ], [ -72.864973, 44.351035, 601.69921875 ], [ -72.864606, 44.351379, 603.5 ], [ -72.864567, 44.351494, 604.19921875 ], [ -72.864573, 44.351582, 603.796875 ], [ -72.864616, 44.351692, 602.69921875 ], [ -72.864697, 44.351797, 601.8984375 ], [ -72.864799, 44.351868, 600.3984375 ], [ -72.86507, 44.352007, 596.19921875 ], [ -72.865152, 44.352083, 594.0 ], [ -72.865306, 44.352295, 589.69921875 ], [ -72.865622, 44.352629, 584.59765625 ], [ -72.865866, 44.352959, 578.59765625 ], [ -72.865994, 44.353067, 574.3984375 ], [ -72.866259, 44.353187, 567.3984375 ], [ -72.866464, 44.353388, 560.796875 ], [ -72.866586, 44.353562, 555.3984375 ], [ -72.866613, 44.353656, 554.0 ], [ -72.866745, 44.354406, 543.69921875 ], [ -72.866788, 44.354468, 542.296875 ], [ -72.866877, 44.354524, 539.69921875 ], [ -72.867141, 44.354567, 530.8984375 ], [ -72.867189, 44.354619, 529.296875 ], [ -72.867194, 44.35475, 529.8984375 ], [ -72.867156, 44.354872, 531.69921875 ], [ -72.867143, 44.355003, 533.19921875 ], [ -72.867191, 44.355275, 532.0 ], [ -72.867185, 44.355381, 532.3984375 ], [ -72.867043, 44.355778, 539.09765625 ], [ -72.867043, 44.355865, 538.69921875 ], [ -72.867159, 44.356311, 532.59765625 ], [ -72.867357, 44.356799, 521.59765625 ], [ -72.867345, 44.35703, 523.19921875 ], [ -72.867256, 44.357201, 528.59765625 ], [ -72.8672276, 44.3574335, 531.69921875 ], [ -72.8673019, 44.3576196, 529.69921875 ], [ -72.867414, 44.357704, 526.796875 ], [ -72.867837, 44.358017, 516.69921875 ], [ -72.867945, 44.358155, 515.296875 ], [ -72.8680443, 44.3584796, 520.296875 ], [ -72.868186, 44.3586577, 513.3984375 ], [ -72.8683138, 44.3587681, 509.296875 ], [ -72.8684691, 44.3587726, 500.8984375 ], [ -72.868595, 44.358947, 494.09765625 ], [ -72.8686352, 44.3591446, 489.3984375 ], [ -72.8688165, 44.3592605, 472.19921875 ], [ -72.8688874, 44.3593517, 465.8984375 ], [ -72.8689068, 44.3594635, 464.5 ], [ -72.8686595, 44.3596219, 473.5 ], [ -72.8686685, 44.3597012, 471.5 ], [ -72.8687844, 44.3598211, 467.09765625 ], [ -72.8687383, 44.3599507, 463.59765625 ], [ -72.868529, 44.3600181, 459.19921875 ], [ -72.8684339, 44.3600254, 455.19921875 ], [ -72.8682726, 44.3599778, 448.8984375 ], [ -72.8681873, 44.3601006, 437.796875 ], [ -72.8682319, 44.3603159, 429.0 ], [ -72.8684082, 44.3606233, 422.3984375 ], [ -72.8682171, 44.3608678, 401.09765625 ], [ -72.868201, 44.36091, 398.19921875 ], [ -72.8682144, 44.3609734, 395.69921875 ], [ -72.8682869, 44.3610405, 395.59765625 ], [ -72.8685634, 44.3611768, 395.5 ], [ -72.8693822, 44.3615338, 376.3984375 ], [ -72.8696319, 44.3616278, 369.8984375 ], [ -72.8697822, 44.3616509, 367.296875 ], [ -72.8699164, 44.3616336, 365.8984375 ], [ -72.8702582, 44.3615375, 362.8984375 ], [ -72.870425, 44.3614753, 361.69921875 ], [ -72.8705634, 44.3613726, 362.5 ], [ -72.8707003, 44.3612996, 362.0 ], [ -72.8708399, 44.3612421, 361.09765625 ], [ -72.8709364, 44.361259, 358.796875 ], [ -72.8710708, 44.3612286, 357.19921875 ], [ -72.871256, 44.3612305, 353.796875 ], [ -72.8714117, 44.3612133, 351.5 ], [ -72.8715701, 44.3611749, 348.8984375 ], [ -72.8717339, 44.361125, 345.8984375 ], [ -72.8718654, 44.3610674, 343.296875 ], [ -72.8719835, 44.3610252, 341.0 ], [ -72.8720295, 44.3609839, 340.69921875 ], [ -72.8721561, 44.3609962, 337.0 ], [ -72.8722653, 44.3610325, 333.5 ], [ -72.8722889, 44.3610954, 331.5 ], [ -72.8723031, 44.3611816, 329.59765625 ], [ -72.8722431, 44.3612683, 329.19921875 ], [ -72.872158, 44.361363, 329.69921875 ], [ -72.8720184, 44.3614493, 331.69921875 ], [ -72.8719325, 44.3615012, 332.8984375 ], [ -72.87186, 44.3615722, 332.8984375 ], [ -72.8717097, 44.3617392, 332.5 ], [ -72.8715996, 44.3618582, 331.69921875 ], [ -72.8715406, 44.3619484, 330.796875 ], [ -72.8715218, 44.3620309, 329.5 ], [ -72.8715271, 44.3621134, 328.0 ], [ -72.8715701, 44.3621825, 326.296875 ], [ -72.8716506, 44.3622305, 324.5 ], [ -72.8717365, 44.3622439, 323.0 ], [ -72.8718547, 44.3622439, 321.296875 ], [ -72.8720211, 44.362242, 318.5 ], [ -72.8721258, 44.3622554, 316.3984375 ], [ -72.8722412, 44.3622708, 314.296875 ], [ -72.8722813, 44.3622841, 313.296875 ], [ -72.8723919, 44.3622711, 311.19921875 ], [ -72.8724913, 44.3622072, 309.8984375 ], [ -72.8725631, 44.3620987, 309.5 ], [ -72.8726266, 44.3620054, 309.09765625 ], [ -72.8726793, 44.3619476, 308.69921875 ], [ -72.8727204, 44.361853, 308.8984375 ], [ -72.8727321, 44.3617368, 310.09765625 ], [ -72.8727671, 44.3616588, 310.296875 ], [ -72.8728323, 44.3615613, 310.19921875 ], [ -72.8729614, 44.3615131, 307.796875 ], [ -72.8731137, 44.3614743, 304.69921875 ], [ -72.8732748, 44.3614206, 301.5 ], [ -72.8733473, 44.3613822, 300.296875 ], [ -72.8734305, 44.3613265, 299.69921875 ], [ -72.873511, 44.3612728, 299.59765625 ], [ -72.8736238, 44.3612382, 298.09765625 ], [ -72.8737346, 44.3612191, 296.296875 ], [ -72.8739564, 44.3611568, 293.59765625 ], [ -72.8742374, 44.3611625, 288.296875 ], [ -72.8743532, 44.3611441, 286.8984375 ], [ -72.874413, 44.3611423, 285.796875 ], [ -72.8745205, 44.3611371, 284.0 ], [ -72.8745971, 44.3611883, 281.3984375 ], [ -72.8745708, 44.3612823, 279.19921875 ], [ -72.8745311, 44.3613994, 275.69921875 ], [ -72.8745258, 44.3614551, 273.69921875 ], [ -72.8745016, 44.3615127, 272.59765625 ], [ -72.8744667, 44.3615837, 271.0 ], [ -72.8744613, 44.3616547, 269.19921875 ], [ -72.8744694, 44.3617084, 267.296875 ], [ -72.8744989, 44.3617468, 265.59765625 ], [ -72.8745445, 44.3617603, 264.59765625 ], [ -72.8746331, 44.3617603, 263.0 ], [ -72.8747674, 44.3617411, 261.09765625 ], [ -72.8751539, 44.3616873, 256.796875 ], [ -72.8753096, 44.3616758, 254.3984375 ], [ -72.87546, 44.361672, 251.796875 ], [ -72.8757714, 44.3616758, 245.5 ], [ -72.8760452, 44.3616873, 238.19921875 ], [ -72.8762438, 44.3617027, 232.59765625 ], [ -72.8763781, 44.3617219, 228.09765625 ], [ -72.8764828, 44.3617564, 225.0 ], [ -72.8765418, 44.3617987, 222.796875 ], [ -72.8765579, 44.3618543, 221.19921875 ], [ -72.8765365, 44.3619253, 219.796875 ], [ -72.8764774, 44.362027, 218.8984375 ], [ -72.8763673, 44.3621672, 219.296875 ], [ -72.8760452, 44.3626335, 222.19921875 ], [ -72.8759778, 44.3628474, 221.796875 ], [ -72.8760697, 44.3630758, 218.69921875 ], [ -72.8763798, 44.3633923, 209.5 ], [ -72.876477, 44.3635577, 206.3984375 ], [ -72.8764924, 44.3637154, 205.0 ], [ -72.8767191, 44.3641944, 196.8984375 ], [ -72.8768792, 44.3644231, 192.3984375 ], [ -72.8770385, 44.3646122, 189.69921875 ], [ -72.8771244, 44.3646967, 189.0 ], [ -72.8771942, 44.3648118, 188.296875 ], [ -72.8772425, 44.3649423, 188.0 ], [ -72.8772193, 44.3650585, 187.296875 ], [ -72.8772907, 44.3651507, 188.296875 ], [ -72.877387, 44.3651899, 190.296875 ], [ -72.8774624, 44.3652651, 191.796875 ], [ -72.8776689, 44.3652852, 194.296875 ], [ -72.8777601, 44.3654071, 194.8984375 ], [ -72.8779345, 44.3654891, 194.19921875 ], [ -72.8780442, 44.3654736, 194.796875 ], [ -72.8781504, 44.3654438, 195.796875 ], [ -72.8782304, 44.3653703, 197.19921875 ], [ -72.8782948, 44.36533, 198.0 ], [ -72.8783038, 44.3652653, 198.8984375 ], [ -72.8783691, 44.3651631, 201.09765625 ], [ -72.878463, 44.3652, 201.3984375 ], [ -72.878595, 44.3652478, 201.8984375 ], [ -72.8787293, 44.3653523, 201.09765625 ], [ -72.8789248, 44.3654161, 201.09765625 ], [ -72.8793557, 44.3655912, 198.19921875 ], [ -72.8800087, 44.3658829, 196.296875 ], [ -72.880578, 44.3661973, 178.09765625 ], [ -72.8807155, 44.3662603, 175.09765625 ], [ -72.8808522, 44.3663105, 173.0 ], [ -72.880949, 44.3663187, 172.19921875 ], [ -72.8810686, 44.3662929, 172.69921875 ], [ -72.8811483, 44.3662549, 174.09765625 ], [ -72.8812451, 44.3662142, 176.5 ], [ -72.881321, 44.3661925, 177.8984375 ], [ -72.8814027, 44.3661884, 178.19921875 ], [ -72.8815982, 44.3662047, 177.796875 ], [ -72.8817728, 44.3662549, 175.69921875 ], [ -72.8818886, 44.366339, 173.0 ], [ -72.8820348, 44.3664435, 170.296875 ], [ -72.8821544, 44.3665697, 165.3984375 ], [ -72.882191, 44.3666704, 160.59765625 ], [ -72.8821904, 44.3667665, 155.59765625 ], [ -72.8821525, 44.3668384, 153.0 ], [ -72.882105, 44.3669402, 151.5 ], [ -72.8820689, 44.3670555, 149.69921875 ], [ -72.8820329, 44.3672061, 150.19921875 ], [ -72.881955, 44.3673269, 150.796875 ], [ -72.8817709, 44.3675264, 147.09765625 ], [ -72.8815906, 44.3677191, 142.296875 ], [ -72.8814482, 44.3678195, 139.3984375 ], [ -72.8811321, 44.3679311, 133.296875 ], [ -72.8808977, 44.367981, 132.69921875 ], [ -72.880687, 44.3680448, 132.19921875 ], [ -72.8805162, 44.3681438, 130.59765625 ], [ -72.880276, 44.3683789, 124.0 ], [ -72.8798773, 44.3687942, 115.3984375 ], [ -72.8796382, 44.36898, 114.19921875 ], [ -72.8795072, 44.369128, 113.0 ], [ -72.8794149, 44.369249, 111.59765625 ], [ -72.8793563, 44.3694427, 108.69921875 ], [ -72.8792776, 44.3697031, 106.0 ], [ -72.87982, 44.369825, 107.09765625 ], [ -72.879958, 44.369859, 107.69921875 ], [ -72.880091, 44.369898, 107.796875 ], [ -72.88043, 44.370009, 107.3984375 ], [ -72.880576, 44.37005, 107.3984375 ], [ -72.880727, 44.370081, 107.5 ], [ -72.880878, 44.3701, 107.5 ], [ -72.881027, 44.370108, 107.296875 ], [ -72.881247, 44.370099, 106.8984375 ], [ -72.881466, 44.370074, 106.69921875 ], [ -72.881899, 44.370001, 107.0 ], [ -72.882118, 44.369969, 107.796875 ], [ -72.882335, 44.369942, 108.59765625 ], [ -72.882694, 44.369919, 108.3984375 ], [ -72.882985, 44.369914, 108.296875 ], [ -72.884155, 44.369934, 108.796875 ], [ -72.884448, 44.369928, 108.69921875 ], [ -72.884596, 44.369916, 108.3984375 ], [ -72.884739, 44.369898, 108.09765625 ], [ -72.884886, 44.369873, 107.09765625 ], [ -72.885311, 44.369786, 103.796875 ], [ -72.885745, 44.369723, 104.0 ], [ -72.885888, 44.369712, 104.0 ], [ -72.886031, 44.369707, 104.0 ], [ -72.886176, 44.369708, 104.0 ], [ -72.886323, 44.369717, 104.0 ], [ -72.886466, 44.369732, 104.0 ], [ -72.886609, 44.369755, 104.0 ], [ -72.886749, 44.369783, 104.5 ], [ -72.88689, 44.36982, 104.69921875 ], [ -72.887238, 44.369932, 105.69921875 ], [ -72.887601, 44.370035, 106.3984375 ], [ -72.887958, 44.370122, 104.5 ], [ -72.888606, 44.370249, 105.19921875 ], [ -72.889111, 44.370333, 106.5 ], [ -72.889256, 44.370363, 105.59765625 ], [ -72.889545, 44.370414, 104.19921875 ], [ -72.889829, 44.37048, 104.3984375 ], [ -72.889967, 44.370519, 104.69921875 ], [ -72.890172, 44.370583, 106.19921875 ], [ -72.890301, 44.37063, 106.69921875 ], [ -72.890554, 44.370738, 107.0 ], [ -72.890745, 44.370829, 105.3984375 ], [ -72.891025, 44.370941, 105.5 ], [ -72.891165, 44.370992, 106.3984375 ], [ -72.891233, 44.371022, 106.3984375 ], [ -72.891452, 44.37107, 107.09765625 ], [ -72.89174, 44.371111, 107.296875 ], [ -72.892904, 44.371223, 108.8984375 ], [ -72.893416, 44.371265, 105.69921875 ], [ -72.893705, 44.371281, 103.0 ], [ -72.893788, 44.371288, 102.3984375 ], [ -72.894149, 44.371319, 102.8984375 ], [ -72.894444, 44.371355, 104.19921875 ], [ -72.894729, 44.371405, 105.296875 ], [ -72.895008, 44.371463, 105.69921875 ], [ -72.895424, 44.37156, 105.8984375 ], [ -72.8956125, 44.3715987, 106.796875 ], [ -72.8958442, 44.3716539, 107.296875 ], [ -72.8958422, 44.3717118, 106.3984375 ], [ -72.8958329, 44.3717713, 105.5 ], [ -72.8957913, 44.3718384, 104.69921875 ], [ -72.8956973, 44.3719327, 103.8984375 ], [ -72.8956814, 44.3719833, 103.3984375 ], [ -72.8958366, 44.3720528, 103.19921875 ], [ -72.8960831, 44.3721647, 102.3984375 ], [ -72.8962737, 44.372284, 102.59765625 ], [ -72.8964504, 44.3724591, 101.796875 ], [ -72.897175, 44.3727873, 100.69921875 ], [ -72.8973562, 44.3729855, 99.59765625 ], [ -72.8981197, 44.3733491, 98.296875 ], [ -72.898582, 44.3736176, 98.296875 ], [ -72.8987619, 44.3736383, 98.69921875 ], [ -72.8989827, 44.3736407, 99.0 ], [ -72.8996987, 44.3741592, 98.8984375 ], [ -72.9001675, 44.3743783, 99.0 ], [ -72.9008124, 44.3747416, 98.8984375 ], [ -72.9010772, 44.374856, 99.0 ], [ -72.9013669, 44.3750377, 99.0 ], [ -72.9018423, 44.375242, 98.3984375 ], [ -72.9021552, 44.3753491, 98.3984375 ], [ -72.9024744, 44.3754247, 98.0 ], [ -72.9026555, 44.3753521, 98.8984375 ], [ -72.9027806, 44.3751956, 99.796875 ], [ -72.9035321, 44.3752341, 100.0 ], [ -72.9041618, 44.3752818, 100.5 ], [ -72.90442, 44.3751427, 101.0 ], [ -72.9047213, 44.3749527, 101.3984375 ], [ -72.9048846, 44.3748042, 101.69921875 ], [ -72.9050198, 44.3744528, 102.8984375 ], [ -72.9054177, 44.3743879, 102.296875 ], [ -72.905623, 44.3743984, 102.3984375 ], [ -72.9059637, 44.3744714, 103.3984375 ], [ -72.9060543, 44.3746022, 102.8984375 ], [ -72.9055935, 44.3754033, 101.0 ], [ -72.9056431, 44.3755395, 100.59765625 ], [ -72.9060687, 44.3759558, 99.0 ], [ -72.9064053, 44.3762753, 99.09765625 ], [ -72.9065368, 44.3767552, 99.0 ], [ -72.9069152, 44.3768239, 99.0 ], [ -72.9074499, 44.3768874, 99.09765625 ], [ -72.9085952, 44.3770714, 98.0 ], [ -72.9095274, 44.3772371, 97.3984375 ], [ -72.9103129, 44.3772774, 97.296875 ], [ -72.9106638, 44.3772631, 97.0 ], [ -72.9109964, 44.3770459, 97.59765625 ], [ -72.9115343, 44.3766107, 100.09765625 ], [ -72.9119179, 44.3762653, 104.59765625 ], [ -72.9121051, 44.3761249, 106.796875 ], [ -72.913021, 44.376912, 99.59765625 ], [ -72.913077, 44.376961, 99.59765625 ], [ -72.913196, 44.377054, 100.0 ], [ -72.913261, 44.377092, 100.09765625 ], [ -72.913334, 44.377126, 100.5 ], [ -72.913405, 44.377152, 100.8984375 ], [ -72.913478, 44.377173, 101.19921875 ], [ -72.913552, 44.377188, 101.296875 ], [ -72.913698, 44.377206, 101.796875 ], [ -72.91457, 44.377244, 101.19921875 ], [ -72.915003, 44.377279, 100.5 ], [ -72.915294, 44.37731, 100.296875 ], [ -72.91558, 44.377354, 100.5 ], [ -72.915722, 44.377384, 100.296875 ], [ -72.916004, 44.377455, 100.0 ], [ -72.916356, 44.377562, 98.69921875 ], [ -72.916489, 44.377613, 97.8984375 ], [ -72.916615, 44.377677, 97.69921875 ], [ -72.916729, 44.377754, 98.0 ], [ -72.916835, 44.377845, 98.0 ], [ -72.916878, 44.37789, 97.8984375 ], [ -72.916981, 44.377998, 98.09765625 ], [ -72.91702, 44.378053, 98.19921875 ], [ -72.917166, 44.378223, 97.69921875 ], [ -72.917281, 44.37832, 98.19921875 ], [ -72.9172452, 44.3784113, 97.3984375 ], [ -72.9163235, 44.3786572, 97.0 ], [ -72.9163811, 44.3787662, 97.0 ], [ -72.9161325, 44.378803, 97.0 ], [ -72.9159969, 44.3788203, 97.0 ], [ -72.9159004, 44.3787987, 97.0 ], [ -72.9157934, 44.3787718, 97.0 ], [ -72.9156989, 44.3787819, 97.0 ], [ -72.9155205, 44.378822, 97.0 ], [ -72.9154093, 44.378841, 97.0 ], [ -72.9151862, 44.378837, 97.0 ], [ -72.9149624, 44.378813, 97.0 ], [ -72.9147204, 44.378772, 97.0 ], [ -72.9143226, 44.378691, 97.0 ], [ -72.9141143, 44.3786245, 97.0 ], [ -72.913797, 44.378516, 97.0 ], [ -72.913564, 44.37849, 97.0 ], [ -72.913253, 44.37849, 97.0 ], [ -72.913087, 44.378507, 97.0 ], [ -72.9129255, 44.3785495, 97.0 ], [ -72.912764, 44.378627, 97.0 ], [ -72.912178, 44.378963, 97.796875 ], [ -72.912067, 44.379043, 98.0 ], [ -72.9119937, 44.37913, 98.3984375 ], [ -72.9119267, 44.3792533, 98.796875 ], [ -72.9119499, 44.379326, 99.09765625 ], [ -72.9119516, 44.379383, 99.296875 ], [ -72.9120133, 44.3793986, 99.296875 ], [ -72.9120933, 44.3794146, 99.19921875 ], [ -72.912277, 44.3794522, 98.8984375 ], [ -72.9125411, 44.3795219, 98.796875 ], [ -72.9132541, 44.3796947, 99.09765625 ], [ -72.9143749, 44.3799553, 99.0 ], [ -72.9148696, 44.3800341, 98.59765625 ], [ -72.915483, 44.3801372, 99.0 ], [ -72.9165487, 44.3803433, 98.796875 ], [ -72.9167349, 44.3803885, 98.8984375 ], [ -72.9169039, 44.3804071, 99.0 ], [ -72.916807, 44.3806289, 99.796875 ], [ -72.916629, 44.3810362, 101.19921875 ], [ -72.916501, 44.381337, 101.59765625 ], [ -72.91639, 44.381553, 102.09765625 ], [ -72.9163546, 44.3815926, 102.19921875 ], [ -72.916195, 44.381771, 102.8984375 ], [ -72.915847, 44.382144, 104.8984375 ], [ -72.9156154, 44.3824098, 106.796875 ], [ -72.9153557, 44.382708, 111.296875 ], [ -72.915226, 44.382857, 115.5 ], [ -72.915008, 44.383121, 121.796875 ], [ -72.914995, 44.383137, 122.5 ], [ -72.914911, 44.383253, 124.59765625 ], [ -72.914834, 44.383376, 127.3984375 ], [ -72.914699, 44.383635, 132.0 ], [ -72.9144417, 44.3836469, 119.796875 ], [ -72.9140526, 44.3838362, 123.59765625 ], [ -72.9138846, 44.3839989, 131.5 ], [ -72.9135397, 44.3839157, 135.5 ], [ -72.9133251, 44.3839733, 139.796875 ], [ -72.9130512, 44.3841834, 150.0 ], [ -72.9129932, 44.3843662, 157.5 ], [ -72.9128961, 44.3845134, 164.5 ], [ -72.9127449, 44.3845447, 170.796875 ], [ -72.9125994, 44.3844677, 175.09765625 ], [ -72.9124587, 44.3842867, 175.296875 ], [ -72.912117, 44.3842246, 188.0 ], [ -72.9117985, 44.3838866, 185.19921875 ], [ -72.9117483, 44.3838273, 183.69921875 ], [ -72.9116242, 44.3836806, 179.09765625 ], [ -72.9113793, 44.3836392, 177.59765625 ], [ -72.9111505, 44.3836759, 179.5 ], [ -72.9109246, 44.3837866, 183.796875 ], [ -72.910947, 44.3839833, 193.0 ], [ -72.9109417, 44.3842033, 201.69921875 ], [ -72.9110062, 44.3842537, 204.19921875 ], [ -72.9110807, 44.3843473, 208.3984375 ], [ -72.9111219, 44.3849014, 226.59765625 ], [ -72.9108149, 44.3853019, 237.09765625 ], [ -72.9108393, 44.3858011, 248.59765625 ], [ -72.9109043, 44.3860191, 252.8984375 ], [ -72.9108829, 44.3862956, 257.5 ], [ -72.910737, 44.3866963, 261.796875 ], [ -72.9103194, 44.3871853, 272.296875 ], [ -72.9101116, 44.3870568, 277.796875 ], [ -72.9099343, 44.3871979, 280.69921875 ], [ -72.9096012, 44.3876432, 286.0 ], [ -72.9093831, 44.387839, 286.296875 ], [ -72.909253, 44.388011, 285.19921875 ], [ -72.909073, 44.388438, 284.8984375 ], [ -72.9090242, 44.3885952, 284.8984375 ], [ -72.908577, 44.388861, 282.59765625 ], [ -72.908413, 44.38912, 285.296875 ], [ -72.9083328, 44.3893168, 287.19921875 ], [ -72.9082058, 44.3894203, 288.8984375 ], [ -72.9080333, 44.3894927, 290.19921875 ], [ -72.9078689, 44.3894866, 291.5 ], [ -72.9077109, 44.3894207, 292.19921875 ], [ -72.907526, 44.389283, 293.796875 ], [ -72.9074248, 44.3891221, 291.796875 ], [ -72.9072729, 44.3888513, 286.5 ], [ -72.9071483, 44.3887771, 285.59765625 ], [ -72.9066581, 44.3886547, 289.19921875 ], [ -72.9063214, 44.3886201, 287.59765625 ], [ -72.9059677, 44.3886456, 286.5 ], [ -72.9054125, 44.3887207, 289.296875 ], [ -72.9052575, 44.3887136, 290.8984375 ], [ -72.905028, 44.3888515, 295.09765625 ], [ -72.9049007, 44.388847, 295.09765625 ], [ -72.9047415, 44.3886902, 292.19921875 ], [ -72.9042049, 44.3885593, 298.09765625 ], [ -72.9039727, 44.3886156, 298.3984375 ], [ -72.9038694, 44.3886948, 298.69921875 ], [ -72.9036225, 44.3887034, 293.5 ], [ -72.9033263, 44.3892981, 303.0 ], [ -72.9028741, 44.3896699, 313.0 ], [ -72.902874, 44.389442, 312.19921875 ], [ -72.9028066, 44.3892642, 315.09765625 ], [ -72.9026564, 44.3892277, 317.69921875 ], [ -72.902407, 44.389341, 321.69921875 ], [ -72.9021562, 44.3892966, 323.796875 ], [ -72.9018484, 44.389295, 323.8984375 ], [ -72.901633, 44.3893193, 323.796875 ], [ -72.9014451, 44.3894281, 323.3984375 ], [ -72.9011092, 44.389558, 326.5 ], [ -72.900848, 44.389692, 330.796875 ], [ -72.900372, 44.389953, 337.0 ], [ -72.8999703, 44.3902266, 347.5 ], [ -72.8997006, 44.3902557, 350.09765625 ], [ -72.8993431, 44.3906123, 361.0 ], [ -72.899076, 44.390719, 364.296875 ], [ -72.8987787, 44.390723, 368.19921875 ], [ -72.898486, 44.390744, 373.19921875 ], [ -72.8982314, 44.390684, 377.296875 ], [ -72.8980044, 44.3908511, 385.69921875 ], [ -72.8976993, 44.3908288, 390.8984375 ], [ -72.8971165, 44.3907555, 402.5 ], [ -72.8968173, 44.3907646, 410.69921875 ], [ -72.8967874, 44.3908968, 416.0 ], [ -72.896819, 44.390997, 418.59765625 ], [ -72.89684, 44.391192, 424.296875 ], [ -72.8969259, 44.3913318, 427.19921875 ], [ -72.8970179, 44.3914233, 428.5 ], [ -72.8968465, 44.3913985, 431.3984375 ], [ -72.8966597, 44.3913485, 433.69921875 ], [ -72.8965724, 44.3912761, 433.09765625 ], [ -72.8964934, 44.3913972, 438.5 ], [ -72.8963745, 44.391409, 441.19921875 ], [ -72.8964162, 44.3915567, 445.0 ], [ -72.896268, 44.3915971, 450.59765625 ], [ -72.896358, 44.39175, 455.09765625 ], [ -72.8963177, 44.3917688, 456.8984375 ], [ -72.8962726, 44.3917674, 458.0 ], [ -72.8961385, 44.3917122, 458.5 ], [ -72.8960882, 44.3917094, 459.8984375 ], [ -72.8960571, 44.3917326, 461.5 ], [ -72.896049, 44.391779, 463.59765625 ], [ -72.8960856, 44.3918633, 465.8984375 ], [ -72.8961466, 44.3920725, 473.296875 ], [ -72.8962262, 44.3921986, 476.0 ], [ -72.8961357, 44.3922526, 480.69921875 ], [ -72.895942, 44.392202, 484.19921875 ], [ -72.895842, 44.392192, 486.3984375 ], [ -72.8956835, 44.3921051, 488.59765625 ], [ -72.8954789, 44.3919723, 491.0 ], [ -72.8952824, 44.3920899, 502.19921875 ], [ -72.895163, 44.392032, 502.8984375 ], [ -72.8950282, 44.3919586, 504.796875 ], [ -72.8949663, 44.3921392, 509.19921875 ], [ -72.894609, 44.392385, 515.0 ], [ -72.8943404, 44.3925059, 517.59765625 ], [ -72.8941488, 44.3925115, 519.796875 ], [ -72.893896, 44.392428, 524.5 ], [ -72.8935396, 44.3923567, 527.5 ], [ -72.8934609, 44.392437, 529.19921875 ], [ -72.8933827, 44.3925632, 531.5 ], [ -72.893349, 44.3926489, 533.0 ], [ -72.893202, 44.392741, 534.09765625 ], [ -72.8929782, 44.3930676, 536.09765625 ], [ -72.8929129, 44.3932728, 535.8984375 ], [ -72.8929099, 44.3935176, 535.0 ], [ -72.8929189, 44.3936905, 532.69921875 ], [ -72.8928678, 44.3938362, 530.09765625 ], [ -72.8925782, 44.3942294, 529.69921875 ], [ -72.892312, 44.394772, 528.69921875 ], [ -72.8918597, 44.3949657, 532.0 ], [ -72.891419, 44.39531, 526.5 ], [ -72.891148, 44.3953134, 528.19921875 ], [ -72.8909309, 44.3953379, 529.296875 ], [ -72.8908533, 44.3954013, 528.296875 ], [ -72.890796, 44.395457, 527.59765625 ], [ -72.890742, 44.395515, 527.296875 ], [ -72.8905486, 44.3957487, 527.796875 ], [ -72.8904968, 44.3958324, 528.8984375 ], [ -72.8904142, 44.395966, 530.3984375 ], [ -72.890429, 44.396175, 532.296875 ], [ -72.890485, 44.396412, 531.5 ], [ -72.8906901, 44.3968059, 533.3984375 ], [ -72.890748, 44.397263, 531.69921875 ], [ -72.891057, 44.397972, 530.3984375 ], [ -72.891152, 44.3981048, 534.09765625 ], [ -72.8911418, 44.3984773, 541.59765625 ], [ -72.8914102, 44.3988808, 544.59765625 ], [ -72.891488, 44.39933, 552.09765625 ], [ -72.8917079, 44.3996191, 558.8984375 ], [ -72.891648, 44.399824, 565.5 ], [ -72.891693, 44.399953, 568.296875 ], [ -72.891771, 44.400082, 571.0 ], [ -72.891907, 44.40022, 574.19921875 ], [ -72.8921, 44.400342, 575.796875 ], [ -72.892184, 44.4003783, 576.8984375 ], [ -72.8922956, 44.4006421, 577.3984375 ], [ -72.892458, 44.401031, 577.8984375 ], [ -72.8925884, 44.4012654, 576.59765625 ], [ -72.8925434, 44.401467, 576.296875 ], [ -72.8923668, 44.4016474, 577.0 ], [ -72.8922378, 44.4017285, 578.09765625 ], [ -72.8921359, 44.4019508, 579.0 ], [ -72.892075, 44.40226, 579.5 ], [ -72.892057, 44.402624, 582.0 ], [ -72.89201, 44.4031078, 583.8984375 ], [ -72.8920096, 44.4035589, 585.5 ], [ -72.89177, 44.40398, 592.19921875 ], [ -72.891621, 44.404261, 590.296875 ], [ -72.891601, 44.404483, 588.19921875 ], [ -72.891609, 44.404784, 583.796875 ], [ -72.891656, 44.405101, 581.8984375 ], [ -72.891647, 44.405289, 579.09765625 ], [ -72.891512, 44.405659, 572.69921875 ], [ -72.891306, 44.406115, 572.69921875 ], [ -72.891343, 44.40646, 573.19921875 ], [ -72.891452, 44.406723, 567.796875 ], [ -72.891518, 44.40702, 568.09765625 ], [ -72.891636, 44.407729, 577.3984375 ], [ -72.891651, 44.407987, 580.296875 ], [ -72.891516, 44.408528, 584.69921875 ], [ -72.891278, 44.408909, 590.69921875 ], [ -72.8910602, 44.4093833, 596.19921875 ], [ -72.8910408, 44.4099798, 601.8984375 ], [ -72.890974, 44.410374, 602.296875 ], [ -72.890923, 44.410648, 607.3984375 ], [ -72.890874, 44.410796, 610.796875 ], [ -72.890671, 44.411161, 613.8984375 ], [ -72.890568, 44.411303, 615.09765625 ], [ -72.890356, 44.411451, 618.09765625 ], [ -72.8902099, 44.4115537, 620.3984375 ], [ -72.8902, 44.4117604, 624.296875 ], [ -72.890202, 44.411918, 624.59765625 ], [ -72.89024, 44.412131, 623.69921875 ], [ -72.890236, 44.412274, 623.19921875 ], [ -72.8902285, 44.4126688, 618.796875 ], [ -72.8901893, 44.4127771, 617.09765625 ], [ -72.8900698, 44.4128112, 617.3984375 ], [ -72.889969, 44.4128084, 617.69921875 ], [ -72.889868, 44.412742, 617.8984375 ], [ -72.889787, 44.412687, 618.0 ], [ -72.889649, 44.412547, 617.3984375 ], [ -72.889494, 44.412446, 613.296875 ], [ -72.889317, 44.412383, 609.3984375 ], [ -72.889181, 44.412373, 607.296875 ], [ -72.888977, 44.412404, 605.8984375 ], [ -72.888895, 44.412444, 605.59765625 ], [ -72.888718, 44.412571, 607.09765625 ], [ -72.888572, 44.412638, 608.5 ], [ -72.888334, 44.412681, 612.3984375 ], [ -72.8881814, 44.4126849, 613.796875 ], [ -72.8880626, 44.4128029, 618.0 ], [ -72.8881067, 44.4131577, 625.8984375 ], [ -72.887863, 44.413333, 629.19921875 ], [ -72.8874677, 44.4135882, 633.796875 ], [ -72.8873997, 44.4137515, 635.3984375 ], [ -72.887334, 44.414033, 635.3984375 ], [ -72.887285, 44.414398, 634.296875 ], [ -72.887245, 44.414528, 633.3984375 ], [ -72.887068, 44.414785, 628.8984375 ], [ -72.886934, 44.414902, 627.19921875 ], [ -72.886824, 44.41496, 625.3984375 ], [ -72.886696, 44.414994, 624.296875 ], [ -72.886415, 44.415029, 626.296875 ], [ -72.8861595, 44.4150199, 628.69921875 ], [ -72.8858466, 44.4151233, 630.8984375 ], [ -72.8851899, 44.4154081, 639.59765625 ], [ -72.8849884, 44.4156629, 643.8984375 ], [ -72.884642, 44.415756, 654.3984375 ], [ -72.884542, 44.415809, 657.69921875 ], [ -72.884417, 44.415906, 662.3984375 ], [ -72.884029, 44.416332, 672.09765625 ], [ -72.883955, 44.416492, 675.3984375 ], [ -72.883952, 44.416761, 674.59765625 ], [ -72.883964, 44.416858, 674.5 ], [ -72.884045, 44.417109, 675.59765625 ], [ -72.884061, 44.417332, 677.296875 ], [ -72.8842045, 44.4177506, 673.09765625 ], [ -72.883985, 44.418536, 671.0 ], [ -72.88395, 44.418867, 673.3984375 ], [ -72.883861, 44.41927, 670.796875 ], [ -72.883912, 44.419581, 668.19921875 ], [ -72.884063, 44.419883, 662.296875 ], [ -72.884082, 44.419998, 660.296875 ], [ -72.884026, 44.420235, 655.59765625 ], [ -72.884026, 44.420324, 653.796875 ], [ -72.884066, 44.420482, 650.69921875 ], [ -72.8841555, 44.420893, 647.296875 ], [ -72.884069, 44.421595, 654.5 ], [ -72.884105, 44.421834, 656.59765625 ], [ -72.8842, 44.422164, 661.3984375 ], [ -72.88422, 44.422324, 667.5 ], [ -72.884177, 44.422581, 675.09765625 ], [ -72.8841476, 44.4227652, 678.59765625 ], [ -72.8842831, 44.4230574, 680.19921875 ], [ -72.8842044, 44.4232938, 683.0 ], [ -72.884047, 44.423555, 682.19921875 ], [ -72.884016, 44.42393, 678.796875 ], [ -72.884084, 44.424482, 681.5 ], [ -72.884267, 44.42482, 682.19921875 ], [ -72.884276, 44.424881, 682.09765625 ], [ -72.88426, 44.424959, 683.296875 ], [ -72.8841148, 44.4250397, 687.69921875 ], [ -72.8839601, 44.4251497, 687.09765625 ], [ -72.8839355, 44.4254541, 689.59765625 ], [ -72.8840612, 44.4256791, 689.0 ], [ -72.884079, 44.425813, 688.796875 ], [ -72.884033, 44.425986, 689.09765625 ], [ -72.884024, 44.426325, 691.19921875 ], [ -72.883972, 44.426517, 692.09765625 ], [ -72.883946, 44.426919, 694.8984375 ], [ -72.883916, 44.427032, 696.09765625 ], [ -72.88372, 44.427502, 702.19921875 ], [ -72.883703, 44.427625, 704.5 ], [ -72.883751, 44.427791, 708.0 ], [ -72.883934, 44.428112, 717.5 ], [ -72.883965, 44.428207, 720.296875 ], [ -72.883959, 44.428355, 725.296875 ], [ -72.883937, 44.428423, 727.796875 ], [ -72.883828, 44.428599, 734.19921875 ], [ -72.883825, 44.428668, 736.0 ], [ -72.883995, 44.42905, 742.19921875 ], [ -72.883952, 44.429332, 749.8984375 ], [ -72.883847, 44.429605, 760.69921875 ], [ -72.883833, 44.429805, 762.296875 ], [ -72.883794, 44.42986, 763.09765625 ], [ -72.883672, 44.429962, 763.59765625 ], [ -72.883421, 44.430059, 763.59765625 ], [ -72.883198, 44.4300995, 763.69921875 ], [ -72.8828817, 44.4300073, 765.69921875 ], [ -72.8827757, 44.4301475, 764.796875 ], [ -72.8827668, 44.4303168, 761.09765625 ], [ -72.882904, 44.430422, 758.8984375 ], [ -72.8829952, 44.4304776, 756.3984375 ], [ -72.8829599, 44.4305459, 753.59765625 ], [ -72.882813, 44.430576, 752.0 ], [ -72.88272, 44.430599, 750.8984375 ], [ -72.882546, 44.430589, 751.0 ], [ -72.8824091, 44.4304911, 752.8984375 ], [ -72.882263, 44.430539, 747.59765625 ], [ -72.8818876, 44.4304954, 754.3984375 ], [ -72.8814426, 44.4306101, 749.296875 ], [ -72.8812424, 44.4307582, 745.0 ], [ -72.881047, 44.430665, 744.3984375 ], [ -72.8807414, 44.4307012, 737.8984375 ], [ -72.880581, 44.43087, 733.59765625 ], [ -72.880442, 44.430925, 731.5 ], [ -72.8801504, 44.4309209, 729.5 ], [ -72.8800275, 44.4309977, 728.59765625 ], [ -72.879935, 44.431098, 727.0 ], [ -72.879792, 44.431149, 726.19921875 ], [ -72.8796388, 44.4312068, 725.19921875 ], [ -72.879506, 44.431173, 724.796875 ], [ -72.8792411, 44.4310982, 723.19921875 ], [ -72.8791503, 44.4309272, 721.69921875 ], [ -72.8789838, 44.4309087, 721.8984375 ], [ -72.8786881, 44.4310741, 722.5 ], [ -72.8785126, 44.4310694, 719.69921875 ], [ -72.8784542, 44.4308529, 715.59765625 ], [ -72.8783453, 44.430808, 713.0 ], [ -72.878088, 44.430874, 708.8984375 ], [ -72.877561, 44.430922, 713.0 ], [ -72.877337, 44.430974, 714.5 ], [ -72.877019, 44.431011, 717.0 ], [ -72.876896, 44.430999, 717.59765625 ], [ -72.876401, 44.430858, 720.59765625 ], [ -72.8762232, 44.4308207, 723.09765625 ], [ -72.876122, 44.430868, 725.3984375 ], [ -72.8760433, 44.4309486, 726.69921875 ], [ -72.875576, 44.430913, 728.19921875 ], [ -72.8752997, 44.4309943, 731.0 ], [ -72.8750485, 44.4310793, 734.19921875 ], [ -72.875024, 44.431177, 735.296875 ], [ -72.8748158, 44.4314089, 739.59765625 ], [ -72.8747245, 44.4314122, 741.09765625 ], [ -72.8744673, 44.4312431, 748.19921875 ], [ -72.8743189, 44.4311874, 749.8984375 ], [ -72.8742002, 44.4312321, 751.3984375 ], [ -72.874105, 44.431316, 751.09765625 ], [ -72.874, 44.431404, 750.3984375 ], [ -72.873769, 44.431701, 751.5 ], [ -72.873596, 44.432146, 752.796875 ], [ -72.873571, 44.432319, 752.3984375 ], [ -72.873526, 44.43239, 751.8984375 ], [ -72.873413, 44.432449, 750.19921875 ], [ -72.873188, 44.432501, 747.69921875 ], [ -72.873095, 44.432545, 747.09765625 ], [ -72.872901, 44.432696, 745.59765625 ], [ -72.872613, 44.432837, 743.3984375 ], [ -72.872465, 44.432933, 742.796875 ], [ -72.872061, 44.433446, 743.8984375 ], [ -72.871703, 44.43372, 740.19921875 ], [ -72.871623, 44.43381, 739.09765625 ], [ -72.8713628, 44.4341151, 735.8984375 ], [ -72.8713556, 44.4343997, 734.8984375 ], [ -72.871323, 44.4344847, 735.19921875 ], [ -72.8711752, 44.4344808, 736.796875 ], [ -72.8709452, 44.4345562, 742.69921875 ], [ -72.8707854, 44.4344963, 747.0 ], [ -72.8706164, 44.4342181, 752.59765625 ], [ -72.870449, 44.4342619, 757.09765625 ], [ -72.8702552, 44.4342243, 762.296875 ], [ -72.8700291, 44.433911, 762.796875 ], [ -72.8700091, 44.4338282, 762.3984375 ], [ -72.8699111, 44.4338309, 763.8984375 ], [ -72.8697809, 44.4339086, 767.3984375 ], [ -72.869749, 44.4341738, 771.796875 ], [ -72.869485, 44.434659, 773.8984375 ], [ -72.869429, 44.434716, 773.796875 ], [ -72.869294, 44.434772, 774.69921875 ], [ -72.8690878, 44.4347633, 777.09765625 ], [ -72.86896, 44.4347974, 776.296875 ], [ -72.868871, 44.43487, 774.69921875 ], [ -72.868522, 44.435069, 772.3984375 ], [ -72.868264, 44.435238, 774.296875 ], [ -72.868138, 44.435293, 775.69921875 ], [ -72.867688, 44.435427, 779.296875 ], [ -72.8674228, 44.4355411, 778.09765625 ], [ -72.8672183, 44.435521, 779.0 ], [ -72.8670561, 44.4354596, 780.59765625 ], [ -72.866984, 44.4353289, 783.8984375 ], [ -72.8666583, 44.4352164, 785.59765625 ], [ -72.8664524, 44.4352271, 782.5 ], [ -72.8659071, 44.435013, 788.19921875 ], [ -72.8653864, 44.4348904, 790.09765625 ], [ -72.865341, 44.4351758, 785.0 ], [ -72.8652813, 44.4355383, 774.3984375 ], [ -72.8651077, 44.4357768, 770.69921875 ], [ -72.8650698, 44.4358688, 768.296875 ], [ -72.8647077, 44.4359862, 769.8984375 ], [ -72.8641496, 44.4359368, 767.5 ], [ -72.8634462, 44.4359756, 761.296875 ], [ -72.8629556, 44.4359771, 763.59765625 ], [ -72.8625859, 44.43603, 767.5 ], [ -72.862171, 44.435949, 768.296875 ], [ -72.8614117, 44.4359831, 774.69921875 ], [ -72.8610209, 44.4358312, 781.5 ], [ -72.8608441, 44.4357377, 784.09765625 ], [ -72.860435, 44.43596, 785.0 ], [ -72.8602074, 44.4360384, 786.09765625 ], [ -72.8600279, 44.4361386, 787.796875 ], [ -72.859833, 44.436041, 793.796875 ], [ -72.85968, 44.43598, 799.0 ], [ -72.859498, 44.435958, 803.8984375 ], [ -72.8591887, 44.4360187, 808.69921875 ], [ -72.8590201, 44.4359766, 812.19921875 ], [ -72.8589245, 44.4358991, 816.19921875 ], [ -72.8585508, 44.4359054, 820.59765625 ], [ -72.858106, 44.4359307, 823.0 ], [ -72.8578326, 44.4359084, 823.3984375 ], [ -72.857568, 44.4358824, 823.0 ], [ -72.8574079, 44.4358414, 823.19921875 ], [ -72.8572529, 44.4357339, 824.5 ], [ -72.8572234, 44.4356387, 825.19921875 ], [ -72.857186, 44.435512, 825.19921875 ], [ -72.8572189, 44.4352318, 822.59765625 ], [ -72.8570986, 44.4351361, 820.59765625 ], [ -72.8567859, 44.4351114, 818.5 ], [ -72.8564196, 44.4347949, 818.3984375 ], [ -72.8559392, 44.4347208, 825.69921875 ], [ -72.855531, 44.43457, 830.59765625 ], [ -72.8553501, 44.4343165, 837.0 ], [ -72.8550233, 44.4341423, 843.09765625 ], [ -72.8547553, 44.4341718, 848.09765625 ], [ -72.8544201, 44.4340872, 854.3984375 ], [ -72.8541677, 44.4342983, 853.0 ], [ -72.8540431, 44.4342504, 853.0 ], [ -72.8539117, 44.434502, 855.5 ], [ -72.8536737, 44.4343574, 861.796875 ], [ -72.8536192, 44.4343756, 864.0 ], [ -72.853565, 44.4345042, 867.19921875 ], [ -72.85343, 44.434529, 869.8984375 ], [ -72.85335, 44.434594, 871.69921875 ], [ -72.8533203, 44.4348083, 871.3984375 ], [ -72.8531218, 44.4349027, 874.09765625 ], [ -72.852975, 44.4351544, 875.796875 ], [ -72.8528087, 44.435334, 878.296875 ], [ -72.8527726, 44.4355784, 879.69921875 ], [ -72.852499, 44.435545, 884.5 ], [ -72.852262, 44.435551, 887.5 ], [ -72.852106, 44.435577, 888.3984375 ], [ -72.8517558, 44.4357928, 894.0 ], [ -72.8515068, 44.4357744, 899.0 ], [ -72.8513821, 44.435649, 901.0 ], [ -72.8512531, 44.4355745, 902.3984375 ], [ -72.8511263, 44.4357046, 905.69921875 ], [ -72.8512425, 44.4359792, 905.8984375 ], [ -72.8512087, 44.4362228, 908.8984375 ], [ -72.8510581, 44.4363016, 913.796875 ], [ -72.8508663, 44.4363182, 917.3984375 ], [ -72.8508446, 44.4367328, 925.8984375 ], [ -72.8507917, 44.4368118, 929.0 ], [ -72.8506096, 44.43679, 932.3984375 ], [ -72.8505049, 44.4369329, 936.69921875 ], [ -72.850541, 44.4370772, 939.8984375 ], [ -72.850716, 44.437092, 936.69921875 ], [ -72.850847, 44.437188, 937.296875 ], [ -72.850899, 44.437246, 937.796875 ], [ -72.850948, 44.437375, 940.296875 ], [ -72.850944, 44.437454, 942.3984375 ], [ -72.8509577, 44.4376761, 947.19921875 ], [ -72.8509159, 44.4377646, 950.3984375 ], [ -72.8506974, 44.4376867, 956.59765625 ], [ -72.8503577, 44.4376287, 963.796875 ], [ -72.8501133, 44.4376942, 968.59765625 ], [ -72.8499951, 44.4377438, 970.5 ], [ -72.8500248, 44.4378539, 973.19921875 ], [ -72.8501276, 44.4379903, 976.5 ], [ -72.850245, 44.438136, 980.5 ], [ -72.850267, 44.438277, 982.8984375 ], [ -72.85025, 44.438456, 985.09765625 ], [ -72.8502416, 44.4387757, 987.19921875 ], [ -72.8501765, 44.4388961, 987.0 ], [ -72.8500198, 44.4389438, 988.3984375 ], [ -72.8497457, 44.4388825, 988.59765625 ], [ -72.849563, 44.439021, 986.8984375 ], [ -72.8495, 44.439138, 985.3984375 ], [ -72.8493996, 44.4396767, 979.09765625 ], [ -72.8493001, 44.4397548, 979.5 ], [ -72.8490839, 44.4397781, 983.0 ], [ -72.848982, 44.439908, 982.296875 ], [ -72.8489618, 44.4401217, 977.19921875 ], [ -72.8487712, 44.4402332, 977.8984375 ], [ -72.848178, 44.440251, 984.5 ], [ -72.848062, 44.440281, 985.5 ], [ -72.847701, 44.440401, 987.296875 ], [ -72.847561, 44.440474, 986.0 ], [ -72.8474753, 44.4406231, 984.5 ], [ -72.8474223, 44.4408372, 983.296875 ], [ -72.847168, 44.4409048, 984.09765625 ], [ -72.846828, 44.440976, 984.09765625 ], [ -72.846692, 44.441037, 983.09765625 ], [ -72.8466, 44.441111, 983.0 ], [ -72.846345, 44.441429, 978.3984375 ], [ -72.845766, 44.441969, 967.0 ], [ -72.8456603, 44.4422138, 964.296875 ], [ -72.8453433, 44.4423122, 961.69921875 ], [ -72.8447634, 44.4426624, 961.59765625 ], [ -72.8444198, 44.4426256, 958.69921875 ], [ -72.8440976, 44.4427347, 956.19921875 ], [ -72.8439299, 44.4427865, 956.5 ], [ -72.8436835, 44.442741, 956.19921875 ], [ -72.84357, 44.442774, 958.0 ], [ -72.843379, 44.442833, 960.59765625 ], [ -72.843275, 44.442909, 962.69921875 ], [ -72.843181, 44.443035, 968.3984375 ], [ -72.842945, 44.443252, 979.69921875 ], [ -72.842794, 44.443344, 984.8984375 ], [ -72.84261, 44.443419, 985.5 ], [ -72.842501, 44.443488, 985.3984375 ], [ -72.842344, 44.443641, 994.5 ], [ -72.841961, 44.443924, 1005.796875 ], [ -72.841498, 44.444097, 1016.0 ], [ -72.84083, 44.444443, 1034.8984375 ], [ -72.84015, 44.44468, 1046.09765625 ], [ -72.83981, 44.444879, 1051.8984375 ], [ -72.839685, 44.444988, 1055.09765625 ], [ -72.839608, 44.445119, 1059.0 ], [ -72.839595, 44.445269, 1064.09765625 ], [ -72.839771, 44.445671, 1079.0 ], [ -72.839753, 44.445872, 1083.69921875 ], [ -72.839772, 44.445976, 1085.8984375 ], [ -72.839833, 44.446083, 1087.19921875 ], [ -72.839854, 44.44617, 1088.3984375 ], [ -72.83976, 44.446444, 1092.59765625 ], [ -72.83972, 44.446656, 1096.8984375 ], [ -72.839721, 44.446854, 1101.0 ], [ -72.839702, 44.446959, 1103.19921875 ], [ -72.839618, 44.447136, 1105.69921875 ], [ -72.839583, 44.447285, 1106.5 ], [ -72.839595, 44.447526, 1109.19921875 ], [ -72.839665, 44.447841, 1112.796875 ], [ -72.839832, 44.44824, 1117.5 ], [ -72.839848, 44.448335, 1118.3984375 ], [ -72.839728, 44.448679, 1122.3984375 ], [ -72.839717, 44.448775, 1123.0 ], [ -72.839763, 44.44905, 1122.3984375 ], [ -72.839712, 44.449196, 1123.5 ], [ -72.839661, 44.449266, 1123.3984375 ], [ -72.839557, 44.449339, 1122.796875 ], [ -72.8388186, 44.4496775, 1111.19921875 ], [ -72.8387473, 44.4497455, 1109.8984375 ], [ -72.8386801, 44.4498538, 1108.796875 ], [ -72.8385877, 44.4500879, 1105.19921875 ], [ -72.8385409, 44.4501577, 1103.0 ], [ -72.8384959, 44.4501733, 1101.8984375 ], [ -72.838442, 44.4501744, 1100.796875 ], [ -72.8383754, 44.4501597, 1100.09765625 ], [ -72.8382474, 44.4500905, 1098.796875 ], [ -72.8381664, 44.4500574, 1097.296875 ], [ -72.8380724, 44.4500408, 1095.09765625 ], [ -72.8379846, 44.4500152, 1092.796875 ], [ -72.837892, 44.449958, 1091.09765625 ], [ -72.8377321, 44.4498743, 1088.5 ], [ -72.8376068, 44.4497703, 1085.0 ], [ -72.8375067, 44.4497143, 1082.296875 ], [ -72.8374339, 44.4497193, 1079.8984375 ], [ -72.8373573, 44.4497413, 1077.69921875 ], [ -72.8371695, 44.449817, 1072.0 ], [ -72.8370877, 44.4498838, 1069.0 ], [ -72.8370499, 44.4498902, 1067.5 ], [ -72.837009, 44.4498867, 1066.09765625 ], [ -72.836924, 44.4498292, 1063.5 ], [ -72.8368737, 44.4498278, 1062.3984375 ], [ -72.8368485, 44.4498561, 1062.0 ], [ -72.836833, 44.4499384, 1061.0 ], [ -72.8368139, 44.4501253, 1059.19921875 ], [ -72.8368094, 44.4501856, 1058.296875 ], [ -72.8368135, 44.4502247, 1057.796875 ], [ -72.8368407, 44.4502578, 1057.69921875 ], [ -72.8368677, 44.4502812, 1058.0 ], [ -72.836931, 44.4502942, 1059.0 ], [ -72.8369961, 44.4503081, 1060.296875 ], [ -72.8370254, 44.4503448, 1060.3984375 ], [ -72.8370304, 44.4503871, 1059.3984375 ], [ -72.837016, 44.4504218, 1058.59765625 ], [ -72.8369849, 44.4504564, 1056.796875 ], [ -72.836977, 44.4504987, 1055.8984375 ], [ -72.8369831, 44.4505217, 1055.5 ], [ -72.8370351, 44.4505774, 1055.296875 ], [ -72.8370554, 44.4506111, 1055.0 ], [ -72.8370502, 44.4506443, 1054.19921875 ], [ -72.8369694, 44.4507179, 1050.796875 ], [ -72.8369591, 44.4507483, 1049.8984375 ], [ -72.8369762, 44.4508855, 1046.5 ], [ -72.8370539, 44.4510709, 1041.296875 ], [ -72.8371453, 44.4511814, 1038.0 ], [ -72.8372319, 44.4512345, 1036.8984375 ], [ -72.8373366, 44.4512861, 1035.0 ], [ -72.8373912, 44.4513034, 1035.0 ], [ -72.8374575, 44.4513165, 1034.69921875 ], [ -72.8375141, 44.4513385, 1034.19921875 ], [ -72.8375454, 44.4513616, 1033.5 ], [ -72.8375497, 44.4513954, 1031.796875 ], [ -72.8375406, 44.4514462, 1029.5 ], [ -72.8374987, 44.4516197, 1022.0 ], [ -72.8374966, 44.4516575, 1020.296875 ], [ -72.8375247, 44.4516979, 1018.69921875 ], [ -72.8375682, 44.4517344, 1017.69921875 ], [ -72.8376319, 44.4517656, 1016.3984375 ], [ -72.8377067, 44.4517947, 1016.09765625 ], [ -72.8377804, 44.4518148, 1015.796875 ], [ -72.8378365, 44.451839, 1015.59765625 ], [ -72.8378844, 44.4518833, 1014.59765625 ], [ -72.8379217, 44.4519428, 1012.796875 ], [ -72.8379437, 44.451999, 1010.5 ], [ -72.8379411, 44.4520615, 1007.8984375 ], [ -72.8379372, 44.452114, 1005.69921875 ], [ -72.8379507, 44.4521531, 1004.09765625 ], [ -72.8379914, 44.4521915, 1003.09765625 ], [ -72.8380613, 44.4522341, 1002.796875 ], [ -72.8381076, 44.4522775, 1002.296875 ], [ -72.8381417, 44.4523371, 1000.59765625 ], [ -72.8381573, 44.4523918, 999.296875 ], [ -72.8381919, 44.4524609, 997.5 ], [ -72.8382476, 44.4525143, 997.19921875 ], [ -72.8382704, 44.4525578, 995.69921875 ], [ -72.8382699, 44.4526075, 993.59765625 ], [ -72.8382649, 44.45267, 990.8984375 ], [ -72.8382771, 44.4527117, 989.69921875 ], [ -72.838324, 44.4527597, 988.796875 ], [ -72.8383652, 44.4528077, 988.5 ], [ -72.8383851, 44.4528759, 986.5 ], [ -72.8384229, 44.4532143, 971.796875 ], [ -72.8386375, 44.4534227, 969.8984375 ], [ -72.8388189, 44.4538451, 955.5 ], [ -72.8389162, 44.4541269, 946.59765625 ], [ -72.838848, 44.454684, 932.59765625 ], [ -72.8390961, 44.4551176, 933.19921875 ], [ -72.8390188, 44.4552586, 928.8984375 ], [ -72.8389524, 44.4553831, 925.296875 ], [ -72.838756, 44.455658, 919.8984375 ], [ -72.8385983, 44.4558403, 914.59765625 ], [ -72.838535, 44.4558677, 912.5 ], [ -72.8384562, 44.4559062, 910.3984375 ], [ -72.8384459, 44.455954, 909.69921875 ], [ -72.8384713, 44.4560249, 909.296875 ], [ -72.8385254, 44.4561249, 908.69921875 ], [ -72.8385407, 44.4561805, 907.69921875 ], [ -72.8385172, 44.4562522, 906.296875 ], [ -72.8383617, 44.4563738, 903.3984375 ], [ -72.8380324, 44.4565376, 894.19921875 ], [ -72.8378687, 44.4567452, 889.69921875 ], [ -72.8378588, 44.4570947, 888.0 ], [ -72.8376969, 44.4573169, 881.19921875 ], [ -72.8375532, 44.4574453, 877.0 ], [ -72.837363, 44.4577412, 874.69921875 ], [ -72.8371797, 44.4579463, 877.5 ], [ -72.8371968, 44.4581471, 881.296875 ], [ -72.8369749, 44.4584428, 887.19921875 ], [ -72.8367717, 44.4586574, 891.8984375 ], [ -72.8367316, 44.4588849, 898.0 ], [ -72.8368154, 44.4593108, 911.0 ], [ -72.8369793, 44.4598946, 923.0 ], [ -72.8369699, 44.4600603, 925.69921875 ], [ -72.8368598, 44.4602129, 929.5 ], [ -72.8368199, 44.4603707, 934.19921875 ], [ -72.8369375, 44.460696, 945.0 ], [ -72.8372839, 44.4612378, 945.59765625 ], [ -72.8375666, 44.4615842, 938.59765625 ], [ -72.838034, 44.461937, 946.3984375 ], [ -72.838336, 44.462244, 953.19921875 ], [ -72.8385034, 44.4623299, 946.5 ], [ -72.8385175, 44.4625354, 938.5 ], [ -72.8385956, 44.4627809, 928.5 ], [ -72.8385462, 44.4629675, 922.8984375 ], [ -72.8385347, 44.4631848, 917.8984375 ], [ -72.8386111, 44.4635655, 907.296875 ], [ -72.8388616, 44.4636892, 902.0 ], [ -72.8393702, 44.4638601, 893.19921875 ], [ -72.8401227, 44.4642951, 878.09765625 ], [ -72.8405513, 44.4646663, 883.59765625 ], [ -72.8406648, 44.4650974, 880.0 ], [ -72.840671, 44.4653923, 875.296875 ], [ -72.840475, 44.4653971, 873.3984375 ], [ -72.8403746, 44.4655001, 870.69921875 ], [ -72.8404774, 44.4658727, 864.796875 ], [ -72.840268, 44.4663023, 853.3984375 ], [ -72.8402206, 44.4670872, 830.69921875 ], [ -72.8402416, 44.4673069, 822.0 ], [ -72.8399081, 44.4677643, 806.8984375 ], [ -72.839938, 44.4680966, 796.09765625 ], [ -72.8398449, 44.4683925, 792.3984375 ], [ -72.8401076, 44.4686499, 798.69921875 ], [ -72.8405435, 44.4686056, 794.5 ], [ -72.8407947, 44.4686128, 792.3984375 ], [ -72.840729, 44.4688397, 798.59765625 ], [ -72.8403096, 44.4690074, 809.0 ], [ -72.8399614, 44.4691116, 814.59765625 ], [ -72.8397417, 44.4692958, 818.796875 ], [ -72.8392332, 44.4697521, 826.3984375 ], [ -72.8389725, 44.4700358, 829.0 ], [ -72.8387125, 44.4704459, 829.796875 ], [ -72.8386809, 44.4706974, 830.5 ], [ -72.83875, 44.4710001, 829.19921875 ], [ -72.838827, 44.471161, 827.796875 ], [ -72.838818, 44.4715422, 822.59765625 ], [ -72.8390012, 44.4718517, 820.09765625 ], [ -72.8391426, 44.4724452, 817.8984375 ], [ -72.8390454, 44.4727696, 817.19921875 ], [ -72.8390801, 44.4729041, 817.3984375 ], [ -72.8392916, 44.4730595, 816.796875 ], [ -72.8392454, 44.473245, 816.59765625 ], [ -72.8390899, 44.4733686, 816.19921875 ], [ -72.8388242, 44.4735371, 812.796875 ], [ -72.8386818, 44.4737634, 811.0 ], [ -72.8386757, 44.4739569, 811.19921875 ], [ -72.8388276, 44.4740485, 813.8984375 ], [ -72.8390232, 44.4742612, 816.796875 ], [ -72.8392047, 44.4744946, 818.09765625 ], [ -72.8391556, 44.4749534, 817.5 ], [ -72.8390064, 44.4752312, 813.09765625 ], [ -72.8389858, 44.475499, 811.8984375 ], [ -72.8388075, 44.4757078, 808.0 ], [ -72.8387472, 44.4759581, 805.09765625 ], [ -72.8384585, 44.4761762, 800.59765625 ], [ -72.838363, 44.47633, 800.296875 ], [ -72.838227, 44.476628, 797.8984375 ], [ -72.838042, 44.477158, 780.5 ], [ -72.837936, 44.477652, 777.59765625 ], [ -72.8379678, 44.4779132, 782.09765625 ], [ -72.8379206, 44.4781172, 785.3984375 ], [ -72.837872, 44.4782438, 786.796875 ], [ -72.8374055, 44.4783681, 772.5 ], [ -72.8372077, 44.4784072, 765.8984375 ], [ -72.8371235, 44.4782401, 755.59765625 ], [ -72.8363829, 44.4783574, 735.09765625 ], [ -72.836114, 44.4784703, 728.8984375 ], [ -72.8359202, 44.4787458, 723.796875 ], [ -72.8356735, 44.4790511, 715.19921875 ], [ -72.8357879, 44.4798821, 688.19921875 ], [ -72.8358447, 44.480775, 657.69921875 ], [ -72.8356846, 44.4810231, 646.09765625 ], [ -72.835639, 44.481098, 645.296875 ], [ -72.8352602, 44.4816009, 633.09765625 ], [ -72.83524, 44.481852, 630.5 ], [ -72.8352482, 44.482319, 625.5 ], [ -72.835254, 44.482625, 622.19921875 ], [ -72.83519, 44.482805, 617.19921875 ], [ -72.8351988, 44.4829477, 615.296875 ], [ -72.8350933, 44.4830787, 615.8984375 ], [ -72.8349394, 44.4831536, 620.0 ], [ -72.8348023, 44.4829841, 622.0 ], [ -72.8346116, 44.4829004, 625.59765625 ], [ -72.8341656, 44.4830844, 636.8984375 ], [ -72.8333409, 44.4830721, 648.69921875 ], [ -72.8329691, 44.4830259, 651.296875 ], [ -72.8325699, 44.4830174, 649.19921875 ], [ -72.8323095, 44.4831109, 645.09765625 ], [ -72.8323565, 44.4833482, 635.09765625 ], [ -72.8324313, 44.4836435, 627.3984375 ], [ -72.8321328, 44.4838096, 623.09765625 ], [ -72.8317603, 44.4839069, 621.3984375 ], [ -72.8314578, 44.4838157, 614.296875 ], [ -72.8308004, 44.4840916, 614.8984375 ], [ -72.8306787, 44.4840768, 614.0 ], [ -72.8306223, 44.484117, 615.0 ], [ -72.830532, 44.4841592, 615.796875 ], [ -72.8304416, 44.4841761, 616.09765625 ], [ -72.8302577, 44.4841645, 615.19921875 ], [ -72.8301169, 44.4841714, 614.09765625 ], [ -72.8300383, 44.4841909, 613.69921875 ], [ -72.8299414, 44.4842646, 613.0 ], [ -72.8297757, 44.4844904, 608.796875 ], [ -72.8297433, 44.4845513, 607.0 ], [ -72.8296758, 44.4845654, 604.59765625 ], [ -72.8295551, 44.4845414, 600.296875 ], [ -72.8294274, 44.4845179, 595.19921875 ], [ -72.8293316, 44.4845308, 591.69921875 ], [ -72.8292357, 44.484569, 589.19921875 ], [ -72.8289196, 44.4845726, 580.19921875 ], [ -72.828613, 44.4845925, 579.5 ], [ -72.8283797, 44.4846531, 581.3984375 ], [ -72.8282175, 44.4847137, 581.59765625 ], [ -72.8279428, 44.4848016, 580.3984375 ], [ -72.8277689, 44.4848992, 581.19921875 ], [ -72.8274604, 44.4850064, 575.09765625 ], [ -72.8278655, 44.4850465, 584.796875 ], [ -72.8280889, 44.4850604, 589.19921875 ], [ -72.8282265, 44.4850494, 592.09765625 ], [ -72.8283411, 44.4850272, 594.3984375 ], [ -72.8284368, 44.4850221, 597.69921875 ], [ -72.8285211, 44.4850273, 600.3984375 ], [ -72.8285947, 44.4850432, 602.8984375 ], [ -72.8287165, 44.4850973, 607.59765625 ], [ -72.8289639, 44.485284, 612.59765625 ], [ -72.8291684, 44.4854229, 616.0 ], [ -72.829317, 44.485531, 618.59765625 ], [ -72.829457, 44.4856035, 621.09765625 ], [ -72.8295379, 44.4856225, 621.59765625 ], [ -72.829663, 44.485629, 622.5 ], [ -72.829839, 44.485632, 621.09765625 ], [ -72.8301181, 44.4855623, 616.796875 ], [ -72.8302469, 44.4855462, 614.5 ], [ -72.8303538, 44.4855479, 612.8984375 ], [ -72.8304634, 44.485561, 611.0 ], [ -72.8307213, 44.4856374, 604.796875 ], [ -72.830912, 44.485699, 600.296875 ], [ -72.831108, 44.485797, 594.8984375 ], [ -72.8317341, 44.4862361, 573.8984375 ], [ -72.8318368, 44.4863026, 570.296875 ], [ -72.8319581, 44.4863531, 567.0 ], [ -72.8320474, 44.4863849, 565.296875 ], [ -72.832237, 44.486419, 562.3984375 ], [ -72.832696, 44.486503, 560.09765625 ], [ -72.8330206, 44.4865735, 558.296875 ], [ -72.8332071, 44.4866329, 556.796875 ], [ -72.8334651, 44.4866786, 554.3984375 ], [ -72.8335827, 44.486689, 553.5 ], [ -72.8338424, 44.486722, 551.796875 ], [ -72.8340481, 44.4867591, 549.5 ], [ -72.8342449, 44.4868278, 546.8984375 ], [ -72.8343879, 44.4868959, 546.59765625 ], [ -72.8345132, 44.4869385, 546.09765625 ], [ -72.8346882, 44.4869636, 545.296875 ], [ -72.8349323, 44.4869816, 545.69921875 ], [ -72.8350866, 44.486985, 546.09765625 ], [ -72.8351893, 44.4869658, 545.8984375 ], [ -72.8353856, 44.4869094, 544.5 ], [ -72.8355628, 44.4868576, 542.59765625 ], [ -72.835638, 44.4868479, 542.0 ], [ -72.8357027, 44.4868525, 541.796875 ], [ -72.835758, 44.4868721, 542.296875 ], [ -72.8358052, 44.4869223, 543.796875 ], [ -72.835892, 44.4870216, 546.8984375 ], [ -72.8359396, 44.4870571, 548.19921875 ], [ -72.8360043, 44.4870855, 549.5 ], [ -72.836069, 44.487091, 549.5 ], [ -72.8362407, 44.4870949, 548.5 ], [ -72.8363211, 44.4871026, 548.296875 ], [ -72.836391, 44.487122, 548.59765625 ], [ -72.8364788, 44.487189, 549.296875 ], [ -72.8365345, 44.487256, 550.5 ], [ -72.836663, 44.487556, 553.59765625 ], [ -72.8366904, 44.4876444, 554.09765625 ], [ -72.8367071, 44.4878131, 555.09765625 ], [ -72.8367727, 44.4880357, 555.09765625 ], [ -72.836777, 44.488146, 555.69921875 ], [ -72.8367596, 44.4882277, 557.19921875 ], [ -72.8367262, 44.4883208, 559.19921875 ], [ -72.836697, 44.488456, 561.5 ], [ -72.8367, 44.488551, 563.09765625 ], [ -72.8367106, 44.4886329, 564.296875 ], [ -72.8368313, 44.4889044, 571.5 ], [ -72.8368743, 44.4891065, 579.0 ], [ -72.8369257, 44.4893882, 581.8984375 ], [ -72.8370631, 44.4896025, 579.3984375 ], [ -72.8371489, 44.4897862, 578.8984375 ], [ -72.837209, 44.4899698, 579.3984375 ], [ -72.8372176, 44.4901107, 580.69921875 ], [ -72.8371832, 44.4902515, 582.8984375 ], [ -72.8371317, 44.4904046, 585.19921875 ], [ -72.8369858, 44.490478, 587.796875 ], [ -72.8368056, 44.4905025, 590.69921875 ], [ -72.8366854, 44.4905883, 593.5 ], [ -72.8366339, 44.4907352, 596.19921875 ], [ -72.8367026, 44.4908577, 596.19921875 ], [ -72.8369429, 44.4909924, 593.3984375 ], [ -72.8370459, 44.4911332, 593.8984375 ], [ -72.8371317, 44.4912985, 595.5 ], [ -72.8371317, 44.4915373, 599.3984375 ], [ -72.8370888, 44.4917393, 602.296875 ], [ -72.8370888, 44.4918496, 603.19921875 ], [ -72.8372605, 44.4920577, 600.09765625 ], [ -72.8375094, 44.4922047, 596.0 ], [ -72.8376896, 44.4923516, 594.3984375 ], [ -72.8379214, 44.4925414, 593.3984375 ], [ -72.8380244, 44.4927312, 595.69921875 ], [ -72.8381531, 44.4929088, 596.09765625 ], [ -72.8383505, 44.4930925, 593.69921875 ], [ -72.838505, 44.4933067, 592.0 ], [ -72.8385737, 44.4935333, 593.296875 ], [ -72.8385479, 44.4936925, 597.19921875 ], [ -72.8385737, 44.4938884, 601.796875 ], [ -72.8387282, 44.4940721, 603.69921875 ], [ -72.8387883, 44.4943782, 605.3984375 ], [ -72.8388655, 44.4946537, 603.19921875 ], [ -72.8388054, 44.494868, 603.8984375 ], [ -72.8386099, 44.4951, 607.296875 ], [ -72.838486, 44.4952253, 612.19921875 ], [ -72.838478, 44.4952718, 613.3984375 ], [ -72.8384944, 44.4953458, 615.0 ], [ -72.838534, 44.4954751, 616.69921875 ], [ -72.8385292, 44.4955987, 618.3984375 ], [ -72.8385039, 44.4958245, 621.09765625 ], [ -72.8385277, 44.4959911, 621.5 ], [ -72.8385702, 44.4962267, 621.69921875 ], [ -72.8385681, 44.4963802, 622.19921875 ], [ -72.8385212, 44.4966128, 623.796875 ], [ -72.8384777, 44.4967414, 624.796875 ], [ -72.8384262, 44.496821, 625.59765625 ], [ -72.8383501, 44.4969138, 626.796875 ], [ -72.8383186, 44.4969849, 627.19921875 ], [ -72.8383091, 44.497065, 627.296875 ], [ -72.8382986, 44.4971488, 627.5 ], [ -72.8382253, 44.4972716, 628.19921875 ], [ -72.8381521, 44.4973536, 629.0 ], [ -72.8380132, 44.4974822, 628.8984375 ], [ -72.8378012, 44.4975985, 630.19921875 ], [ -72.8375609, 44.4976842, 629.796875 ], [ -72.8373206, 44.4977455, 627.5 ], [ -72.8370459, 44.4977822, 626.3984375 ], [ -72.8367332, 44.4978318, 625.0 ], [ -72.8366021, 44.4978734, 624.09765625 ], [ -72.8364055, 44.4978916, 624.59765625 ], [ -72.8361361, 44.4978801, 628.3984375 ], [ -72.8359301, 44.4978985, 631.0 ], [ -72.83581, 44.4979658, 631.19921875 ], [ -72.835664, 44.4981189, 630.09765625 ], [ -72.8355181, 44.4981924, 630.3984375 ], [ -72.8351491, 44.4983699, 629.0 ], [ -72.8349431, 44.4984311, 629.19921875 ], [ -72.8348229, 44.4985107, 628.19921875 ], [ -72.8346512, 44.4985536, 627.3984375 ], [ -72.8345568, 44.498627, 625.0 ], [ -72.8344195, 44.4987495, 622.296875 ], [ -72.8342478, 44.4988229, 622.19921875 ], [ -72.8340762, 44.4988597, 623.69921875 ], [ -72.8338101, 44.4988719, 627.59765625 ], [ -72.8334839, 44.4987923, 632.09765625 ], [ -72.8332608, 44.498725, 634.796875 ], [ -72.833072, 44.4987066, 636.09765625 ], [ -72.8328402, 44.4987556, 635.5 ], [ -72.8326685, 44.4987984, 635.09765625 ], [ -72.8325312, 44.4988352, 634.296875 ], [ -72.8323853, 44.4988474, 634.3984375 ], [ -72.8322394, 44.4988535, 634.69921875 ], [ -72.8320506, 44.4988719, 634.09765625 ], [ -72.8318789, 44.4988352, 635.5 ], [ -72.83163, 44.4988168, 637.5 ], [ -72.8312867, 44.4988352, 640.796875 ], [ -72.8311493, 44.4988597, 643.09765625 ], [ -72.8310292, 44.4989209, 644.5 ], [ -72.831012, 44.4990433, 643.796875 ], [ -72.8309777, 44.4991413, 643.8984375 ], [ -72.8308404, 44.499227, 646.796875 ], [ -72.8305571, 44.4993188, 651.796875 ], [ -72.8303425, 44.4993984, 653.8984375 ], [ -72.8300936, 44.4994106, 657.59765625 ], [ -72.8298361, 44.4995025, 661.8984375 ], [ -72.829716, 44.4996188, 664.3984375 ], [ -72.8296301, 44.4997902, 668.19921875 ], [ -72.8294585, 44.5000779, 673.3984375 ], [ -72.829407, 44.50028, 674.8984375 ], [ -72.8292267, 44.5007513, 680.796875 ], [ -72.8290122, 44.5009656, 687.8984375 ], [ -72.8288748, 44.5011492, 691.296875 ], [ -72.8288748, 44.5013207, 691.296875 ], [ -72.8288491, 44.501688, 691.3984375 ], [ -72.8287718, 44.5019145, 692.09765625 ], [ -72.8287118, 44.5021165, 692.3984375 ], [ -72.8286173, 44.5022512, 693.296875 ], [ -72.8284886, 44.5024777, 694.296875 ], [ -72.8284457, 44.502594, 694.3984375 ], [ -72.8284199, 44.5028327, 692.796875 ], [ -72.8284714, 44.5030837, 687.8984375 ], [ -72.8284371, 44.5032306, 686.296875 ], [ -72.8283598, 44.5033286, 687.0 ], [ -72.8281968, 44.5034755, 688.8984375 ], [ -72.8279908, 44.5035795, 693.69921875 ], [ -72.8278745, 44.5036267, 696.19921875 ], [ -72.8277188, 44.5035871, 698.8984375 ], [ -72.8275632, 44.5036779, 701.69921875 ], [ -72.8273927, 44.5037381, 704.8984375 ], [ -72.8272291, 44.503744, 707.796875 ], [ -72.8270936, 44.5037613, 710.296875 ], [ -72.8269379, 44.5038034, 712.796875 ], [ -72.8267931, 44.5039309, 716.0 ], [ -72.826714, 44.5040792, 716.796875 ], [ -72.8266161, 44.5041958, 717.09765625 ], [ -72.8264714, 44.5043239, 719.3984375 ], [ -72.8264138, 44.5043998, 719.3984375 ], [ -72.8262564, 44.5044956, 720.59765625 ], [ -72.8260488, 44.504682, 721.8984375 ], [ -72.8258648, 44.5049216, 724.09765625 ], [ -72.8258139, 44.5051422, 730.19921875 ], [ -72.825714, 44.505318, 737.0 ], [ -72.8254674, 44.5054799, 744.19921875 ], [ -72.8253214, 44.5056914, 752.5 ], [ -72.825219, 44.5057723, 756.5 ], [ -72.8252442, 44.5059179, 762.8984375 ], [ -72.8252699, 44.5060403, 767.69921875 ], [ -72.8252871, 44.5061934, 773.5 ], [ -72.8251894, 44.5062924, 777.5 ], [ -72.8251711, 44.5064382, 782.09765625 ], [ -72.8251409, 44.5065642, 786.09765625 ], [ -72.8251847, 44.5066939, 790.296875 ], [ -72.8251646, 44.5068838, 797.19921875 ], [ -72.8251368, 44.5070504, 803.69921875 ], [ -72.8251154, 44.5071789, 808.19921875 ], [ -72.8250554, 44.5072768, 812.19921875 ], [ -72.8249524, 44.5074053, 818.5 ], [ -72.8248322, 44.5074604, 822.0 ], [ -72.824609, 44.5074788, 825.09765625 ], [ -72.8244889, 44.5074849, 826.19921875 ], [ -72.824343, 44.5075216, 829.19921875 ], [ -72.8241627, 44.5076257, 835.59765625 ], [ -72.8239996, 44.5076747, 837.09765625 ], [ -72.8238366, 44.5077236, 839.0 ], [ -72.8236563, 44.5078216, 842.59765625 ], [ -72.823519, 44.5079318, 847.0 ], [ -72.8234675, 44.5080175, 850.796875 ], [ -72.8233988, 44.5081521, 856.796875 ], [ -72.8232701, 44.5082562, 862.09765625 ], [ -72.8229268, 44.5084214, 865.796875 ], [ -72.8228238, 44.5085071, 866.69921875 ], [ -72.822695, 44.5086724, 867.0 ], [ -72.8226092, 44.5088132, 867.19921875 ], [ -72.8224804, 44.5089907, 864.8984375 ], [ -72.8223603, 44.5090825, 862.69921875 ], [ -72.82218, 44.5092416, 862.0 ], [ -72.8220599, 44.5094436, 864.69921875 ], [ -72.8220084, 44.5095293, 866.3984375 ], [ -72.8219998, 44.5096824, 868.09765625 ], [ -72.8219483, 44.5098109, 867.8984375 ], [ -72.8218539, 44.5101475, 864.796875 ], [ -72.821811, 44.5102761, 862.19921875 ], [ -72.8217938, 44.510423, 860.0 ], [ -72.8218453, 44.510527, 859.19921875 ], [ -72.8218539, 44.5106127, 858.59765625 ], [ -72.8218367, 44.5107045, 858.19921875 ], [ -72.8217509, 44.5107657, 859.69921875 ], [ -72.8216307, 44.5108147, 861.69921875 ], [ -72.8215964, 44.5108943, 863.09765625 ], [ -72.8216136, 44.5110412, 865.19921875 ], [ -72.8216221, 44.5111636, 867.09765625 ], [ -72.8216221, 44.511237, 868.5 ], [ -72.8215535, 44.5112982, 870.3984375 ], [ -72.8214161, 44.5113472, 872.69921875 ], [ -72.8211329, 44.5114023, 878.296875 ], [ -72.8209612, 44.5114941, 882.296875 ], [ -72.8208153, 44.5115859, 885.8984375 ], [ -72.8206694, 44.5117022, 890.19921875 ], [ -72.8206351, 44.5118307, 892.796875 ], [ -72.8206172, 44.5119834, 897.296875 ], [ -72.8206032, 44.5120565, 900.09765625 ], [ -72.8205776, 44.5121196, 901.59765625 ], [ -72.8205348, 44.5121851, 903.09765625 ], [ -72.8204836, 44.5122301, 904.0 ], [ -72.820418, 44.512262, 905.19921875 ], [ -72.8203175, 44.5122836, 906.8984375 ], [ -72.8202059, 44.512302, 908.5 ], [ -72.8201201, 44.5123449, 910.19921875 ], [ -72.8200944, 44.5123938, 911.296875 ], [ -72.8200085, 44.5124428, 912.69921875 ], [ -72.8198884, 44.5124979, 914.5 ], [ -72.8196909, 44.5125836, 917.19921875 ], [ -72.8195965, 44.5126387, 918.5 ], [ -72.8195622, 44.5126999, 919.19921875 ], [ -72.819582, 44.5127654, 919.8984375 ], [ -72.8196188, 44.5128224, 920.296875 ], [ -72.8196387, 44.5129039, 921.09765625 ], [ -72.8196646, 44.5130059, 921.69921875 ], [ -72.8196704, 44.5130796, 922.0 ], [ -72.8196481, 44.5131359, 922.5 ], [ -72.8196178, 44.5132178, 923.19921875 ], [ -72.8196049, 44.5132997, 923.796875 ], [ -72.8196103, 44.5134955, 924.296875 ], [ -72.8196276, 44.5136017, 923.5 ], [ -72.8196247, 44.5136669, 923.59765625 ], [ -72.819603, 44.5137369, 924.0 ], [ -72.8195565, 44.5138081, 924.8984375 ], [ -72.81951, 44.513842, 926.59765625 ], [ -72.8194279, 44.5138719, 929.296875 ], [ -72.8193528, 44.5138856, 931.19921875 ], [ -72.8192952, 44.5138981, 932.3984375 ], [ -72.8191961, 44.5139278, 935.09765625 ], [ -72.8191065, 44.5139597, 937.0 ], [ -72.8190522, 44.5139928, 938.19921875 ], [ -72.8190106, 44.5140361, 939.296875 ], [ -72.8189146, 44.5141364, 941.796875 ], [ -72.8188083, 44.5142482, 944.69921875 ], [ -72.8187459, 44.514312, 946.59765625 ], [ -72.8186884, 44.5143394, 948.296875 ], [ -72.8185657, 44.5143711, 950.8984375 ], [ -72.8184901, 44.5143998, 952.296875 ], [ -72.818439, 44.5144284, 953.3984375 ], [ -72.8183746, 44.5145082, 955.8984375 ], [ -72.818335, 44.514588, 958.09765625 ], [ -72.8182943, 44.514659, 959.796875 ], [ -72.818266, 44.5147114, 961.09765625 ], [ -72.8182706, 44.5147791, 962.8984375 ], [ -72.818304, 44.5148655, 965.296875 ], [ -72.8183264, 44.5149293, 967.5 ], [ -72.818344, 44.5150069, 970.09765625 ], [ -72.8183264, 44.5150604, 972.19921875 ], [ -72.8182944, 44.5151118, 974.19921875 ], [ -72.8182177, 44.5151254, 975.5 ], [ -72.8181169, 44.5151357, 976.59765625 ], [ -72.8180242, 44.5151254, 976.5 ], [ -72.817933, 44.5151209, 975.5 ], [ -72.8177986, 44.5150996, 973.59765625 ], [ -72.8176324, 44.5150738, 968.0 ], [ -72.8175876, 44.5150776, 967.796875 ], [ -72.8175826, 44.5150972, 969.19921875 ], [ -72.817592, 44.515108, 970.296875 ], [ -72.81769, 44.5151357, 974.5 ], [ -72.8177875, 44.5151528, 976.796875 ], [ -72.8178579, 44.5151733, 978.3984375 ], [ -72.8179512, 44.515202, 980.5 ], [ -72.818027, 44.5152431, 982.8984375 ], [ -72.8181393, 44.5153284, 984.8984375 ], [ -72.8182198, 44.5153826, 983.5 ], [ -72.8183227, 44.5154423, 980.8984375 ], [ -72.8183656, 44.5154955, 981.5 ], [ -72.8183792, 44.5155672, 984.19921875 ], [ -72.8183724, 44.5156148, 986.59765625 ], [ -72.8183434, 44.515656, 990.796875 ], [ -72.818308, 44.5156817, 993.5 ], [ -72.8182605, 44.5156866, 996.69921875 ], [ -72.818213, 44.5156817, 998.8984375 ], [ -72.8181587, 44.5156616, 1000.5 ], [ -72.8180773, 44.5156358, 1003.796875 ], [ -72.8180174, 44.5156309, 1004.3984375 ], [ -72.8179642, 44.5156414, 1004.69921875 ], [ -72.8178828, 44.5156753, 1006.09765625 ], [ -72.8178398, 44.5157349, 1007.3984375 ], [ -72.8178172, 44.5158027, 1009.19921875 ], [ -72.8178195, 44.5158518, 1010.59765625 ], [ -72.817837, 44.5159008, 1012.0 ], [ -72.817837, 44.5159314, 1012.8984375 ], [ -72.8177731, 44.5159623, 1013.5 ], [ -72.8176906, 44.5159857, 1012.8984375 ], [ -72.817625, 44.5160115, 1012.3984375 ], [ -72.8175459, 44.5160494, 1012.3984375 ], [ -72.8175165, 44.5160865, 1013.5 ], [ -72.8175142, 44.5161106, 1014.19921875 ], [ -72.8175194, 44.5161762, 1017.3984375 ], [ -72.8175366, 44.5162252, 1020.0 ], [ -72.8175267, 44.5162816, 1021.796875 ], [ -72.8175074, 44.5163259, 1023.3984375 ], [ -72.8175086, 44.5163702, 1025.0 ], [ -72.8175244, 44.5164372, 1028.0 ], [ -72.8175628, 44.5164831, 1030.3984375 ], [ -72.817616, 44.5165315, 1033.59765625 ], [ -72.817681, 44.5166033, 1036.796875 ], [ -72.8177126, 44.5166202, 1038.0 ], [ -72.8177432, 44.5166234, 1038.69921875 ], [ -72.8177737, 44.5166323, 1039.796875 ], [ -72.8177884, 44.5166548, 1040.59765625 ], [ -72.817785, 44.5166815, 1041.5 ], [ -72.8177884, 44.5167048, 1042.09765625 ], [ -72.817811, 44.516729, 1043.19921875 ], [ -72.8178393, 44.5167863, 1045.3984375 ], [ -72.8178415, 44.5168274, 1046.5 ], [ -72.8178246, 44.5168822, 1047.3984375 ], [ -72.8178268, 44.5169282, 1048.8984375 ], [ -72.8178495, 44.5169596, 1050.09765625 ], [ -72.8178799, 44.516978, 1051.3984375 ], [ -72.8179331, 44.5169927, 1053.0 ], [ -72.8179546, 44.5170096, 1054.19921875 ], [ -72.8179659, 44.5170499, 1056.09765625 ], [ -72.8179693, 44.5171079, 1058.0 ], [ -72.8179772, 44.5171337, 1058.8984375 ], [ -72.81801, 44.517162, 1060.69921875 ], [ -72.8180383, 44.5172079, 1063.09765625 ], [ -72.8180541, 44.5172434, 1064.296875 ], [ -72.8180767, 44.5172668, 1065.3984375 ], [ -72.8180914, 44.5172853, 1066.0 ], [ -72.8180903, 44.5173127, 1066.69921875 ], [ -72.8180688, 44.5173345, 1067.19921875 ], [ -72.8180485, 44.5173619, 1067.796875 ], [ -72.8180485, 44.5173837, 1068.19921875 ], [ -72.8180602, 44.5174247, 1069.296875 ], [ -72.8181027, 44.5174538, 1070.5 ], [ -72.8181649, 44.5174764, 1072.09765625 ], [ -72.8182271, 44.5174893, 1073.5 ], [ -72.8182531, 44.5175046, 1074.19921875 ], [ -72.8182599, 44.5175232, 1075.0 ], [ -72.8182531, 44.5175586, 1076.19921875 ], [ -72.8182622, 44.517586, 1077.3984375 ], [ -72.8182825, 44.5176022, 1078.296875 ], [ -72.8183153, 44.517632, 1080.296875 ], [ -72.8183177, 44.5176634, 1081.69921875 ], [ -72.8183164, 44.5177287, 1085.296875 ], [ -72.81833, 44.5177634, 1087.0 ], [ -72.8183594, 44.5178142, 1089.09765625 ], [ -72.8183605, 44.5178376, 1090.59765625 ], [ -72.8183481, 44.5178698, 1092.296875 ], [ -72.8183311, 44.5178989, 1094.09765625 ], [ -72.8183368, 44.5179238, 1095.0 ], [ -72.8183775, 44.5179601, 1095.5 ], [ -72.8184114, 44.5179956, 1096.296875 ], [ -72.8184646, 44.5180424, 1096.8984375 ], [ -72.8184722, 44.5180734, 1097.796875 ], [ -72.8184378, 44.5180979, 1099.09765625 ], [ -72.8183786, 44.518102, 1099.796875 ], [ -72.8183413, 44.5181085, 1100.5 ], [ -72.8183368, 44.518127, 1101.09765625 ], [ -72.8183504, 44.5181407, 1101.296875 ], [ -72.8183777, 44.5181591, 1101.59765625 ], [ -72.8184125, 44.5181947, 1102.296875 ], [ -72.8184499, 44.5182367, 1104.0 ], [ -72.8184781, 44.5182721, 1105.09765625 ], [ -72.818486, 44.5182971, 1106.296875 ], [ -72.8184838, 44.5183245, 1107.19921875 ], [ -72.8185098, 44.5183769, 1109.69921875 ], [ -72.8185324, 44.5184189, 1111.3984375 ], [ -72.8185751, 44.5184529, 1112.8984375 ], [ -72.8186217, 44.518485, 1114.3984375 ], [ -72.8186613, 44.518535, 1115.19921875 ], [ -72.8187043, 44.5185906, 1116.5 ], [ -72.8187438, 44.5186349, 1117.59765625 ], [ -72.8187732, 44.518701, 1121.19921875 ], [ -72.8187981, 44.5187768, 1125.3984375 ], [ -72.8188117, 44.5188445, 1128.19921875 ], [ -72.8188049, 44.5188865, 1130.69921875 ], [ -72.8187789, 44.5189066, 1131.796875 ], [ -72.8187529, 44.5189106, 1132.0 ], [ -72.8186946, 44.5189179, 1132.796875 ], [ -72.8186754, 44.5189477, 1134.296875 ], [ -72.818672, 44.5189687, 1135.19921875 ], [ -72.8186743, 44.5189913, 1136.09765625 ], [ -72.8186867, 44.5190114, 1136.8984375 ], [ -72.8187105, 44.5190404, 1138.19921875 ], [ -72.8187207, 44.5190638, 1139.09765625 ], [ -72.8187139, 44.5190799, 1140.09765625 ], [ -72.8186901, 44.5190936, 1140.59765625 ], [ -72.8186781, 44.5191383, 1142.8984375 ], [ -72.8186856, 44.5191759, 1144.796875 ], [ -72.8186901, 44.5192097, 1146.09765625 ], [ -72.8186754, 44.5192355, 1147.5 ], [ -72.8186528, 44.5192799, 1149.09765625 ], [ -72.8186551, 44.5193016, 1150.09765625 ], [ -72.8186641, 44.5193291, 1151.296875 ], [ -72.8186732, 44.5193532, 1152.09765625 ], [ -72.8186675, 44.51945, 1155.8984375 ], [ -72.8186607, 44.5195193, 1158.59765625 ], [ -72.818672, 44.5196523, 1162.0 ], [ -72.8186969, 44.5196951, 1162.69921875 ], [ -72.8187468, 44.5197442, 1163.296875 ], [ -72.8187736, 44.5197738, 1163.69921875 ], [ -72.8187917, 44.5198077, 1164.296875 ], [ -72.8187897, 44.5198482, 1164.796875 ], [ -72.8187849, 44.519877, 1165.296875 ], [ -72.8187634, 44.5199221, 1166.0 ], [ -72.8187454, 44.5199721, 1167.0 ], [ -72.8187465, 44.5200157, 1167.8984375 ], [ -72.8187578, 44.5200439, 1168.19921875 ], [ -72.8187725, 44.5200866, 1169.0 ], [ -72.81879, 44.5201358, 1169.69921875 ], [ -72.8188058, 44.520189, 1170.09765625 ], [ -72.8187979, 44.5202188, 1170.3984375 ], [ -72.818781, 44.5202615, 1170.8984375 ], [ -72.8187832, 44.5203123, 1171.3984375 ], [ -72.8188087, 44.5203631, 1171.69921875 ], [ -72.8188454, 44.5203841, 1171.796875 ], [ -72.8188805, 44.5204091, 1172.0 ], [ -72.818885, 44.5204413, 1172.19921875 ], [ -72.8188579, 44.5205139, 1172.796875 ], [ -72.8188375, 44.5205679, 1173.5 ], [ -72.8187637, 44.5205814, 1174.19921875 ], [ -72.8186998, 44.5206111, 1175.0 ], [ -72.8186358, 44.5206658, 1176.3984375 ], [ -72.8185814, 44.5207228, 1176.796875 ], [ -72.8184951, 44.5207958, 1177.09765625 ], [ -72.8184439, 44.5208665, 1178.19921875 ], [ -72.8183704, 44.5209212, 1180.296875 ], [ -72.8183256, 44.5209782, 1181.8984375 ], [ -72.8183192, 44.5210398, 1181.0 ], [ -72.8182712, 44.5210945, 1181.3984375 ], [ -72.8181881, 44.5211424, 1183.5 ], [ -72.8181106, 44.521179, 1186.8984375 ], [ -72.818033, 44.521228, 1189.796875 ], [ -72.8179795, 44.521258, 1188.796875 ], [ -72.8178958, 44.5212999, 1186.3984375 ], [ -72.8178031, 44.5213273, 1185.09765625 ], [ -72.81769, 44.5213886, 1183.5 ], [ -72.8176289, 44.5214757, 1184.19921875 ], [ -72.8175837, 44.5215482, 1184.59765625 ], [ -72.817543, 44.5216369, 1184.296875 ], [ -72.8174797, 44.5216933, 1184.59765625 ], [ -72.8173757, 44.5217546, 1182.69921875 ], [ -72.8172739, 44.5218062, 1181.0 ], [ -72.8171948, 44.5218513, 1179.0 ], [ -72.8171586, 44.5218884, 1178.09765625 ], [ -72.8171405, 44.5219732, 1177.59765625 ], [ -72.8171495, 44.5220416, 1177.69921875 ], [ -72.8171314, 44.5220996, 1177.09765625 ], [ -72.8170395, 44.5222207, 1174.19921875 ], [ -72.8169403, 44.522303, 1172.3984375 ], [ -72.8168276, 44.5223642, 1169.8984375 ], [ -72.8167579, 44.522433, 1168.69921875 ], [ -72.8166701, 44.5225762, 1167.09765625 ], [ -72.8166452, 44.5226453, 1166.69921875 ], [ -72.8166255, 44.522752, 1167.296875 ], [ -72.8166061, 44.522887, 1168.296875 ], [ -72.8165571, 44.5231276, 1170.3984375 ], [ -72.8165435, 44.5233404, 1173.59765625 ], [ -72.816548, 44.5236242, 1177.5 ], [ -72.8165525, 44.5238144, 1179.0 ], [ -72.8165658, 44.5240092, 1180.19921875 ], [ -72.8164709, 44.5242267, 1182.69921875 ], [ -72.8164476, 44.5243865, 1183.796875 ], [ -72.8164476, 44.5245963, 1184.3984375 ], [ -72.8164009, 44.5247861, 1184.8984375 ], [ -72.8163845, 44.5249376, 1185.69921875 ], [ -72.8163915, 44.5250824, 1186.59765625 ], [ -72.8164212, 44.5251848, 1188.0 ], [ -72.8165768, 44.5252757, 1187.69921875 ], [ -72.8166707, 44.525334, 1186.296875 ], [ -72.8167713, 44.5254258, 1186.0 ], [ -72.8168276, 44.5255137, 1185.69921875 ], [ -72.8168544, 44.5256399, 1185.796875 ], [ -72.8168584, 44.5258675, 1184.3984375 ], [ -72.8168035, 44.5260864, 1183.09765625 ], [ -72.8166814, 44.5263245, 1181.3984375 ], [ -72.8166345, 44.5264259, 1181.19921875 ], [ -72.8165996, 44.5265463, 1180.296875 ], [ -72.8165554, 44.5266697, 1179.8984375 ], [ -72.816436, 44.5269374, 1179.5 ], [ -72.8163435, 44.5271506, 1179.19921875 ], [ -72.8162214, 44.5271429, 1180.8984375 ], [ -72.8161007, 44.5271449, 1182.5 ], [ -72.8160283, 44.5271678, 1183.0 ], [ -72.8159612, 44.5272041, 1183.19921875 ], [ -72.815913, 44.5272711, 1182.3984375 ], [ -72.8158754, 44.5273475, 1181.09765625 ], [ -72.8157789, 44.527424, 1180.09765625 ], [ -72.8157011, 44.5274795, 1179.0 ], [ -72.8155919, 44.5275196, 1177.8984375 ], [ -72.8155512, 44.5275696, 1177.0 ], [ -72.8155421, 44.5276583, 1175.8984375 ], [ -72.8155602, 44.527755, 1175.59765625 ], [ -72.8155693, 44.5278243, 1175.3984375 ], [ -72.8156303, 44.5279162, 1175.296875 ], [ -72.8156801, 44.5280097, 1175.09765625 ], [ -72.8157016, 44.528022, 1175.09765625 ], [ -72.8157937, 44.5280256, 1175.3984375 ], [ -72.8158476, 44.5280656, 1175.3984375 ], [ -72.815896, 44.5281081, 1175.19921875 ], [ -72.8159413, 44.5282338, 1174.69921875 ], [ -72.8159978, 44.5283322, 1174.69921875 ], [ -72.8160801, 44.5284607, 1175.0 ], [ -72.8162026, 44.5285713, 1175.296875 ], [ -72.8162533, 44.5286223, 1175.59765625 ], [ -72.816337, 44.5286739, 1176.09765625 ], [ -72.8164092, 44.5287176, 1176.59765625 ], [ -72.8164323, 44.5287645, 1176.8984375 ], [ -72.8164427, 44.5288151, 1177.3984375 ], [ -72.8164749, 44.5288591, 1177.59765625 ], [ -72.8164952, 44.5289218, 1178.09765625 ], [ -72.8165439, 44.5289671, 1178.5 ], [ -72.8166814, 44.5290083, 1178.59765625 ], [ -72.8167359, 44.5290489, 1178.5 ], [ -72.8167907, 44.5291488, 1179.19921875 ], [ -72.8169006, 44.5292807, 1180.0 ], [ -72.8170065, 44.5293895, 1180.0 ], [ -72.8171083, 44.5294378, 1179.09765625 ], [ -72.8171535, 44.529483, 1178.8984375 ], [ -72.8171694, 44.5295716, 1179.59765625 ], [ -72.8171716, 44.5296635, 1181.3984375 ], [ -72.8172236, 44.5297474, 1182.59765625 ], [ -72.8172802, 44.5298231, 1182.59765625 ], [ -72.8173344, 44.5299021, 1183.5 ], [ -72.8173582, 44.5299505, 1184.3984375 ], [ -72.8173469, 44.5300053, 1186.5 ], [ -72.8173126, 44.5300664, 1189.0 ], [ -72.8172894, 44.5302076, 1192.19921875 ], [ -72.8172519, 44.5303116, 1194.3984375 ], [ -72.81711, 44.5305104, 1197.5 ], [ -72.8170868, 44.5306131, 1196.796875 ], [ -72.8170823, 44.5307049, 1196.0 ], [ -72.8170981, 44.5309016, 1193.69921875 ], [ -72.8171275, 44.5310032, 1192.19921875 ], [ -72.817114, 44.5311112, 1192.19921875 ], [ -72.8171275, 44.5311853, 1191.5 ], [ -72.8171479, 44.5312998, 1188.09765625 ], [ -72.817114, 44.5313965, 1180.3984375 ], [ -72.8170393, 44.5315416, 1163.8984375 ], [ -72.8170235, 44.5315916, 1159.59765625 ], [ -72.8170371, 44.5316561, 1157.0 ], [ -72.8170755, 44.5317753, 1150.296875 ], [ -72.8171162, 44.5319027, 1150.8984375 ], [ -72.8171275, 44.5320172, 1154.296875 ], [ -72.8171027, 44.5321123, 1158.5 ], [ -72.8170529, 44.5322299, 1172.796875 ], [ -72.8169986, 44.5323363, 1185.796875 ], [ -72.8169828, 44.5324073, 1189.796875 ], [ -72.8169986, 44.5324572, 1191.69921875 ], [ -72.8170393, 44.5324927, 1192.796875 ], [ -72.8170891, 44.5325088, 1193.09765625 ], [ -72.8171298, 44.5325362, 1193.19921875 ], [ -72.8171275, 44.5326201, 1193.59765625 ], [ -72.817114, 44.5327071, 1194.3984375 ], [ -72.8170959, 44.5328054, 1195.09765625 ], [ -72.8170936, 44.5329118, 1195.69921875 ], [ -72.8171162, 44.5329586, 1194.796875 ], [ -72.8171366, 44.5330037, 1194.296875 ], [ -72.8171411, 44.5330617, 1194.5 ], [ -72.8171094, 44.5331214, 1195.796875 ], [ -72.8170936, 44.5331939, 1196.69921875 ], [ -72.8171049, 44.5332971, 1197.796875 ], [ -72.817123, 44.5334196, 1198.59765625 ], [ -72.8171207, 44.5335034, 1199.796875 ], [ -72.817133, 44.533575, 1201.09765625 ], [ -72.8171434, 44.5336469, 1202.09765625 ], [ -72.8171456, 44.533713, 1203.0 ], [ -72.8171909, 44.5338113, 1203.59765625 ], [ -72.8172316, 44.5339145, 1204.0 ], [ -72.8172542, 44.5340144, 1204.796875 ], [ -72.8172723, 44.5340934, 1205.0 ], [ -72.817313, 44.5341305, 1204.09765625 ], [ -72.8173469, 44.5341756, 1203.296875 ], [ -72.817365, 44.5342707, 1204.09765625 ], [ -72.8173582, 44.5343852, 1205.296875 ], [ -72.8173311, 44.5344481, 1206.59765625 ], [ -72.8172858, 44.5345077, 1208.09765625 ], [ -72.8172519, 44.5346254, 1209.296875 ], [ -72.81727, 44.5346931, 1208.8984375 ], [ -72.8173175, 44.5347946, 1208.5 ], [ -72.8173672, 44.5348462, 1208.3984375 ], [ -72.8174554, 44.5349397, 1208.3984375 ], [ -72.8175287, 44.5350151, 1207.59765625 ], [ -72.8175753, 44.5351009, 1205.69921875 ], [ -72.8175934, 44.5352073, 1205.5 ], [ -72.8176341, 44.5353459, 1203.796875 ], [ -72.8176467, 44.5354421, 1203.19921875 ], [ -72.8176024, 44.5355474, 1205.796875 ], [ -72.8174984, 44.5356216, 1210.5 ], [ -72.8174373, 44.5356635, 1211.09765625 ], [ -72.8173808, 44.5357602, 1213.3984375 ], [ -72.8173537, 44.5358488, 1215.5 ], [ -72.817365, 44.5359504, 1217.09765625 ], [ -72.8173582, 44.5360616, 1218.296875 ], [ -72.8173559, 44.536118, 1218.8984375 ], [ -72.8173944, 44.5361438, 1218.09765625 ], [ -72.8174351, 44.5361841, 1216.5 ], [ -72.8174486, 44.5362534, 1216.19921875 ], [ -72.8174554, 44.5363163, 1215.19921875 ], [ -72.817478, 44.5363582, 1214.0 ], [ -72.8174622, 44.5364179, 1214.3984375 ], [ -72.8174079, 44.5364533, 1216.19921875 ], [ -72.8173605, 44.5365001, 1217.796875 ], [ -72.8173333, 44.5365694, 1217.796875 ], [ -72.8173288, 44.5366226, 1216.59765625 ], [ -72.8173469, 44.5366645, 1215.0 ], [ -72.8173831, 44.5366919, 1213.3984375 ], [ -72.8174125, 44.5367322, 1211.69921875 ], [ -72.8174373, 44.5367967, 1209.59765625 ], [ -72.8174351, 44.5368547, 1209.69921875 ], [ -72.8174147, 44.5369304, 1210.69921875 ], [ -72.8173627, 44.5369691, 1211.796875 ], [ -72.8173175, 44.5370062, 1212.59765625 ], [ -72.8172723, 44.5370771, 1213.296875 ], [ -72.8172248, 44.5371174, 1215.09765625 ], [ -72.8172044, 44.5371626, 1216.296875 ], [ -72.8171999, 44.5372577, 1219.19921875 ], [ -72.8172112, 44.5373399, 1221.3984375 ], [ -72.8172157, 44.5374156, 1222.69921875 ], [ -72.8172044, 44.5375204, 1224.0 ], [ -72.8171818, 44.5375994, 1225.296875 ], [ -72.817175, 44.537688, 1226.69921875 ], [ -72.8171682, 44.5377783, 1228.5 ], [ -72.8171863, 44.5378895, 1229.796875 ], [ -72.8171569, 44.5379475, 1231.8984375 ], [ -72.8171094, 44.5380523, 1235.69921875 ], [ -72.817062, 44.5381555, 1240.09765625 ], [ -72.8170416, 44.5382586, 1242.5 ], [ -72.8170416, 44.5383279, 1243.09765625 ], [ -72.8170393, 44.5384101, 1243.8984375 ], [ -72.8170077, 44.5384714, 1246.5 ], [ -72.816967, 44.5385278, 1249.3984375 ], [ -72.8169398, 44.5385762, 1251.5 ], [ -72.8169444, 44.5386294, 1251.59765625 ], [ -72.8169692, 44.5387035, 1250.0 ], [ -72.8170122, 44.5387954, 1247.19921875 ], [ -72.8170235, 44.5388566, 1246.3984375 ], [ -72.8170212, 44.5389276, 1246.296875 ], [ -72.8170326, 44.5390178, 1245.5 ], [ -72.8170642, 44.5390887, 1242.5 ], [ -72.817061, 44.539179, 1241.0 ], [ -72.8170529, 44.5392497, 1240.3984375 ], [ -72.8170449, 44.5393051, 1239.796875 ], [ -72.8170449, 44.5393549, 1239.3984375 ], [ -72.8170529, 44.5393931, 1238.59765625 ], [ -72.817032, 44.5394771, 1238.3984375 ], [ -72.8170046, 44.5395671, 1238.3984375 ], [ -72.8169966, 44.5396302, 1238.8984375 ], [ -72.8169885, 44.539676, 1240.19921875 ], [ -72.8169537, 44.5397372, 1243.09765625 ], [ -72.8169107, 44.5398118, 1245.3984375 ], [ -72.8169107, 44.5398615, 1246.59765625 ], [ -72.8168973, 44.5399112, 1247.09765625 ], [ -72.8168732, 44.5399571, 1248.09765625 ], [ -72.8168398, 44.5400575, 1249.69921875 ], [ -72.8167967, 44.5401328, 1251.59765625 ], [ -72.8167775, 44.5402148, 1252.296875 ], [ -72.8167807, 44.5402627, 1252.296875 ], [ -72.8167583, 44.5403094, 1253.19921875 ], [ -72.8167231, 44.5403618, 1255.09765625 ], [ -72.8166815, 44.5404063, 1257.296875 ], [ -72.8166192, 44.5404519, 1259.19921875 ], [ -72.81656, 44.5404918, 1261.19921875 ], [ -72.8164976, 44.5405339, 1263.796875 ], [ -72.8164233, 44.5406012, 1268.3984375 ], [ -72.816267, 44.5407237, 1273.8984375 ], [ -72.8162348, 44.5407504, 1275.296875 ], [ -72.8162134, 44.5407887, 1276.796875 ], [ -72.8162, 44.5408327, 1278.296875 ], [ -72.8161818, 44.5408679, 1280.296875 ], [ -72.8160827, 44.5409043, 1283.59765625 ], [ -72.8160315, 44.5409294, 1284.59765625 ], [ -72.8159995, 44.5409647, 1286.0 ], [ -72.81599, 44.5410069, 1287.09765625 ], [ -72.8159804, 44.5411072, 1288.59765625 ], [ -72.8159692, 44.5411779, 1289.8984375 ], [ -72.8158861, 44.5413068, 1292.296875 ], [ -72.8158596, 44.5414047, 1291.8984375 ], [ -72.8158484, 44.541481, 1291.0 ], [ -72.8158133, 44.54153, 1290.69921875 ], [ -72.8157701, 44.5415859, 1290.296875 ], [ -72.8157589, 44.5416611, 1290.3984375 ], [ -72.8157573, 44.5417272, 1290.5 ], [ -72.8157413, 44.5417705, 1290.8984375 ], [ -72.8157077, 44.5418172, 1292.0 ], [ -72.8156949, 44.5418776, 1294.0 ], [ -72.8156933, 44.5419446, 1295.5 ], [ -72.8156731, 44.5419671, 1296.59765625 ], [ -72.8156507, 44.5419887, 1297.3984375 ], [ -72.8156102, 44.5420566, 1299.69921875 ], [ -72.8156022, 44.5421101, 1300.8984375 ], [ -72.8155735, 44.5421703, 1302.3984375 ], [ -72.8155551, 44.5422351, 1303.796875 ], [ -72.8155653, 44.5422702, 1304.296875 ], [ -72.8155576, 44.5423145, 1305.09765625 ], [ -72.8155086, 44.54236, 1306.0 ], [ -72.8154919, 44.5423771, 1307.0 ], [ -72.8154929, 44.5423846, 1307.0 ], [ -72.8154998, 44.5423934, 1307.5 ], [ -72.8155084, 44.5424111, 1308.5 ], [ -72.815517, 44.5424391, 1310.0 ], [ -72.8155302, 44.5424817, 1312.0 ], [ -72.8154998, 44.5425125, 1313.5 ], [ -72.8154711, 44.5425421, 1315.0 ], [ -72.8154567, 44.5426002, 1318.0 ], [ -72.8154535, 44.5426378, 1320.0 ], [ -72.8154359, 44.5426766, 1321.3984375 ], [ -72.8154343, 44.5427142, 1322.3984375 ], [ -72.8154439, 44.5427335, 1323.0 ], [ -72.8154743, 44.5427541, 1323.59765625 ], [ -72.8154919, 44.5427871, 1324.69921875 ], [ -72.8154919, 44.542835, 1326.296875 ], [ -72.8154679, 44.5428692, 1327.3984375 ], [ -72.8154599, 44.5429079, 1328.796875 ], [ -72.8154695, 44.5429558, 1329.3984375 ], [ -72.8154647, 44.5430071, 1330.19921875 ], [ -72.8154359, 44.5430447, 1330.796875 ], [ -72.8153799, 44.5430709, 1331.8984375 ], [ -72.8152904, 44.5431279, 1333.8984375 ], [ -72.8151105, 44.5431883, 1335.5 ], [ -72.8149922, 44.5432418, 1334.3984375 ], [ -72.8149218, 44.5432806, 1333.0 ], [ -72.814869, 44.5433467, 1332.296875 ], [ -72.8148371, 44.5434025, 1332.3984375 ], [ -72.8148163, 44.5434641, 1332.796875 ], [ -72.8147731, 44.5435074, 1333.0 ], [ -72.8147043, 44.543553, 1333.5 ], [ -72.8146228, 44.5436168, 1332.796875 ], [ -72.8145164, 44.5437102, 1333.796875 ], [ -72.8144477, 44.5437809, 1335.0 ], [ -72.8143789, 44.5438436, 1334.296875 ], [ -72.8143198, 44.5439188, 1333.59765625 ], [ -72.81431, 44.543947, 1333.3984375 ], [ -72.814299, 44.5439724, 1333.296875 ], [ -72.8142718, 44.5440501, 1332.59765625 ], [ -72.8142393, 44.544121, 1331.09765625 ], [ -72.8141571, 44.5443025, 1327.19921875 ], [ -72.8140703, 44.5444208, 1324.19921875 ], [ -72.8140399, 44.5444736, 1323.19921875 ], [ -72.8140217, 44.54456, 1321.19921875 ], [ -72.814002, 44.5446185, 1319.0 ], [ -72.8139569, 44.5447068, 1314.8984375 ], [ -72.8138998, 44.5447715, 1312.69921875 ], [ -72.8137508, 44.5449369, 1300.09765625 ], [ -72.8136948, 44.5449656, 1297.3984375 ], [ -72.8136388, 44.5449799, 1296.69921875 ], [ -72.8135828, 44.544992, 1295.296875 ], [ -72.8134821, 44.5450343, 1291.0 ], [ -72.8134172, 44.5450388, 1289.8984375 ], [ -72.8133814, 44.5450714, 1288.3984375 ], [ -72.8133479, 44.5451288, 1286.09765625 ], [ -72.8132967, 44.5451775, 1282.59765625 ], [ -72.8131713, 44.5452344, 1277.5 ], [ -72.8130974, 44.5452537, 1275.59765625 ], [ -72.8130384, 44.5452558, 1273.796875 ], [ -72.8129591, 44.5452349, 1270.3984375 ], [ -72.8129071, 44.5452049, 1268.09765625 ], [ -72.8128513, 44.5452055, 1264.5 ], [ -72.8128009, 44.5452231, 1261.59765625 ], [ -72.8127672, 44.5452459, 1260.0 ], [ -72.8127679, 44.5453171, 1260.296875 ], [ -72.8127777, 44.5453859, 1261.0 ], [ -72.8127518, 44.545479, 1258.69921875 ], [ -72.8126838, 44.5455336, 1256.0 ], [ -72.8126466, 44.5455481, 1255.0 ], [ -72.8126032, 44.5455408, 1253.8984375 ], [ -72.8125576, 44.5454823, 1252.59765625 ], [ -72.812538, 44.5454673, 1251.8984375 ], [ -72.812511, 44.5454627, 1250.796875 ], [ -72.8124839, 44.545481, 1249.796875 ], [ -72.812469, 44.545562, 1250.3984375 ], [ -72.8122946, 44.5456594, 1245.3984375 ], [ -72.8122397, 44.5456659, 1244.0 ], [ -72.812191, 44.5456499, 1242.09765625 ], [ -72.8121057, 44.5456495, 1240.296875 ], [ -72.8120196, 44.5456621, 1238.59765625 ], [ -72.8119439, 44.5456579, 1236.796875 ], [ -72.8118161, 44.5456272, 1234.0 ], [ -72.8116871, 44.5456401, 1232.19921875 ], [ -72.8115848, 44.5454716, 1225.796875 ], [ -72.8115359, 44.545377, 1222.19921875 ], [ -72.811487, 44.5453408, 1219.19921875 ], [ -72.8113147, 44.5452048, 1207.19921875 ], [ -72.8112665, 44.5451437, 1202.09765625 ], [ -72.8112445, 44.5450852, 1198.09765625 ], [ -72.8112446, 44.5449878, 1193.19921875 ], [ -72.8111887, 44.5448833, 1186.8984375 ], [ -72.8111292, 44.5447841, 1183.796875 ], [ -72.8110429, 44.5446169, 1178.8984375 ], [ -72.8109566, 44.5444231, 1169.796875 ], [ -72.810876, 44.544163, 1159.8984375 ], [ -72.8107643, 44.5439707, 1152.296875 ], [ -72.8107011, 44.5439219, 1150.09765625 ], [ -72.8106344, 44.5438932, 1147.8984375 ], [ -72.810499, 44.5437136, 1142.5 ], [ -72.8103418, 44.5436091, 1138.5 ], [ -72.8102744, 44.5435277, 1136.5 ], [ -72.8101848, 44.5434073, 1132.796875 ], [ -72.8100878, 44.5433507, 1129.69921875 ], [ -72.8098971, 44.5431299, 1119.796875 ], [ -72.809711, 44.5430051, 1113.09765625 ], [ -72.8095489, 44.5429894, 1109.69921875 ], [ -72.809436, 44.543022, 1108.5 ], [ -72.8093979, 44.5429875, 1106.5 ], [ -72.809393, 44.5428908, 1103.5 ], [ -72.8093906, 44.5428217, 1101.19921875 ], [ -72.809388, 44.542771, 1099.59765625 ], [ -72.809478, 44.542433, 1089.296875 ], [ -72.8095261, 44.5423574, 1087.19921875 ], [ -72.8095001, 44.5422294, 1082.09765625 ], [ -72.8093691, 44.5420252, 1072.5 ], [ -72.8094092, 44.5418823, 1066.796875 ], [ -72.8093964, 44.5418072, 1063.69921875 ], [ -72.8091345, 44.5415915, 1053.69921875 ], [ -72.809104, 44.54155, 1052.19921875 ], [ -72.8090734, 44.5414812, 1050.296875 ], [ -72.8090251, 44.5414371, 1049.09765625 ], [ -72.8089714, 44.5414043, 1047.796875 ], [ -72.8089048, 44.5413978, 1047.296875 ], [ -72.8088031, 44.5413964, 1045.59765625 ], [ -72.8087625, 44.541392, 1044.69921875 ], [ -72.8087314, 44.5413648, 1043.59765625 ], [ -72.808711, 44.541312, 1042.3984375 ], [ -72.8087074, 44.5412436, 1041.296875 ], [ -72.8087539, 44.5411172, 1039.8984375 ], [ -72.8087756, 44.541045, 1039.09765625 ], [ -72.808764, 44.5410067, 1038.19921875 ], [ -72.8087173, 44.5409774, 1037.296875 ], [ -72.8086476, 44.5409433, 1035.5 ], [ -72.8085588, 44.5408568, 1032.19921875 ], [ -72.8085115, 44.540849, 1031.296875 ], [ -72.8084771, 44.540832, 1030.5 ], [ -72.8084496, 44.5407949, 1029.19921875 ], [ -72.808438, 44.540744, 1027.8984375 ], [ -72.8084582, 44.5407063, 1027.296875 ], [ -72.8084625, 44.5406732, 1026.19921875 ], [ -72.8084581, 44.5406275, 1025.09765625 ], [ -72.8084846, 44.5405816, 1023.796875 ], [ -72.8085409, 44.5405219, 1022.5 ], [ -72.8085504, 44.5404862, 1021.69921875 ], [ -72.808546, 44.5404488, 1020.5 ], [ -72.8085192, 44.5404183, 1019.3984375 ], [ -72.8083712, 44.540336, 1016.09765625 ], [ -72.8081679, 44.5401529, 1009.69921875 ], [ -72.8080509, 44.5400702, 1006.5 ], [ -72.8079826, 44.5400268, 1005.0 ], [ -72.8079485, 44.5400164, 1004.69921875 ], [ -72.8078899, 44.5400113, 1004.296875 ], [ -72.807852, 44.5399959, 1004.0 ], [ -72.8076057, 44.5397758, 996.69921875 ], [ -72.8075083, 44.5397255, 995.19921875 ], [ -72.8072383, 44.5396134, 989.3984375 ], [ -72.807009, 44.539458, 982.796875 ], [ -72.8067536, 44.5391961, 974.296875 ], [ -72.8065391, 44.5390204, 966.69921875 ], [ -72.8065218, 44.5390008, 965.5 ], [ -72.806514, 44.5389606, 964.09765625 ], [ -72.8065241, 44.5389008, 962.796875 ], [ -72.8066121, 44.5387146, 959.0 ], [ -72.806652, 44.538647, 957.0 ], [ -72.8067007, 44.5385847, 954.19921875 ], [ -72.8067313, 44.5385463, 952.8984375 ], [ -72.8067938, 44.5385056, 951.296875 ], [ -72.8068582, 44.538479, 950.09765625 ], [ -72.8069296, 44.5384149, 947.296875 ], [ -72.806958, 44.5383783, 946.09765625 ], [ -72.8069707, 44.5383406, 944.3984375 ], [ -72.8070057, 44.5382915, 942.3984375 ], [ -72.8071135, 44.5382078, 939.796875 ], [ -72.8071407, 44.5381768, 939.19921875 ], [ -72.8071496, 44.5381522, 938.8984375 ], [ -72.8071488, 44.5381185, 938.5 ], [ -72.8071279, 44.5380735, 937.69921875 ], [ -72.8070783, 44.5380423, 936.69921875 ], [ -72.806921, 44.5379611, 933.69921875 ], [ -72.8068075, 44.5379324, 932.796875 ], [ -72.8066556, 44.5379311, 932.296875 ], [ -72.8064822, 44.5379515, 932.0 ], [ -72.80602, 44.538084, 929.69921875 ], [ -72.8057751, 44.5381297, 925.19921875 ], [ -72.8057202, 44.5381365, 923.59765625 ], [ -72.8056634, 44.5381268, 921.69921875 ], [ -72.8056293, 44.538114, 920.59765625 ], [ -72.8055065, 44.537979, 915.69921875 ], [ -72.8054576, 44.537926, 913.59765625 ], [ -72.8054269, 44.5379121, 912.3984375 ], [ -72.8053896, 44.5378987, 910.8984375 ], [ -72.8053504, 44.5378997, 909.5 ], [ -72.805306, 44.5379128, 908.09765625 ], [ -72.8052619, 44.5379429, 906.19921875 ], [ -72.8052177, 44.5379755, 904.59765625 ], [ -72.8051828, 44.5380219, 902.8984375 ], [ -72.8051516, 44.5380891, 901.796875 ], [ -72.805144, 44.538187, 901.5 ], [ -72.8050944, 44.5382588, 899.09765625 ], [ -72.8049991, 44.5383712, 894.69921875 ], [ -72.8049422, 44.5384537, 891.796875 ], [ -72.8049199, 44.5385026, 890.59765625 ], [ -72.8049031, 44.5385528, 889.296875 ], [ -72.80495, 44.538876, 888.09765625 ], [ -72.804934, 44.53929, 881.296875 ], [ -72.805011, 44.5397311, 878.296875 ], [ -72.8049319, 44.539886, 873.09765625 ], [ -72.8048705, 44.5401479, 869.796875 ], [ -72.8047502, 44.540345, 865.8984375 ], [ -72.8045171, 44.5404693, 858.19921875 ], [ -72.804294, 44.540476, 850.296875 ], [ -72.804186, 44.540448, 846.296875 ], [ -72.8039475, 44.540153, 837.0 ], [ -72.8037085, 44.5400558, 829.796875 ], [ -72.8035353, 44.5399099, 824.69921875 ], [ -72.8034141, 44.5398646, 820.5 ], [ -72.803293, 44.5398502, 816.59765625 ], [ -72.803001, 44.539847, 807.59765625 ], [ -72.8028876, 44.5398386, 804.796875 ], [ -72.8028351, 44.5398162, 803.59765625 ], [ -72.8027966, 44.5397795, 802.59765625 ], [ -72.802642, 44.5394961, 798.5 ], [ -72.802511, 44.5393439, 795.296875 ], [ -72.801952, 44.539301, 781.09765625 ], [ -72.8015879, 44.5392863, 768.69921875 ], [ -72.8013331, 44.539235, 760.5 ], [ -72.8008945, 44.5393942, 749.59765625 ], [ -72.8004527, 44.539555, 739.296875 ], [ -72.8001308, 44.5398176, 730.5 ], [ -72.7996423, 44.5399811, 730.3984375 ], [ -72.7994129, 44.5400456, 732.3984375 ], [ -72.7992648, 44.5400752, 733.09765625 ], [ -72.7990527, 44.5400821, 733.0 ], [ -72.7988958, 44.5400614, 732.3984375 ], [ -72.798747, 44.540035, 731.796875 ], [ -72.798372, 44.539965, 729.5 ], [ -72.798179, 44.539899, 727.09765625 ], [ -72.798017, 44.539817, 724.19921875 ], [ -72.7978571, 44.5397566, 721.09765625 ], [ -72.7977814, 44.539646, 717.19921875 ], [ -72.7977873, 44.5393945, 707.296875 ], [ -72.7977741, 44.5393676, 706.5 ], [ -72.797687, 44.5393119, 704.19921875 ], [ -72.797662, 44.5392766, 703.0 ], [ -72.7977094, 44.5384859, 675.19921875 ], [ -72.7978505, 44.5382679, 669.296875 ], [ -72.7978516, 44.5382159, 667.796875 ], [ -72.7978167, 44.5381695, 666.3984375 ], [ -72.797516, 44.538021, 660.8984375 ], [ -72.7970466, 44.5376818, 648.0 ], [ -72.796629, 44.537552, 638.8984375 ], [ -72.796378, 44.53733, 628.59765625 ], [ -72.7963495, 44.5371872, 626.59765625 ], [ -72.7962958, 44.5370851, 624.5 ], [ -72.796231, 44.5370276, 622.8984375 ], [ -72.796163, 44.5370132, 621.296875 ], [ -72.7960415, 44.5370401, 619.59765625 ], [ -72.7958748, 44.5370701, 618.09765625 ], [ -72.7958231, 44.537072, 617.59765625 ], [ -72.7957759, 44.5370581, 617.0 ], [ -72.7957164, 44.5370426, 615.8984375 ], [ -72.7956658, 44.5370397, 615.5 ], [ -72.795464, 44.5370424, 613.69921875 ], [ -72.795302, 44.5370404, 612.5 ], [ -72.7951128, 44.5370851, 613.59765625 ], [ -72.7950193, 44.5370869, 613.19921875 ], [ -72.7949591, 44.5370799, 612.69921875 ], [ -72.7948968, 44.5370522, 611.3984375 ], [ -72.794674, 44.536899, 605.3984375 ], [ -72.7945894, 44.536824, 602.5 ], [ -72.7945003, 44.5367505, 599.796875 ], [ -72.7943056, 44.5366528, 595.3984375 ], [ -72.7941582, 44.5365595, 591.296875 ], [ -72.7940931, 44.5365026, 589.0 ], [ -72.794016, 44.53644, 586.796875 ], [ -72.7939106, 44.5363896, 585.0 ], [ -72.7938208, 44.536371, 584.09765625 ], [ -72.7936454, 44.5363697, 583.5 ], [ -72.7935563, 44.5363675, 583.19921875 ], [ -72.7934806, 44.5363574, 582.69921875 ], [ -72.7933854, 44.5363395, 581.69921875 ], [ -72.7932991, 44.5362852, 579.296875 ], [ -72.7932207, 44.5362264, 576.5 ], [ -72.7931557, 44.5361168, 572.3984375 ], [ -72.7928826, 44.5358875, 563.59765625 ], [ -72.7926164, 44.535768, 558.19921875 ], [ -72.7925039, 44.5356361, 552.796875 ], [ -72.7924052, 44.5355465, 547.796875 ], [ -72.7921315, 44.5353994, 538.59765625 ], [ -72.7918893, 44.5352619, 532.69921875 ], [ -72.7917906, 44.5352044, 530.0 ], [ -72.7917682, 44.5351632, 528.8984375 ], [ -72.7917731, 44.5351105, 527.69921875 ], [ -72.7918533, 44.5349028, 522.796875 ], [ -72.7918544, 44.5348468, 521.3984375 ], [ -72.7918138, 44.5347989, 519.8984375 ], [ -72.7914676, 44.5346832, 515.5 ], [ -72.7910953, 44.534584, 510.796875 ], [ -72.7908745, 44.534535, 507.59765625 ], [ -72.7907915, 44.5345348, 506.19921875 ], [ -72.7907292, 44.5345521, 505.296875 ], [ -72.7907056, 44.5345847, 505.296875 ], [ -72.7906915, 44.5346672, 505.19921875 ], [ -72.7905794, 44.534843, 503.5 ], [ -72.7905749, 44.5349965, 502.796875 ], [ -72.7906332, 44.5351788, 503.3984375 ], [ -72.7906224, 44.5352654, 502.19921875 ], [ -72.790557, 44.5353803, 499.5 ], [ -72.7903783, 44.5355636, 497.19921875 ], [ -72.7901756, 44.5356489, 495.796875 ], [ -72.7901182, 44.5356879, 495.3984375 ], [ -72.7900545, 44.5357768, 494.59765625 ], [ -72.7899841, 44.5358122, 494.0 ], [ -72.7898706, 44.5358471, 492.8984375 ], [ -72.7897405, 44.5359047, 491.59765625 ], [ -72.789579, 44.536055, 489.0 ], [ -72.7894449, 44.536185, 487.19921875 ], [ -72.7893594, 44.5361797, 486.8984375 ], [ -72.789265, 44.5361541, 486.69921875 ], [ -72.7891573, 44.536055, 486.59765625 ], [ -72.7891394, 44.535959, 486.796875 ], [ -72.7890811, 44.5358183, 486.5 ], [ -72.7890317, 44.5356425, 486.59765625 ], [ -72.7889644, 44.5353131, 486.5 ], [ -72.7890093, 44.5351596, 486.8984375 ], [ -72.7890497, 44.5350637, 487.0 ], [ -72.7890228, 44.5350061, 486.69921875 ], [ -72.7889016, 44.5349614, 486.09765625 ], [ -72.7888074, 44.5349198, 485.3984375 ], [ -72.7887357, 44.5348334, 484.796875 ], [ -72.788619, 44.5347535, 483.69921875 ], [ -72.78848, 44.5347183, 482.796875 ], [ -72.7882915, 44.5347151, 481.796875 ], [ -72.7880257, 44.5347771, 480.5 ], [ -72.7879228, 44.5348046, 479.796875 ], [ -72.7878477, 44.5348056, 479.296875 ], [ -72.7877632, 44.5347798, 478.59765625 ], [ -72.7877229, 44.5347511, 478.19921875 ], [ -72.7876854, 44.5346402, 477.59765625 ], [ -72.787668, 44.5344593, 476.5 ], [ -72.7876747, 44.5342846, 475.5 ], [ -72.7876827, 44.5342043, 475.296875 ], [ -72.7876532, 44.5341584, 475.0 ], [ -72.7875325, 44.5340723, 474.296875 ], [ -72.7873957, 44.5338525, 473.59765625 ], [ -72.7873448, 44.5336804, 473.19921875 ], [ -72.7872884, 44.5336077, 472.69921875 ], [ -72.7871731, 44.533514, 471.8984375 ], [ -72.7871168, 44.5334892, 471.69921875 ], [ -72.7870604, 44.5334815, 471.3984375 ], [ -72.7869827, 44.533493, 471.19921875 ], [ -72.7869156, 44.5334834, 471.09765625 ], [ -72.7868459, 44.533449, 471.296875 ], [ -72.7866501, 44.5333286, 471.5 ], [ -72.7864864, 44.5332731, 471.8984375 ], [ -72.7864046, 44.5332645, 472.19921875 ], [ -72.7863684, 44.5332655, 472.3984375 ], [ -72.7863146, 44.5332698, 472.8984375 ], [ -72.7862314, 44.5332906, 473.69921875 ], [ -72.7860911, 44.5333245, 475.296875 ], [ -72.7859185, 44.5333433, 478.8984375 ], [ -72.785814, 44.533345, 481.69921875 ], [ -72.7857211, 44.5333081, 483.69921875 ], [ -72.7855273, 44.5332026, 487.69921875 ], [ -72.7854816, 44.5332146, 489.19921875 ], [ -72.7854788, 44.5332602, 490.19921875 ], [ -72.7854761, 44.5335371, 495.59765625 ], [ -72.7854753, 44.5336255, 497.09765625 ], [ -72.7854878, 44.5336995, 498.0 ], [ -72.7856159, 44.5339333, 497.69921875 ], [ -72.7856439, 44.5340776, 499.09765625 ], [ -72.7856413, 44.534288, 501.3984375 ], [ -72.7856469, 44.5343782, 501.3984375 ], [ -72.785722, 44.5345924, 499.796875 ], [ -72.785722, 44.5346765, 499.19921875 ], [ -72.7856673, 44.5348686, 499.09765625 ], [ -72.7856684, 44.5349633, 499.0 ], [ -72.7857704, 44.5355657, 505.09765625 ], [ -72.7858871, 44.5360805, 504.5 ], [ -72.785966, 44.5363205, 501.59765625 ], [ -72.7860326, 44.5365215, 505.0 ], [ -72.7861966, 44.5368831, 518.59765625 ], [ -72.7862128, 44.537049, 525.796875 ], [ -72.7862282, 44.5370829, 527.0 ], [ -72.7863581, 44.5371901, 530.5 ], [ -72.7863729, 44.5372178, 531.59765625 ], [ -72.7863725, 44.537421, 539.59765625 ], [ -72.786394, 44.5374395, 540.09765625 ], [ -72.7865213, 44.5374555, 538.59765625 ], [ -72.7865465, 44.5374715, 538.3984375 ], [ -72.7864981, 44.5376564, 546.69921875 ], [ -72.7865106, 44.5376793, 547.296875 ], [ -72.7866631, 44.5377849, 547.19921875 ], [ -72.7868112, 44.5379032, 544.8984375 ], [ -72.7868204, 44.5379573, 546.0 ], [ -72.7867887, 44.5379991, 548.19921875 ], [ -72.7866506, 44.5380764, 555.59765625 ], [ -72.7866273, 44.5381246, 557.19921875 ], [ -72.7866452, 44.5381654, 557.8984375 ], [ -72.7868291, 44.5382613, 553.69921875 ], [ -72.7870886, 44.5383397, 549.8984375 ], [ -72.7871476, 44.5383764, 550.69921875 ], [ -72.7872239, 44.5385619, 557.19921875 ], [ -72.7872508, 44.5388081, 565.5 ], [ -72.7873022, 44.5391873, 578.5 ], [ -72.7873624, 44.5394829, 585.8984375 ], [ -72.7873802, 44.539603, 588.3984375 ], [ -72.787421, 44.539987, 596.5 ], [ -72.787392, 44.540146, 601.19921875 ], [ -72.78732, 44.540381, 608.69921875 ], [ -72.7872685, 44.5406301, 612.296875 ], [ -72.7870504, 44.5409411, 618.296875 ], [ -72.786582, 44.541242, 628.296875 ], [ -72.7862888, 44.5415686, 639.0 ], [ -72.7862264, 44.5417165, 647.5 ], [ -72.7862842, 44.5418163, 650.19921875 ], [ -72.786693, 44.542208, 657.0 ], [ -72.786845, 44.542413, 660.8984375 ], [ -72.7869017, 44.5424971, 662.0 ], [ -72.7868941, 44.5426576, 666.796875 ], [ -72.7868373, 44.5429923, 670.3984375 ], [ -72.786747, 44.543107, 675.3984375 ], [ -72.7866874, 44.5432836, 682.5 ], [ -72.7868752, 44.5433826, 680.3984375 ], [ -72.7871057, 44.5435739, 683.5 ], [ -72.7872767, 44.5438859, 694.69921875 ], [ -72.7874769, 44.5442505, 698.5 ], [ -72.7876775, 44.5443822, 695.59765625 ], [ -72.7877665, 44.5445644, 698.5 ], [ -72.7878566, 44.5448774, 710.3984375 ], [ -72.788085, 44.545175, 714.19921875 ], [ -72.7882057, 44.5453697, 713.8984375 ], [ -72.7881589, 44.5455959, 719.69921875 ], [ -72.788058, 44.5459598, 722.8984375 ], [ -72.7880034, 44.5461679, 719.796875 ], [ -72.7878747, 44.5462959, 721.59765625 ], [ -72.7876786, 44.546401, 724.19921875 ], [ -72.7873608, 44.5464651, 729.59765625 ], [ -72.787061, 44.546448, 737.3984375 ], [ -72.786902, 44.546517, 739.3984375 ], [ -72.786799, 44.546596, 743.19921875 ], [ -72.786698, 44.546719, 745.5 ], [ -72.7866326, 44.5468087, 746.796875 ], [ -72.7866102, 44.5469244, 750.8984375 ], [ -72.7866234, 44.5470384, 753.8984375 ], [ -72.786746, 44.547118, 752.796875 ], [ -72.7869409, 44.5472161, 750.59765625 ], [ -72.7872485, 44.5473293, 747.796875 ], [ -72.7872757, 44.5474513, 751.3984375 ], [ -72.7872372, 44.5475517, 755.59765625 ], [ -72.7871397, 44.547623, 760.09765625 ], [ -72.7870135, 44.5476432, 763.69921875 ], [ -72.786868, 44.547646, 768.3984375 ], [ -72.786768, 44.547658, 772.5 ], [ -72.7862655, 44.5476046, 787.09765625 ], [ -72.7860236, 44.5475616, 791.69921875 ], [ -72.7858207, 44.5474854, 793.296875 ], [ -72.785499, 44.5473396, 797.69921875 ], [ -72.7848805, 44.5466974, 822.59765625 ], [ -72.7847345, 44.5463992, 819.59765625 ], [ -72.784486, 44.5461496, 824.19921875 ], [ -72.7842029, 44.5459196, 832.296875 ], [ -72.7840409, 44.5458289, 837.69921875 ], [ -72.7839385, 44.5458264, 843.09765625 ], [ -72.7838749, 44.5458804, 848.19921875 ], [ -72.7838714, 44.5459815, 851.09765625 ], [ -72.7838891, 44.5461085, 854.3984375 ], [ -72.783911, 44.546243, 857.59765625 ], [ -72.7838032, 44.5463515, 865.8984375 ], [ -72.7837521, 44.5464694, 871.796875 ], [ -72.7838015, 44.5467018, 873.8984375 ], [ -72.783796, 44.547153, 880.8984375 ], [ -72.783783, 44.547431, 884.0 ], [ -72.783824, 44.547577, 885.0 ], [ -72.78388, 44.547634, 884.09765625 ], [ -72.7844758, 44.547912, 860.09765625 ], [ -72.7845988, 44.5481826, 866.69921875 ], [ -72.7846195, 44.5485136, 880.3984375 ], [ -72.7848382, 44.5488948, 893.0 ], [ -72.7850481, 44.5490424, 893.59765625 ], [ -72.7852784, 44.5494814, 892.59765625 ], [ -72.7855334, 44.549802, 887.296875 ], [ -72.7857344, 44.5501561, 889.0 ], [ -72.7858692, 44.550253, 888.5 ], [ -72.7859968, 44.5502672, 885.3984375 ], [ -72.7862927, 44.5502921, 879.0 ], [ -72.7870501, 44.550391, 871.09765625 ], [ -72.7874311, 44.550537, 878.69921875 ], [ -72.7880181, 44.5508406, 890.796875 ], [ -72.788361, 44.5511212, 895.8984375 ], [ -72.7885467, 44.5511827, 894.3984375 ], [ -72.7886214, 44.5512547, 895.796875 ], [ -72.7887848, 44.5514396, 898.59765625 ], [ -72.7892875, 44.5517415, 895.69921875 ], [ -72.7893062, 44.5518913, 900.19921875 ], [ -72.789302, 44.552027, 905.296875 ], [ -72.789357, 44.552086, 905.59765625 ], [ -72.789461, 44.552148, 904.09765625 ], [ -72.789648, 44.5522296, 897.3984375 ], [ -72.7899662, 44.5522235, 887.59765625 ], [ -72.790309, 44.552311, 885.296875 ], [ -72.7907414, 44.5525001, 886.796875 ], [ -72.7910633, 44.5525153, 880.59765625 ], [ -72.791304, 44.552522, 877.0 ], [ -72.791675, 44.552605, 871.3984375 ], [ -72.7919925, 44.552875, 867.19921875 ], [ -72.7922076, 44.5529449, 863.09765625 ], [ -72.7924699, 44.5530848, 857.3984375 ], [ -72.7926154, 44.5532191, 853.296875 ], [ -72.7925902, 44.5532466, 853.69921875 ], [ -72.7925531, 44.553287, 854.296875 ], [ -72.7923864, 44.5533527, 856.59765625 ], [ -72.7920711, 44.5534, 862.5 ], [ -72.7917489, 44.5534848, 867.69921875 ], [ -72.7914687, 44.5535443, 870.8984375 ], [ -72.790952, 44.553505, 879.59765625 ], [ -72.7904496, 44.5534822, 890.0 ], [ -72.7900847, 44.5535871, 891.19921875 ], [ -72.7898247, 44.5535617, 894.5 ], [ -72.7896354, 44.5534657, 899.69921875 ], [ -72.7896446, 44.5532761, 907.296875 ], [ -72.7896753, 44.5530632, 913.0 ], [ -72.7894628, 44.5529093, 918.0 ], [ -72.789033, 44.5527899, 924.5 ], [ -72.7888225, 44.5526846, 928.3984375 ], [ -72.7885561, 44.5524537, 934.796875 ], [ -72.788415, 44.5523555, 938.69921875 ], [ -72.788315, 44.5523376, 939.8984375 ], [ -72.7880877, 44.5523441, 940.296875 ], [ -72.7878678, 44.5523479, 939.69921875 ], [ -72.7873206, 44.5524129, 934.5 ], [ -72.7870578, 44.5524473, 932.19921875 ], [ -72.7869344, 44.552474, 931.09765625 ], [ -72.7867359, 44.5524511, 931.59765625 ], [ -72.7866179, 44.552432, 932.296875 ], [ -72.7864999, 44.5524243, 932.69921875 ], [ -72.786366, 44.552477, 930.296875 ], [ -72.7862424, 44.5525084, 929.3984375 ], [ -72.7861083, 44.5525084, 929.59765625 ], [ -72.7859151, 44.5524664, 932.0 ], [ -72.7856469, 44.5523479, 936.796875 ], [ -72.7853304, 44.5522064, 940.796875 ], [ -72.7850354, 44.552107, 943.09765625 ], [ -72.7847993, 44.5520077, 947.5 ], [ -72.7845901, 44.551935, 951.8984375 ], [ -72.7844185, 44.5519044, 955.59765625 ], [ -72.78422, 44.551893, 958.796875 ], [ -72.7840376, 44.5519274, 959.09765625 ], [ -72.783895, 44.55199, 956.59765625 ], [ -72.783223, 44.552166, 953.59765625 ], [ -72.78295, 44.552276, 953.8984375 ], [ -72.78281, 44.552315, 955.296875 ], [ -72.782625, 44.55234, 956.69921875 ], [ -72.7815631, 44.5523275, 959.8984375 ], [ -72.7813072, 44.5523516, 958.3984375 ], [ -72.7811625, 44.5522939, 960.19921875 ], [ -72.7811013, 44.5523898, 957.19921875 ], [ -72.7808681, 44.5524705, 956.09765625 ], [ -72.7807668, 44.5527225, 950.8984375 ], [ -72.7807453, 44.5529595, 943.3984375 ], [ -72.78061, 44.5531272, 935.5 ], [ -72.7803744, 44.5532689, 934.0 ], [ -72.7800023, 44.5535232, 934.8984375 ], [ -72.7796573, 44.5537159, 931.5 ], [ -72.7794537, 44.5538445, 934.8984375 ], [ -72.7793276, 44.5539496, 930.8984375 ], [ -72.7792016, 44.5541101, 926.296875 ], [ -72.7789797, 44.5543737, 920.69921875 ], [ -72.7787432, 44.5545382, 924.796875 ], [ -72.7784923, 44.5547026, 928.3984375 ], [ -72.7782884, 44.5548402, 929.8984375 ], [ -72.7782026, 44.5549625, 930.0 ], [ -72.7782026, 44.5551001, 928.796875 ], [ -72.778224, 44.5552913, 926.296875 ], [ -72.7781597, 44.5554442, 925.0 ], [ -72.777978, 44.55562, 923.19921875 ], [ -72.7778288, 44.5557601, 921.296875 ], [ -72.777721, 44.5558107, 920.796875 ], [ -72.7775256, 44.5557951, 922.19921875 ], [ -72.7773274, 44.5557923, 923.0 ], [ -72.7771139, 44.5559251, 919.69921875 ], [ -72.7768868, 44.5561338, 914.3984375 ], [ -72.7766396, 44.5561967, 915.19921875 ], [ -72.7765837, 44.5562297, 915.0 ], [ -72.7765596, 44.5562813, 914.69921875 ], [ -72.7765864, 44.5563406, 914.296875 ], [ -72.7765844, 44.5563769, 914.296875 ], [ -72.7765786, 44.5564854, 914.0 ], [ -72.7765199, 44.5565732, 915.59765625 ], [ -72.776289, 44.5566224, 918.296875 ], [ -72.7761008, 44.5567602, 920.296875 ], [ -72.7760634, 44.5568566, 922.296875 ], [ -72.7760527, 44.5569445, 924.796875 ], [ -72.7760553, 44.557, 926.59765625 ], [ -72.7760667, 44.5570441, 927.796875 ], [ -72.7760071, 44.5570649, 928.59765625 ], [ -72.7759373, 44.5570649, 928.796875 ], [ -72.7758542, 44.557042, 928.296875 ], [ -72.7757362, 44.5570286, 927.8984375 ], [ -72.7756557, 44.5570267, 927.8984375 ], [ -72.775543, 44.5570458, 928.69921875 ], [ -72.7754143, 44.5570535, 929.19921875 ], [ -72.7753419, 44.5570439, 929.09765625 ], [ -72.7752855, 44.5570382, 929.19921875 ], [ -72.7751783, 44.557021, 929.0 ], [ -72.775079, 44.5570172, 929.59765625 ], [ -72.7750307, 44.5570172, 929.8984375 ], [ -72.7749744, 44.5570153, 930.0 ], [ -72.7749449, 44.5570592, 931.69921875 ], [ -72.7749503, 44.5571127, 933.09765625 ], [ -72.7749476, 44.5571395, 933.3984375 ], [ -72.7749206, 44.5571654, 933.59765625 ], [ -72.7747454, 44.557184, 933.09765625 ], [ -72.7745206, 44.5570941, 931.296875 ], [ -72.7744138, 44.5570821, 930.59765625 ], [ -72.7742878, 44.557107, 930.0 ], [ -72.7742019, 44.5571261, 929.3984375 ], [ -72.7740732, 44.5571261, 928.3984375 ], [ -72.7739713, 44.5571146, 927.59765625 ], [ -72.7738087, 44.5570625, 926.59765625 ], [ -72.7736574, 44.5570592, 927.19921875 ], [ -72.7735126, 44.5570649, 927.296875 ], [ -72.7734026, 44.557063, 927.296875 ], [ -72.773231, 44.557021, 925.09765625 ], [ -72.7730566, 44.5569942, 923.0 ], [ -72.7730057, 44.5569579, 922.296875 ], [ -72.7729628, 44.5569273, 921.69921875 ], [ -72.7729054, 44.5569163, 921.3984375 ], [ -72.7724816, 44.5568662, 920.296875 ], [ -72.7720744, 44.5567844, 920.8984375 ], [ -72.7717798, 44.556786, 921.59765625 ], [ -72.7715901, 44.5567296, 922.796875 ], [ -72.7713745, 44.5565938, 925.8984375 ], [ -72.7712879, 44.556424, 929.3984375 ], [ -72.7711385, 44.5563685, 931.19921875 ], [ -72.7707911, 44.5563345, 930.796875 ], [ -72.7705819, 44.5562566, 930.0 ], [ -72.7700138, 44.5560918, 929.0 ], [ -72.7696486, 44.5558671, 931.5 ], [ -72.7693554, 44.555756, 932.19921875 ], [ -72.7690267, 44.5556515, 932.3984375 ], [ -72.768576, 44.5555793, 929.09765625 ], [ -72.7684701, 44.5555551, 928.0 ], [ -72.7683708, 44.5555493, 926.8984375 ], [ -72.7682775, 44.5555801, 925.5 ], [ -72.7682099, 44.5556143, 924.19921875 ], [ -72.768057, 44.5556296, 921.5 ], [ -72.7679115, 44.5556688, 919.09765625 ], [ -72.7678397, 44.5557252, 917.5 ], [ -72.7677405, 44.5557366, 916.0 ], [ -72.7676734, 44.5557405, 915.0 ], [ -72.767586, 44.555763, 913.69921875 ], [ -72.7671692, 44.555901, 911.69921875 ], [ -72.767039, 44.555919, 912.8984375 ], [ -72.7669546, 44.5558934, 913.69921875 ], [ -72.766842, 44.5558418, 915.0 ], [ -72.7667642, 44.5558207, 916.0 ], [ -72.7666703, 44.555821, 917.296875 ], [ -72.7665657, 44.5558456, 918.59765625 ], [ -72.7664503, 44.555859, 919.796875 ], [ -72.7661258, 44.5559717, 925.69921875 ], [ -72.7660561, 44.5559966, 926.796875 ], [ -72.765989, 44.5559985, 927.796875 ], [ -72.7659461, 44.5559985, 928.3984375 ], [ -72.7658951, 44.5560424, 929.09765625 ], [ -72.765871, 44.5561132, 929.5 ], [ -72.7658603, 44.5561227, 929.69921875 ], [ -72.7658603, 44.5561858, 929.69921875 ], [ -72.7658227, 44.5562565, 930.09765625 ], [ -72.7656859, 44.5563406, 931.19921875 ], [ -72.7656081, 44.5563482, 932.19921875 ], [ -72.7655116, 44.556331, 933.59765625 ], [ -72.7654257, 44.5563005, 934.796875 ], [ -72.7653399, 44.5563062, 935.69921875 ], [ -72.7651924, 44.5563731, 937.0 ], [ -72.765018, 44.5564572, 938.3984375 ], [ -72.7648642, 44.5565228, 940.59765625 ], [ -72.7647096, 44.5565795, 942.19921875 ], [ -72.7645648, 44.556612, 945.5 ], [ -72.764487, 44.556612, 947.296875 ], [ -72.7644065, 44.5565948, 949.69921875 ], [ -72.7642169, 44.5565473, 955.296875 ], [ -72.7641249, 44.556547, 957.8984375 ], [ -72.7640471, 44.5565604, 959.69921875 ], [ -72.7640015, 44.5566158, 959.69921875 ], [ -72.7639115, 44.556732, 959.3984375 ], [ -72.763724, 44.556937, 959.296875 ], [ -72.7635043, 44.5571541, 959.59765625 ], [ -72.7631088, 44.5574334, 966.19921875 ], [ -72.762658, 44.557999, 978.296875 ], [ -72.762076, 44.55839, 989.59765625 ], [ -72.761803, 44.558547, 994.3984375 ], [ -72.761455, 44.558717, 1002.296875 ], [ -72.761389, 44.5587755, 1003.3984375 ], [ -72.7612415, 44.5588576, 1007.69921875 ], [ -72.7611047, 44.5589341, 1011.59765625 ], [ -72.761019, 44.55897, 1014.19921875 ], [ -72.7609625, 44.5589704, 1016.796875 ], [ -72.7609304, 44.5589799, 1017.796875 ], [ -72.7607963, 44.5590392, 1021.59765625 ], [ -72.7605817, 44.5591386, 1030.59765625 ], [ -72.7604932, 44.5592112, 1033.09765625 ], [ -72.7604449, 44.5592857, 1033.59765625 ], [ -72.7603349, 44.5593564, 1038.3984375 ], [ -72.7602357, 44.5594042, 1042.8984375 ], [ -72.7601525, 44.5594119, 1048.296875 ], [ -72.7599996, 44.5594291, 1057.796875 ], [ -72.7598622, 44.559455, 1061.296875 ], [ -72.7598655, 44.5595686, 1063.0 ], [ -72.7598628, 44.5597004, 1064.0 ], [ -72.7598333, 44.5597998, 1065.3984375 ], [ -72.7598038, 44.5598591, 1066.8984375 ], [ -72.7597395, 44.559903, 1069.09765625 ], [ -72.7596669, 44.5599319, 1070.796875 ], [ -72.7595314, 44.560032, 1075.09765625 ], [ -72.7594069, 44.5602088, 1080.19921875 ], [ -72.759321, 44.5603407, 1082.09765625 ], [ -72.7592486, 44.5604897, 1085.09765625 ], [ -72.7591574, 44.5607172, 1091.296875 ], [ -72.7589356, 44.5611523, 1100.296875 ], [ -72.7588526, 44.5614733, 1101.09765625 ], [ -72.7586371, 44.5614606, 1107.8984375 ], [ -72.7585443, 44.5614662, 1108.5 ], [ -72.758511, 44.5614682, 1108.296875 ], [ -72.7584064, 44.5614969, 1108.796875 ], [ -72.7583098, 44.5615714, 1107.5 ], [ -72.7581865, 44.561688, 1100.8984375 ], [ -72.7578969, 44.562058, 1086.0 ], [ -72.7578616, 44.5620928, 1084.5 ], [ -72.7574168, 44.5625321, 1063.3984375 ], [ -72.7572652, 44.5626521, 1058.5 ], [ -72.7567942, 44.5630739, 1045.296875 ], [ -72.7566451, 44.5632167, 1047.69921875 ], [ -72.7564886, 44.56338, 1049.5 ], [ -72.7564004, 44.5634803, 1052.19921875 ], [ -72.7562741, 44.5635283, 1054.5 ], [ -72.756148, 44.563596, 1055.19921875 ], [ -72.756061, 44.563766, 1048.3984375 ], [ -72.755909, 44.563906, 1042.796875 ], [ -72.755803, 44.564039, 1037.296875 ], [ -72.755738, 44.564098, 1033.796875 ], [ -72.7555505, 44.5641448, 1031.0 ], [ -72.755546, 44.564219, 1026.19921875 ], [ -72.755581, 44.564288, 1022.0 ], [ -72.7556308, 44.5643592, 1017.796875 ], [ -72.7558323, 44.5644255, 1013.5 ], [ -72.7558317, 44.5644834, 1010.09765625 ], [ -72.7558307, 44.5645581, 1004.59765625 ], [ -72.755907, 44.564579, 1002.3984375 ], [ -72.755986, 44.564627, 999.296875 ], [ -72.756018, 44.564669, 997.19921875 ], [ -72.755991, 44.564729, 995.09765625 ], [ -72.755768, 44.565012, 987.796875 ], [ -72.755637, 44.565132, 985.69921875 ], [ -72.7555963, 44.5652751, 983.5 ], [ -72.755236, 44.565539, 988.796875 ], [ -72.755169, 44.565689, 987.59765625 ], [ -72.754901, 44.566088, 981.0 ], [ -72.7547475, 44.5664854, 970.59765625 ], [ -72.7546803, 44.5666146, 967.5 ], [ -72.7546627, 44.5667125, 964.296875 ], [ -72.7547637, 44.5668546, 957.0 ], [ -72.754722, 44.566963, 953.3984375 ], [ -72.754637, 44.567087, 948.59765625 ], [ -72.7543725, 44.5672417, 946.0 ], [ -72.754246, 44.567372, 942.69921875 ], [ -72.754188, 44.567466, 939.0 ], [ -72.754183, 44.567649, 931.5 ], [ -72.754138, 44.567784, 927.0 ], [ -72.753969, 44.567962, 921.3984375 ], [ -72.753899, 44.568068, 918.5 ], [ -72.753856, 44.568107, 917.19921875 ], [ -72.753774, 44.56814, 915.59765625 ], [ -72.7535015, 44.5681252, 912.0 ], [ -72.7533985, 44.5681619, 908.69921875 ], [ -72.7533725, 44.5682577, 904.59765625 ], [ -72.7533307, 44.5683983, 898.5 ], [ -72.753268, 44.568509, 894.0 ], [ -72.753245, 44.5687066, 892.3984375 ], [ -72.753341, 44.568852, 895.8984375 ], [ -72.753494, 44.569022, 900.0 ], [ -72.753527, 44.569106, 901.59765625 ], [ -72.753599, 44.569671, 906.796875 ], [ -72.753536, 44.570074, 911.69921875 ], [ -72.753515, 44.570141, 913.19921875 ], [ -72.753426, 44.570218, 916.09765625 ], [ -72.753347, 44.570243, 918.09765625 ], [ -72.752651, 44.57033, 927.09765625 ], [ -72.752556, 44.570364, 927.796875 ], [ -72.75252, 44.570396, 928.59765625 ], [ -72.752507, 44.570479, 931.09765625 ], [ -72.752571, 44.570651, 936.59765625 ], [ -72.7526, 44.570845, 942.796875 ], [ -72.752597, 44.571248, 956.296875 ], [ -72.752561, 44.571395, 959.3984375 ], [ -72.752394, 44.57166, 965.69921875 ], [ -72.752396, 44.571746, 968.59765625 ], [ -72.752624, 44.572131, 975.8984375 ], [ -72.752633, 44.572182, 976.09765625 ], [ -72.752606, 44.572254, 976.59765625 ], [ -72.752521, 44.572391, 977.796875 ], [ -72.752496, 44.572599, 977.09765625 ], [ -72.752588, 44.572813, 972.8984375 ], [ -72.752604, 44.573013, 970.3984375 ], [ -72.75265, 44.573113, 970.09765625 ], [ -72.752674, 44.573338, 971.296875 ], [ -72.752763, 44.57373, 975.0 ], [ -72.752769, 44.573835, 975.5 ], [ -72.752681, 44.574029, 979.19921875 ], [ -72.752649, 44.574212, 982.09765625 ], [ -72.752614, 44.574288, 984.5 ], [ -72.752379, 44.57458, 993.19921875 ], [ -72.752262, 44.574785, 998.09765625 ], [ -72.752182, 44.575114, 1003.3984375 ], [ -72.752095, 44.575271, 1006.296875 ], [ -72.752046, 44.575331, 1007.69921875 ], [ -72.751777, 44.575526, 1009.3984375 ], [ -72.75165, 44.575644, 1010.0 ], [ -72.751574, 44.575756, 1011.09765625 ], [ -72.751549, 44.575833, 1012.3984375 ], [ -72.751522, 44.576203, 1018.59765625 ], [ -72.751479, 44.576284, 1018.8984375 ], [ -72.751372, 44.576392, 1018.0 ], [ -72.75121, 44.576511, 1015.0 ], [ -72.751033, 44.576766, 1012.296875 ], [ -72.750982, 44.576866, 1012.19921875 ], [ -72.750982, 44.577095, 1015.3984375 ], [ -72.75095, 44.57728, 1016.8984375 ], [ -72.750887, 44.577374, 1016.5 ], [ -72.750749, 44.577465, 1013.69921875 ], [ -72.750519, 44.577584, 1010.19921875 ], [ -72.750316, 44.577819, 1009.296875 ], [ -72.750188, 44.577898, 1008.5 ], [ -72.74988, 44.577997, 1004.3984375 ], [ -72.749723, 44.578065, 1002.69921875 ], [ -72.749497, 44.578105, 1000.0 ], [ -72.749105, 44.578223, 997.3984375 ], [ -72.748966, 44.57828, 995.8984375 ], [ -72.748787, 44.578314, 993.796875 ], [ -72.748599, 44.578318, 991.296875 ], [ -72.748332, 44.578355, 984.59765625 ], [ -72.748196, 44.578354, 982.8984375 ], [ -72.74794, 44.578303, 979.59765625 ], [ -72.747822, 44.578338, 977.59765625 ], [ -72.747702, 44.578428, 975.3984375 ], [ -72.747432, 44.578537, 970.296875 ], [ -72.747088, 44.578719, 961.09765625 ], [ -72.746892, 44.578901, 957.3984375 ], [ -72.746557, 44.579134, 957.296875 ], [ -72.746364, 44.579294, 959.296875 ], [ -72.746233, 44.579358, 961.09765625 ], [ -72.746, 44.57942, 964.3984375 ], [ -72.745677, 44.579478, 969.5 ], [ -72.745589, 44.579505, 971.296875 ], [ -72.745455, 44.579581, 973.296875 ], [ -72.745379, 44.579606, 973.0 ], [ -72.744807, 44.579641, 970.69921875 ], [ -72.744577, 44.579751, 969.296875 ], [ -72.744439, 44.579787, 968.8984375 ], [ -72.744127, 44.579833, 966.8984375 ], [ -72.743853, 44.579946, 967.0 ], [ -72.743718, 44.579959, 966.296875 ], [ -72.743561, 44.579947, 965.59765625 ], [ -72.743208, 44.579899, 968.59765625 ], [ -72.743104, 44.57987, 970.19921875 ], [ -72.742748, 44.579678, 966.8984375 ], [ -72.742496, 44.579585, 966.296875 ], [ -72.742157, 44.579408, 958.8984375 ], [ -72.741802, 44.579298, 953.69921875 ], [ -72.7413735, 44.5791643, 946.19921875 ], [ -72.7411393, 44.5790238, 940.19921875 ], [ -72.7409422, 44.5788878, 936.796875 ], [ -72.740979, 44.579072, 946.0 ], [ -72.741034, 44.579169, 950.296875 ], [ -72.741228, 44.579363, 959.0 ], [ -72.741778, 44.579794, 981.09765625 ], [ -72.741984, 44.579936, 987.09765625 ], [ -72.74209, 44.580035, 991.3984375 ], [ -72.742439, 44.580248, 996.0 ], [ -72.74249, 44.580298, 997.19921875 ], [ -72.742701, 44.580563, 1002.59765625 ], [ -72.742732, 44.580629, 1003.796875 ], [ -72.742789, 44.580908, 1007.5 ], [ -72.742742, 44.581013, 1011.5 ], [ -72.742683, 44.581055, 1015.09765625 ], [ -72.742474, 44.581133, 1024.796875 ], [ -72.742414, 44.581171, 1027.3984375 ], [ -72.742284, 44.581395, 1036.19921875 ], [ -72.742093, 44.581547, 1047.5 ], [ -72.741884, 44.581785, 1058.0 ], [ -72.741633, 44.582018, 1069.3984375 ], [ -72.741561, 44.582066, 1072.59765625 ], [ -72.741298, 44.582195, 1082.69921875 ], [ -72.740477, 44.58245, 1116.296875 ], [ -72.740315, 44.582479, 1120.69921875 ], [ -72.7401224, 44.5823694, 1127.09765625 ], [ -72.7399562, 44.5822127, 1127.59765625 ], [ -72.7399722, 44.5824076, 1126.19921875 ], [ -72.7399696, 44.5825413, 1119.296875 ], [ -72.740222, 44.582624, 1118.59765625 ], [ -72.740465, 44.582884, 1108.09765625 ], [ -72.740577, 44.583047, 1102.5 ], [ -72.740757, 44.583256, 1095.296875 ], [ -72.74078, 44.58344, 1088.296875 ], [ -72.740952, 44.583929, 1073.296875 ], [ -72.741188, 44.584189, 1069.69921875 ], [ -72.741292, 44.584431, 1065.09765625 ], [ -72.741375, 44.58454, 1063.69921875 ], [ -72.741656, 44.58505, 1055.8984375 ], [ -72.741671, 44.585263, 1054.09765625 ], [ -72.741634, 44.585427, 1052.69921875 ], [ -72.741583, 44.585563, 1051.5 ], [ -72.741426, 44.585813, 1047.69921875 ], [ -72.741412, 44.586071, 1044.796875 ], [ -72.741325, 44.586314, 1039.5 ], [ -72.741399, 44.586469, 1036.5 ], [ -72.741472, 44.586798, 1024.8984375 ], [ -72.741533, 44.586892, 1021.5 ], [ -72.741727, 44.587074, 1013.59765625 ], [ -72.741865, 44.587131, 1008.5 ], [ -72.741942, 44.587181, 1004.5 ], [ -72.741969, 44.587279, 998.19921875 ], [ -72.741871, 44.587498, 988.796875 ], [ -72.741666, 44.587759, 977.5 ], [ -72.741552, 44.587981, 965.69921875 ], [ -72.741467, 44.588076, 960.8984375 ], [ -72.740978, 44.588431, 946.69921875 ], [ -72.740656, 44.588622, 937.0 ], [ -72.740574, 44.588729, 931.8984375 ], [ -72.740521, 44.588917, 922.3984375 ], [ -72.740421, 44.588992, 917.59765625 ], [ -72.740328, 44.589014, 915.3984375 ], [ -72.740057, 44.589026, 908.3984375 ], [ -72.73966, 44.588936, 900.0 ], [ -72.739524, 44.588921, 895.8984375 ], [ -72.739395, 44.588938, 890.796875 ], [ -72.739285, 44.589018, 883.3984375 ], [ -72.739078, 44.5893, 869.69921875 ], [ -72.739018, 44.589351, 866.09765625 ], [ -72.738896, 44.589378, 861.59765625 ], [ -72.738521, 44.589379, 849.296875 ], [ -72.738367, 44.589346, 845.3984375 ], [ -72.737739, 44.589069, 840.59765625 ], [ -72.7376, 44.589047, 838.8984375 ], [ -72.737463, 44.589083, 835.19921875 ], [ -72.73738, 44.589136, 831.3984375 ], [ -72.737, 44.589488, 810.296875 ], [ -72.736888, 44.589571, 806.3984375 ], [ -72.736778, 44.589611, 803.19921875 ], [ -72.736112, 44.589685, 784.8984375 ], [ -72.735937, 44.58969, 780.59765625 ], [ -72.735347, 44.58978, 762.796875 ], [ -72.735158, 44.589781, 758.3984375 ], [ -72.734954, 44.589813, 753.0 ], [ -72.73473, 44.589889, 747.09765625 ], [ -72.734572, 44.589907, 744.19921875 ], [ -72.734244, 44.589902, 738.5 ], [ -72.733626, 44.589993, 730.8984375 ], [ -72.733096, 44.589993, 723.59765625 ], [ -72.732799, 44.589963, 719.0 ], [ -72.732664, 44.589968, 716.5 ], [ -72.732413, 44.590064, 711.8984375 ], [ -72.732114, 44.590145, 706.8984375 ], [ -72.731998, 44.590194, 704.8984375 ], [ -72.731832, 44.59036, 702.3984375 ], [ -72.731685, 44.590455, 700.59765625 ], [ -72.731269, 44.590594, 697.296875 ], [ -72.730939, 44.590634, 694.296875 ], [ -72.730624, 44.590635, 689.19921875 ], [ -72.730365, 44.590609, 685.0 ], [ -72.730101, 44.590606, 681.19921875 ], [ -72.729993, 44.590621, 679.796875 ], [ -72.729597, 44.590747, 675.09765625 ], [ -72.729461, 44.590733, 672.09765625 ], [ -72.729312, 44.590665, 669.09765625 ], [ -72.728882, 44.590556, 663.5 ], [ -72.727746, 44.590387, 646.296875 ], [ -72.727638, 44.5904, 644.8984375 ], [ -72.727524, 44.590451, 643.796875 ], [ -72.727279, 44.590605, 643.796875 ], [ -72.727099, 44.590683, 642.5 ], [ -72.726977, 44.590699, 641.5 ], [ -72.726726, 44.590687, 640.19921875 ], [ -72.726496, 44.590647, 638.796875 ], [ -72.726105, 44.590508, 635.0 ], [ -72.72591, 44.590477, 633.19921875 ], [ -72.725759, 44.59048, 632.19921875 ], [ -72.725562, 44.590502, 630.8984375 ], [ -72.725145, 44.590616, 628.5 ], [ -72.724924, 44.590637, 626.3984375 ], [ -72.724345, 44.590621, 622.69921875 ], [ -72.723653, 44.59069, 620.19921875 ], [ -72.723507, 44.590738, 619.796875 ], [ -72.723428, 44.59078, 619.59765625 ], [ -72.723203, 44.59096, 619.8984375 ], [ -72.72308, 44.591019, 619.5 ], [ -72.722923, 44.591075, 618.796875 ], [ -72.722147, 44.591247, 614.5 ], [ -72.721885, 44.591322, 613.3984375 ], [ -72.721762, 44.591379, 612.8984375 ], [ -72.721299, 44.591751, 611.3984375 ], [ -72.72095, 44.592398, 615.296875 ], [ -72.72071, 44.592649, 615.0 ], [ -72.720245, 44.593037, 612.19921875 ], [ -72.719941, 44.593251, 611.796875 ], [ -72.719825, 44.593302, 612.296875 ], [ -72.719447, 44.593415, 612.8984375 ], [ -72.719306, 44.59347, 613.0 ], [ -72.719232, 44.593518, 613.3984375 ], [ -72.718781, 44.59398, 615.0 ], [ -72.718438, 44.594396, 614.8984375 ], [ -72.717975, 44.594707, 610.3984375 ], [ -72.717921, 44.594783, 609.796875 ], [ -72.717918, 44.594962, 610.3984375 ], [ -72.71797, 44.595108, 611.69921875 ], [ -72.718039, 44.595202, 612.796875 ], [ -72.718846, 44.595827, 620.59765625 ], [ -72.719162, 44.59616, 618.796875 ], [ -72.719262, 44.596311, 617.0 ], [ -72.719481, 44.59658, 614.59765625 ], [ -72.719505, 44.596646, 613.69921875 ], [ -72.719486, 44.596741, 611.796875 ], [ -72.719451, 44.596797, 610.19921875 ], [ -72.719179, 44.597005, 602.09765625 ], [ -72.719102, 44.597086, 599.5 ], [ -72.718781, 44.597551, 593.5 ], [ -72.718646, 44.597852, 589.09765625 ], [ -72.718639, 44.597922, 588.296875 ], [ -72.718708, 44.598168, 585.3984375 ], [ -72.718833, 44.598342, 583.8984375 ], [ -72.719017, 44.598489, 583.09765625 ], [ -72.719064, 44.598559, 582.3984375 ], [ -72.719078, 44.598619, 581.59765625 ], [ -72.719067, 44.598736, 579.5 ], [ -72.719027, 44.598867, 576.8984375 ], [ -72.718975, 44.598937, 575.0 ], [ -72.718742, 44.599123, 567.69921875 ], [ -72.718617, 44.599255, 561.5 ], [ -72.718579, 44.599319, 559.3984375 ], [ -72.718451, 44.599647, 552.19921875 ], [ -72.718429, 44.599742, 550.09765625 ], [ -72.718433, 44.599904, 547.0 ], [ -72.718494, 44.600047, 545.0 ], [ -72.718633, 44.600217, 543.19921875 ], [ -72.719039, 44.600624, 538.69921875 ], [ -72.719156, 44.60092, 531.59765625 ], [ -72.71921, 44.600998, 530.09765625 ], [ -72.719524, 44.601213, 529.8984375 ], [ -72.719607, 44.601311, 528.796875 ], [ -72.719823, 44.601734, 521.59765625 ], [ -72.719943, 44.602087, 516.5 ], [ -72.719943, 44.602212, 512.19921875 ], [ -72.719909, 44.602297, 508.5 ], [ -72.719855, 44.602356, 505.5 ], [ -72.719699, 44.602461, 502.8984375 ], [ -72.71953, 44.602541, 499.69921875 ], [ -72.719411, 44.602546, 497.296875 ], [ -72.719077, 44.602509, 490.59765625 ], [ -72.718851, 44.602508, 485.69921875 ], [ -72.718481, 44.602567, 476.796875 ], [ -72.718392, 44.602613, 474.0 ], [ -72.7181316, 44.6028654, 470.8984375 ], [ -72.717738, 44.603247, 465.8984375 ], [ -72.717428, 44.603468, 464.0 ], [ -72.717379, 44.603586, 465.59765625 ], [ -72.717352, 44.603772, 468.296875 ], [ -72.717234, 44.604122, 472.19921875 ], [ -72.717242, 44.604289, 472.796875 ], [ -72.717211, 44.604767, 468.8984375 ], [ -72.717266, 44.604965, 465.19921875 ], [ -72.717276, 44.605231, 461.69921875 ], [ -72.717338, 44.605456, 459.3984375 ], [ -72.717407, 44.60559, 458.0 ], [ -72.71749, 44.605683, 456.296875 ], [ -72.717672, 44.605794, 458.3984375 ], [ -72.718014, 44.606428, 457.5 ], [ -72.718094, 44.606529, 457.69921875 ], [ -72.718333, 44.606734, 455.69921875 ], [ -72.718504, 44.606836, 453.3984375 ], [ -72.718679, 44.606902, 453.0 ], [ -72.718912, 44.606943, 453.796875 ], [ -72.71911, 44.607054, 450.8984375 ], [ -72.719241, 44.607102, 449.19921875 ], [ -72.719875, 44.607221, 445.19921875 ], [ -72.720695, 44.607497, 444.796875 ], [ -72.720804, 44.607554, 443.8984375 ], [ -72.721053, 44.607773, 436.59765625 ], [ -72.721513, 44.607953, 430.59765625 ], [ -72.72175, 44.608119, 424.19921875 ], [ -72.721878, 44.608149, 423.3984375 ], [ -72.72205, 44.608144, 423.8984375 ], [ -72.722351, 44.608217, 420.8984375 ], [ -72.723064, 44.608287, 416.296875 ], [ -72.723283, 44.608348, 415.0 ], [ -72.723482, 44.608465, 412.59765625 ], [ -72.723753, 44.608565, 413.296875 ], [ -72.723973, 44.608697, 413.796875 ], [ -72.724071, 44.608776, 413.796875 ], [ -72.724327, 44.609199, 416.19921875 ], [ -72.724367, 44.609335, 416.8984375 ], [ -72.724213, 44.609933, 416.8984375 ], [ -72.724185, 44.610153, 416.09765625 ], [ -72.724314, 44.610723, 415.5 ], [ -72.724306, 44.611049, 415.0 ], [ -72.724344, 44.611114, 414.8984375 ], [ -72.724545, 44.611329, 414.09765625 ], [ -72.724643, 44.61148, 413.69921875 ], [ -72.724651, 44.611537, 413.5 ], [ -72.724551, 44.611833, 414.19921875 ], [ -72.724567, 44.612007, 414.09765625 ], [ -72.724529, 44.612255, 413.59765625 ], [ -72.724556, 44.612895, 411.69921875 ], [ -72.724646, 44.613144, 412.3984375 ], [ -72.724742, 44.613534, 413.69921875 ], [ -72.724714, 44.613773, 413.8984375 ], [ -72.724246, 44.61486, 406.09765625 ], [ -72.724167, 44.614948, 405.69921875 ], [ -72.724021, 44.615026, 404.59765625 ], [ -72.723905, 44.61518, 402.3984375 ], [ -72.723503, 44.615483, 398.796875 ], [ -72.723133, 44.615864, 393.59765625 ], [ -72.723012, 44.616103, 390.59765625 ], [ -72.72277, 44.616386, 387.5 ], [ -72.722647, 44.61659, 386.0 ], [ -72.722445, 44.616832, 384.5 ], [ -72.722404, 44.61696, 382.796875 ], [ -72.722165, 44.617446, 378.5 ], [ -72.722025, 44.617653, 376.8984375 ], [ -72.72189, 44.617899, 374.5 ], [ -72.721818, 44.618112, 373.5 ], [ -72.721832, 44.618489, 371.09765625 ], [ -72.721822, 44.618649, 369.796875 ], [ -72.72178, 44.618842, 368.19921875 ], [ -72.721812, 44.619121, 365.0 ], [ -72.721738, 44.619297, 363.5 ], [ -72.721718, 44.61952, 361.296875 ], [ -72.721738, 44.619661, 359.3984375 ], [ -72.72197, 44.620177, 353.296875 ], [ -72.722101, 44.620369, 350.09765625 ], [ -72.722387, 44.620637, 345.5 ], [ -72.722671, 44.620796, 342.09765625 ], [ -72.7227737, 44.6208663, 341.09765625 ], [ -72.722861, 44.620926, 340.8984375 ], [ -72.722907, 44.621069, 340.59765625 ], [ -72.722886, 44.621146, 340.19921875 ], [ -72.722791, 44.621303, 338.8984375 ], [ -72.722738, 44.621556, 337.69921875 ], [ -72.722659, 44.621677, 337.0 ], [ -72.722499, 44.621859, 335.796875 ], [ -72.722391, 44.622028, 335.59765625 ], [ -72.722255, 44.622155, 335.09765625 ], [ -72.721957, 44.622379, 332.8984375 ], [ -72.721849, 44.62244, 332.296875 ], [ -72.721772, 44.622506, 332.0 ], [ -72.72172, 44.622592, 331.8984375 ], [ -72.721704, 44.622701, 332.296875 ], [ -72.721735, 44.622823, 332.69921875 ], [ -72.7219, 44.623367, 333.19921875 ], [ -72.721947, 44.623585, 332.5 ], [ -72.722028, 44.623772, 331.0 ], [ -72.722058, 44.623912, 329.8984375 ], [ -72.722049, 44.624126, 329.0 ], [ -72.721982, 44.624503, 327.8984375 ], [ -72.721932, 44.624667, 327.19921875 ], [ -72.721867, 44.624782, 326.69921875 ], [ -72.721808, 44.62486, 326.5 ], [ -72.721701, 44.624956, 326.19921875 ], [ -72.721564, 44.625036, 325.796875 ], [ -72.721405, 44.6251, 325.5 ], [ -72.721348, 44.625141, 324.796875 ], [ -72.721227, 44.625294, 320.8984375 ], [ -72.721208, 44.625442, 317.8984375 ], [ -72.72128, 44.625782, 315.09765625 ], [ -72.721369, 44.625898, 314.0 ], [ -72.72192, 44.626402, 305.09765625 ], [ -72.722134, 44.626674, 303.0 ], [ -72.72226, 44.626869, 301.296875 ], [ -72.722557, 44.627231, 297.0 ], [ -72.722806, 44.627465, 293.0 ], [ -72.723291, 44.627796, 284.5 ], [ -72.723443, 44.627952, 282.59765625 ], [ -72.723579, 44.628055, 281.59765625 ], [ -72.723769, 44.628255, 281.3984375 ], [ -72.723856, 44.62839, 282.09765625 ], [ -72.723894, 44.628421, 282.0 ], [ -72.724048, 44.628481, 279.59765625 ], [ -72.72412, 44.628526, 278.796875 ], [ -72.724503, 44.628859, 278.0 ], [ -72.724653, 44.629019, 277.5 ], [ -72.724773, 44.629101, 275.69921875 ], [ -72.725135, 44.629408, 271.59765625 ], [ -72.725694, 44.630075, 267.19921875 ], [ -72.725733, 44.63014, 266.8984375 ], [ -72.725885, 44.630485, 265.3984375 ], [ -72.725928, 44.630705, 265.19921875 ], [ -72.725961, 44.631148, 262.5 ], [ -72.726093, 44.631527, 256.3984375 ], [ -72.726157, 44.631796, 254.5 ], [ -72.726285, 44.632037, 252.0 ], [ -72.726431, 44.632243, 249.8984375 ], [ -72.726546, 44.632357, 247.5 ], [ -72.726694, 44.632544, 244.0 ], [ -72.726842, 44.632779, 241.0 ], [ -72.726928, 44.632974, 238.3984375 ], [ -72.726944, 44.63306, 237.0 ], [ -72.726935, 44.633131, 236.0 ], [ -72.726882, 44.633227, 235.5 ], [ -72.726751, 44.633358, 236.296875 ], [ -72.72653, 44.633646, 235.3984375 ], [ -72.726428, 44.633974, 230.3984375 ], [ -72.726357, 44.634314, 227.59765625 ], [ -72.726294, 44.634422, 227.296875 ], [ -72.726291, 44.63453, 225.59765625 ], [ -72.726237, 44.634635, 224.59765625 ], [ -72.725996, 44.634996, 220.69921875 ], [ -72.72587, 44.63514, 221.09765625 ], [ -72.72553, 44.635433, 222.0 ], [ -72.725455, 44.635474, 221.8984375 ], [ -72.725095, 44.635587, 222.5 ], [ -72.724626, 44.635694, 223.09765625 ], [ -72.724437, 44.635759, 221.59765625 ], [ -72.724371, 44.635811, 221.09765625 ], [ -72.724286, 44.635914, 220.19921875 ], [ -72.724237, 44.636037, 219.19921875 ], [ -72.724218, 44.636203, 217.796875 ], [ -72.724232, 44.63647, 216.296875 ], [ -72.724267, 44.636715, 214.09765625 ], [ -72.724356, 44.636924, 211.0 ], [ -72.724479, 44.637086, 207.296875 ], [ -72.72456, 44.637268, 203.8984375 ], [ -72.724776, 44.637557, 196.0 ], [ -72.7251133, 44.6378912, 188.5 ], [ -72.725242, 44.637991, 186.5 ], [ -72.725214, 44.638092, 186.69921875 ], [ -72.725178, 44.638172, 186.796875 ], [ -72.725079, 44.638277, 186.8984375 ], [ -72.724962, 44.638368, 186.59765625 ], [ -72.724901, 44.63841, 185.8984375 ], [ -72.724772, 44.638481, 184.19921875 ], [ -72.724705, 44.638511, 183.296875 ], [ -72.724565, 44.63856, 181.8984375 ], [ -72.724426, 44.638603, 180.59765625 ], [ -72.724223, 44.638675, 178.8984375 ], [ -72.72409, 44.638732, 178.0 ], [ -72.723964, 44.638801, 176.69921875 ], [ -72.723719, 44.638965, 174.59765625 ], [ -72.723486, 44.63914, 171.296875 ], [ -72.723208, 44.639407, 167.0 ], [ -72.723044, 44.639597, 166.0 ], [ -72.722855, 44.639796, 165.296875 ], [ -72.722801, 44.639852, 165.0 ], [ -72.722589, 44.640051, 162.8984375 ], [ -72.722456, 44.640235, 161.296875 ], [ -72.7221335, 44.6407922, 159.19921875 ], [ -72.7220249, 44.6409616, 157.69921875 ], [ -72.7219136, 44.6411734, 156.3984375 ], [ -72.7218278, 44.6413571, 155.3984375 ], [ -72.7217426, 44.641515, 154.296875 ], [ -72.7216143, 44.6417247, 152.8984375 ], [ -72.7216748, 44.6417148, 152.69921875 ], [ -72.722546, 44.6415724, 154.19921875 ], [ -72.7238379, 44.6413847, 155.0 ], [ -72.7247278, 44.6413556, 156.19921875 ], [ -72.725146, 44.6413735, 156.09765625 ], [ -72.7256239, 44.6414272, 155.8984375 ], [ -72.7264823, 44.641595, 156.796875 ], [ -72.7273125, 44.6418187, 156.59765625 ], [ -72.7278341, 44.6420252, 156.0 ], [ -72.7280199, 44.6421029, 156.0 ], [ -72.7284161, 44.6423087, 156.296875 ], [ -72.7291647, 44.6428143, 157.0 ], [ -72.7290682, 44.6429586, 156.59765625 ], [ -72.7289448, 44.6431285, 156.0 ], [ -72.7287892, 44.6432965, 155.3984375 ], [ -72.7285749, 44.6434831, 155.0 ], [ -72.7284032, 44.6436071, 157.0 ], [ -72.7283523, 44.6436682, 158.3984375 ], [ -72.7282986, 44.6437636, 160.5 ], [ -72.7282825, 44.6438094, 161.59765625 ], [ -72.7283227, 44.6440002, 165.5 ], [ -72.7283093, 44.6440384, 166.296875 ], [ -72.7282825, 44.6440537, 166.5 ], [ -72.7282235, 44.6440537, 166.69921875 ], [ -72.7281752, 44.6440365, 166.69921875 ], [ -72.7280787, 44.6440212, 166.796875 ], [ -72.728025, 44.6440098, 166.59765625 ], [ -72.7279633, 44.6440327, 166.69921875 ], [ -72.7278024, 44.6442083, 166.19921875 ], [ -72.727526, 44.644508, 161.69921875 ], [ -72.727908, 44.644707, 161.796875 ], [ -72.7283826, 44.6449374, 163.19921875 ], [ -72.7283569, 44.6449852, 162.796875 ], [ -72.7282927, 44.6450549, 162.0 ], [ -72.7282344, 44.6450916, 161.3984375 ], [ -72.7281713, 44.6451067, 160.8984375 ], [ -72.7281276, 44.6451601, 160.3984375 ], [ -72.7281045, 44.6452668, 159.796875 ], [ -72.7286151, 44.6456904, 160.0 ], [ -72.7287101, 44.6458741, 159.09765625 ], [ -72.7287608, 44.6460696, 158.59765625 ], [ -72.7287724, 44.6463489, 158.8984375 ], [ -72.7290017, 44.6465959, 157.296875 ], [ -72.7290375, 44.6467535, 157.296875 ], [ -72.7290097, 44.6469371, 158.296875 ], [ -72.728932, 44.647097, 159.19921875 ], [ -72.7287569, 44.6473166, 162.0 ], [ -72.7287199, 44.6474352, 164.8984375 ], [ -72.7288766, 44.6477009, 173.5 ], [ -72.7291357, 44.6479017, 177.59765625 ], [ -72.7291692, 44.6481123, 182.8984375 ], [ -72.7289733, 44.6485549, 191.0 ], [ -72.7290139, 44.6489212, 188.69921875 ], [ -72.7288662, 44.6490791, 187.0 ], [ -72.7290658, 44.6492404, 182.0 ], [ -72.7291679, 44.6495496, 172.796875 ], [ -72.7294196, 44.6496719, 165.19921875 ], [ -72.7297346, 44.6496679, 161.09765625 ], [ -72.7300679, 44.6496377, 161.59765625 ], [ -72.7301696, 44.6496627, 161.3984375 ], [ -72.7301254, 44.649758, 160.69921875 ], [ -72.7298774, 44.6499666, 159.0 ], [ -72.7293693, 44.6502864, 153.19921875 ], [ -72.7293077, 44.6505112, 148.69921875 ], [ -72.728903, 44.6507406, 144.5 ], [ -72.7290899, 44.6508316, 143.5 ], [ -72.7291444, 44.6509854, 142.5 ], [ -72.7293663, 44.6510371, 142.69921875 ], [ -72.7293476, 44.6511392, 145.0 ], [ -72.7291473, 44.6512485, 149.69921875 ], [ -72.7289012, 44.6513056, 144.09765625 ], [ -72.7288468, 44.6513636, 142.796875 ], [ -72.7286347, 44.6516747, 146.296875 ], [ -72.7286534, 44.6517582, 148.5 ], [ -72.7287879, 44.6521442, 153.796875 ], [ -72.7284384, 44.6521195, 163.5 ], [ -72.7281044, 44.6520174, 168.5 ], [ -72.72798, 44.6521334, 175.3984375 ], [ -72.7277652, 44.6521989, 182.5 ], [ -72.7274561, 44.6520865, 183.796875 ], [ -72.7271619, 44.651802, 177.296875 ], [ -72.7266649, 44.6516467, 182.796875 ], [ -72.726357, 44.6516448, 185.796875 ], [ -72.7260413, 44.6517264, 191.8984375 ], [ -72.7260052, 44.651822, 196.796875 ], [ -72.7261063, 44.651976, 203.796875 ], [ -72.7260253, 44.6522091, 212.5 ], [ -72.7258895, 44.6522985, 215.8984375 ], [ -72.7255769, 44.6522556, 217.5 ], [ -72.7241952, 44.6519621, 225.3984375 ], [ -72.7237311, 44.6519629, 223.69921875 ], [ -72.7232206, 44.6521876, 222.0 ], [ -72.7229576, 44.6525825, 218.69921875 ], [ -72.7229039, 44.6529566, 217.5 ], [ -72.7230651, 44.6532056, 221.296875 ], [ -72.7239723, 44.6536865, 225.0 ], [ -72.7243059, 44.6542093, 231.5 ], [ -72.724715, 44.6546249, 237.09765625 ], [ -72.7247779, 44.6549558, 247.09765625 ], [ -72.7249483, 44.6552158, 252.796875 ], [ -72.7252273, 44.6554258, 250.09765625 ], [ -72.7251741, 44.6554833, 253.59765625 ], [ -72.7246727, 44.6554498, 267.296875 ], [ -72.724363, 44.6556344, 286.69921875 ], [ -72.724131, 44.6558673, 298.59765625 ], [ -72.7237993, 44.6560224, 301.59765625 ], [ -72.7235069, 44.6560197, 304.796875 ], [ -72.7232768, 44.65615, 303.5 ], [ -72.7229746, 44.6562085, 305.09765625 ], [ -72.7227815, 44.6562225, 305.3984375 ], [ -72.7226921, 44.656248, 304.09765625 ], [ -72.72271, 44.6563294, 304.09765625 ], [ -72.7227261, 44.6564159, 304.0 ], [ -72.7226689, 44.6564884, 303.296875 ], [ -72.7225652, 44.6565291, 302.5 ], [ -72.7224311, 44.6566601, 302.69921875 ], [ -72.7222683, 44.6567597, 302.0 ], [ -72.7220452, 44.6571095, 302.5 ], [ -72.7217074, 44.6574644, 296.0 ], [ -72.7215938, 44.6576569, 293.296875 ], [ -72.7219, 44.6578899, 294.796875 ], [ -72.7225538, 44.6580792, 298.296875 ], [ -72.7232378, 44.6582522, 298.5 ], [ -72.7233807, 44.6584288, 298.19921875 ], [ -72.7234165, 44.6587896, 297.0 ], [ -72.7231676, 44.6600449, 303.09765625 ], [ -72.722893, 44.6603931, 310.0 ], [ -72.7228791, 44.6608222, 310.8984375 ], [ -72.7229944, 44.6611629, 315.296875 ], [ -72.7227718, 44.6613949, 323.796875 ], [ -72.7225518, 44.6615092, 334.0 ], [ -72.7225266, 44.6616461, 338.19921875 ], [ -72.7227469, 44.6620073, 339.69921875 ], [ -72.7226986, 44.6623321, 347.0 ], [ -72.722877, 44.662619, 351.796875 ], [ -72.7231187, 44.6628121, 354.5 ], [ -72.723219, 44.6630633, 360.0 ], [ -72.7231986, 44.6633023, 365.796875 ], [ -72.7234018, 44.6634346, 367.796875 ], [ -72.7236806, 44.6636321, 370.796875 ], [ -72.7238152, 44.6637672, 372.8984375 ], [ -72.724102, 44.6639428, 373.59765625 ], [ -72.7242552, 44.6641043, 375.8984375 ], [ -72.7243409, 44.664355, 381.59765625 ], [ -72.724309, 44.6644802, 386.09765625 ], [ -72.7240269, 44.664504, 391.296875 ], [ -72.7236128, 44.6646949, 403.296875 ], [ -72.7231781, 44.6651317, 414.5 ], [ -72.7230319, 44.665412, 421.19921875 ], [ -72.7230175, 44.6655765, 423.796875 ], [ -72.7229232, 44.6656567, 426.0 ], [ -72.7225446, 44.6657241, 428.19921875 ], [ -72.7222647, 44.6658515, 429.0 ], [ -72.7220979, 44.6659182, 429.5 ], [ -72.7218191, 44.665977, 430.296875 ], [ -72.7215435, 44.6660883, 429.09765625 ], [ -72.7214705, 44.6662234, 426.796875 ], [ -72.7215338, 44.666427, 423.296875 ], [ -72.7216697, 44.6665469, 422.09765625 ], [ -72.7217999, 44.666675, 425.0 ], [ -72.7219013, 44.6668067, 429.0 ], [ -72.7219482, 44.6669338, 433.19921875 ], [ -72.7219488, 44.6671712, 437.69921875 ], [ -72.7220193, 44.6672807, 439.69921875 ], [ -72.7221956, 44.6672996, 443.0 ], [ -72.7224485, 44.6672479, 445.59765625 ], [ -72.7225979, 44.6671566, 447.09765625 ], [ -72.7229505, 44.6671383, 453.69921875 ], [ -72.7234649, 44.6672139, 462.0 ], [ -72.7240785, 44.6671602, 464.0 ], [ -72.7243866, 44.66723, 465.5 ], [ -72.7246498, 44.6674429, 469.796875 ], [ -72.7248624, 44.6675219, 472.296875 ], [ -72.7249656, 44.6675638, 473.69921875 ], [ -72.7249977, 44.6676309, 475.69921875 ], [ -72.7251108, 44.667651, 477.19921875 ], [ -72.7253139, 44.6676289, 477.69921875 ], [ -72.7254704, 44.6677101, 480.8984375 ], [ -72.7255156, 44.6678707, 487.796875 ], [ -72.7253825, 44.6680991, 496.3984375 ], [ -72.7252102, 44.6682274, 500.19921875 ], [ -72.7252287, 44.6683247, 502.69921875 ], [ -72.7254665, 44.6683808, 506.296875 ], [ -72.7256705, 44.6684157, 509.3984375 ], [ -72.7259637, 44.6688317, 520.59765625 ], [ -72.7262079, 44.6691159, 523.796875 ], [ -72.7266922, 44.6692899, 522.296875 ], [ -72.7272849, 44.6702229, 513.09765625 ], [ -72.7273189, 44.6706869, 509.59765625 ], [ -72.7271397, 44.6708559, 507.19921875 ], [ -72.7270146, 44.6713321, 497.19921875 ], [ -72.7268486, 44.6716991, 491.296875 ], [ -72.7267467, 44.6719532, 489.0 ], [ -72.7267149, 44.6721508, 488.5 ], [ -72.7267672, 44.6723815, 487.59765625 ], [ -72.726736, 44.6724448, 487.59765625 ], [ -72.7264431, 44.6725138, 490.09765625 ], [ -72.7261002, 44.6726885, 485.59765625 ], [ -72.7258239, 44.6728784, 480.69921875 ], [ -72.72592, 44.6730088, 481.0 ], [ -72.7260439, 44.6732324, 479.796875 ], [ -72.7260425, 44.6733808, 475.69921875 ], [ -72.7258377, 44.6736347, 471.0 ], [ -72.7254103, 44.6738615, 468.0 ], [ -72.7251898, 44.6740013, 467.796875 ], [ -72.725079, 44.6741264, 467.8984375 ], [ -72.7248344, 44.6741969, 466.0 ], [ -72.7243591, 44.6743264, 460.69921875 ], [ -72.7241397, 44.6744169, 457.3984375 ], [ -72.7239511, 44.6744772, 454.59765625 ], [ -72.7238276, 44.674552, 452.59765625 ], [ -72.7238205, 44.6746697, 452.19921875 ], [ -72.723931, 44.6747972, 454.09765625 ], [ -72.7240941, 44.6750342, 454.8984375 ], [ -72.7240367, 44.6752267, 450.09765625 ], [ -72.7239946, 44.6753947, 445.3984375 ], [ -72.724141, 44.6757254, 439.296875 ], [ -72.7241668, 44.675902, 437.09765625 ], [ -72.7239927, 44.6761811, 433.8984375 ], [ -72.7238773, 44.6764364, 434.296875 ], [ -72.7239907, 44.6768057, 437.0 ], [ -72.7240889, 44.677097, 437.69921875 ], [ -72.7242544, 44.67725, 433.59765625 ], [ -72.7244328, 44.6773655, 429.8984375 ], [ -72.7243484, 44.6775158, 427.59765625 ], [ -72.7244137, 44.6776737, 425.5 ], [ -72.724257, 44.678126, 431.5 ], [ -72.7243457, 44.6783828, 431.19921875 ], [ -72.724175, 44.678758, 431.59765625 ], [ -72.7238213, 44.6791259, 435.09765625 ], [ -72.7232078, 44.6793939, 443.8984375 ], [ -72.7226722, 44.6796314, 440.59765625 ], [ -72.7218537, 44.6796013, 432.0 ], [ -72.7210966, 44.6795317, 415.59765625 ], [ -72.7206784, 44.6794978, 408.5 ], [ -72.7202814, 44.6796744, 402.09765625 ], [ -72.7200686, 44.6801784, 394.19921875 ], [ -72.7198117, 44.6806753, 382.59765625 ], [ -72.7196279, 44.6808315, 379.69921875 ], [ -72.7196313, 44.681194, 378.3984375 ], [ -72.7194922, 44.6813676, 380.5 ], [ -72.7193556, 44.6814438, 381.8984375 ], [ -72.7190783, 44.6813969, 383.59765625 ], [ -72.7187989, 44.6813908, 386.19921875 ], [ -72.7186069, 44.681466, 390.09765625 ], [ -72.7185411, 44.681671, 396.69921875 ], [ -72.7185592, 44.6817525, 398.796875 ], [ -72.7184232, 44.681895, 403.3984375 ], [ -72.7183474, 44.6820282, 406.69921875 ], [ -72.7186864, 44.6828172, 422.69921875 ], [ -72.7188824, 44.682959, 423.69921875 ], [ -72.718921, 44.6831404, 425.8984375 ], [ -72.7195401, 44.6837092, 428.296875 ], [ -72.7197979, 44.6838498, 426.8984375 ], [ -72.7197456, 44.6841003, 432.59765625 ], [ -72.7195461, 44.6845243, 442.0 ], [ -72.7193961, 44.6852214, 454.796875 ], [ -72.7194674, 44.6855318, 456.19921875 ], [ -72.719217, 44.6858977, 465.796875 ], [ -72.7191745, 44.6860807, 467.8984375 ], [ -72.7189147, 44.6863391, 472.8984375 ], [ -72.7189196, 44.686547, 471.3984375 ], [ -72.719315, 44.6871524, 459.796875 ], [ -72.7194871, 44.6872631, 453.796875 ], [ -72.719479, 44.6878823, 471.09765625 ], [ -72.7196111, 44.6882443, 480.296875 ], [ -72.7199767, 44.6886511, 483.59765625 ], [ -72.7200579, 44.6889373, 488.0 ], [ -72.7197959, 44.689423, 504.3984375 ], [ -72.7196628, 44.6895445, 508.3984375 ], [ -72.7197895, 44.6898847, 512.09765625 ], [ -72.7197397, 44.6901483, 517.796875 ], [ -72.7195849, 44.6904991, 526.5 ], [ -72.7194428, 44.690712, 531.296875 ], [ -72.7194603, 44.6908971, 534.59765625 ], [ -72.7196022, 44.6910104, 535.5 ], [ -72.719693, 44.6911696, 537.19921875 ], [ -72.7196081, 44.6913613, 542.0 ], [ -72.7195995, 44.6917465, 550.796875 ], [ -72.7195531, 44.6918821, 553.5 ], [ -72.7187524, 44.6922293, 557.296875 ], [ -72.7183032, 44.6928663, 563.296875 ], [ -72.7181373, 44.6932037, 565.0 ], [ -72.7177996, 44.6935336, 566.0 ], [ -72.7175529, 44.6939656, 566.296875 ], [ -72.7174769, 44.6943072, 564.796875 ], [ -72.7175523, 44.6946489, 562.0 ], [ -72.7173459, 44.6949397, 552.59765625 ], [ -72.7173885, 44.6952578, 537.59765625 ], [ -72.7173876, 44.6956559, 518.69921875 ], [ -72.7172401, 44.696028, 509.3984375 ], [ -72.7173099, 44.6968198, 499.8984375 ], [ -72.717917, 44.697189, 497.8984375 ], [ -72.718227, 44.69796, 488.5 ], [ -72.71894, 44.698943, 478.8984375 ], [ -72.7192816, 44.6994057, 479.19921875 ], [ -72.7189763, 44.7000877, 469.69921875 ], [ -72.7185913, 44.7008016, 452.59765625 ], [ -72.7184591, 44.7014097, 455.69921875 ], [ -72.7186292, 44.701868, 450.0 ], [ -72.7182904, 44.7025084, 446.796875 ], [ -72.7172439, 44.7035344, 432.19921875 ], [ -72.7158726, 44.7057402, 392.0 ], [ -72.7138006, 44.7052833, 376.0 ], [ -72.712014, 44.707419, 372.19921875 ], [ -72.7114559, 44.7078154, 370.8984375 ], [ -72.7107305, 44.7076028, 379.0 ], [ -72.7095238, 44.7080507, 377.8984375 ], [ -72.7085859, 44.7084315, 389.0 ], [ -72.7082917, 44.7090884, 390.296875 ], [ -72.7071512, 44.7099932, 408.69921875 ], [ -72.7071935, 44.7104241, 409.3984375 ], [ -72.706912, 44.7109331, 419.796875 ], [ -72.7069795, 44.7111878, 425.69921875 ], [ -72.7071463, 44.7113365, 431.59765625 ], [ -72.7074008, 44.7112967, 436.0 ], [ -72.7075754, 44.7117387, 449.5 ], [ -72.7074895, 44.7125926, 465.19921875 ], [ -72.7075283, 44.7127801, 471.296875 ], [ -72.7076468, 44.7127435, 473.296875 ], [ -72.7082143, 44.7121945, 471.5 ], [ -72.7083988, 44.7121794, 472.5 ], [ -72.708903, 44.7122847, 478.59765625 ], [ -72.709588, 44.7129505, 496.19921875 ], [ -72.7093817, 44.7132945, 502.5 ], [ -72.7092485, 44.7133325, 501.59765625 ], [ -72.7090261, 44.7132912, 499.8984375 ], [ -72.7088654, 44.713346, 502.8984375 ], [ -72.7088202, 44.713585, 511.5 ], [ -72.7089676, 44.7138256, 516.8984375 ], [ -72.708934, 44.7140334, 522.59765625 ], [ -72.7087413, 44.7142853, 530.296875 ], [ -72.7088975, 44.7145279, 535.296875 ], [ -72.7088843, 44.7148951, 549.59765625 ], [ -72.7090047, 44.7150975, 556.19921875 ], [ -72.7089513, 44.7153814, 567.3984375 ], [ -72.7085716, 44.7156133, 574.796875 ], [ -72.7082942, 44.7157109, 577.296875 ], [ -72.7080638, 44.7159937, 586.3984375 ], [ -72.7081038, 44.7161927, 591.5 ], [ -72.7083352, 44.7164698, 602.5 ], [ -72.7081262, 44.7168126, 611.69921875 ], [ -72.7081599, 44.7169801, 618.296875 ], [ -72.7083192, 44.7169065, 617.0 ], [ -72.7085194, 44.7168141, 614.5 ], [ -72.708855, 44.7168253, 616.796875 ], [ -72.7090303, 44.7169607, 620.5 ], [ -72.7091946, 44.7173781, 634.296875 ], [ -72.7090115, 44.7175977, 643.796875 ], [ -72.7090132, 44.7180151, 658.296875 ], [ -72.7088619, 44.7181448, 661.3984375 ], [ -72.7089348, 44.718377, 668.296875 ], [ -72.7088266, 44.7185415, 671.3984375 ], [ -72.708916, 44.7188371, 676.69921875 ], [ -72.7088092, 44.7189968, 679.19921875 ], [ -72.7086219, 44.719202, 682.19921875 ], [ -72.7086364, 44.7193836, 685.796875 ], [ -72.7089345, 44.7196555, 691.8984375 ], [ -72.7090402, 44.7199241, 695.3984375 ], [ -72.7090881, 44.7204452, 703.5 ], [ -72.7091717, 44.7205695, 705.19921875 ], [ -72.7093744, 44.72056, 704.69921875 ], [ -72.7096192, 44.7205212, 702.69921875 ], [ -72.7099949, 44.7207214, 706.3984375 ], [ -72.7103589, 44.720922, 711.09765625 ], [ -72.7106972, 44.7210207, 711.8984375 ], [ -72.7110452, 44.7214016, 723.59765625 ], [ -72.7121458, 44.7215887, 717.8984375 ], [ -72.712403, 44.7216629, 713.69921875 ], [ -72.7134175, 44.7223367, 729.59765625 ], [ -72.7160726, 44.7242873, 813.3984375 ], [ -72.7171347, 44.7245541, 816.09765625 ], [ -72.7173051, 44.7248912, 823.296875 ], [ -72.7173242, 44.725057, 827.69921875 ], [ -72.7172849, 44.7252249, 831.5 ], [ -72.7169573, 44.7251351, 832.0 ], [ -72.716663, 44.7252111, 833.0 ], [ -72.7163219, 44.7253306, 831.5 ], [ -72.7161014, 44.7253457, 829.59765625 ], [ -72.7159198, 44.7255423, 827.8984375 ], [ -72.7157166, 44.7255451, 826.19921875 ], [ -72.715594, 44.7256126, 825.19921875 ], [ -72.715183, 44.7256036, 822.19921875 ], [ -72.7145738, 44.7258754, 820.09765625 ], [ -72.7142183, 44.7257917, 819.296875 ], [ -72.7140251, 44.7258216, 819.8984375 ], [ -72.713737, 44.7257533, 821.296875 ], [ -72.7134087, 44.7259149, 824.19921875 ], [ -72.7130176, 44.7258541, 827.09765625 ], [ -72.7126105, 44.7259949, 835.0 ], [ -72.7119766, 44.7258441, 847.3984375 ], [ -72.7119167, 44.7258911, 849.59765625 ], [ -72.7120068, 44.7260983, 848.296875 ], [ -72.7119507, 44.7262702, 846.296875 ], [ -72.7117836, 44.7263531, 842.796875 ], [ -72.711286, 44.7262123, 837.3984375 ], [ -72.7106657, 44.7260763, 828.796875 ], [ -72.7101157, 44.7260516, 825.69921875 ], [ -72.7099456, 44.7261471, 825.5 ], [ -72.7098932, 44.7263665, 825.8984375 ], [ -72.7097494, 44.7264399, 825.19921875 ], [ -72.7095487, 44.726403, 824.3984375 ], [ -72.7093568, 44.7262184, 823.59765625 ], [ -72.7089998, 44.7260033, 820.296875 ], [ -72.7088697, 44.7260146, 818.8984375 ], [ -72.7087704, 44.7261129, 818.19921875 ], [ -72.7086859, 44.7263103, 818.09765625 ], [ -72.7084094, 44.7263806, 816.0 ], [ -72.7081999, 44.7263212, 815.0 ], [ -72.7080084, 44.7259224, 814.69921875 ], [ -72.7078112, 44.7258007, 815.09765625 ], [ -72.7075676, 44.7258038, 816.59765625 ], [ -72.7073826, 44.7258701, 817.3984375 ], [ -72.7069719, 44.7257824, 819.5 ], [ -72.7067515, 44.725654, 820.69921875 ], [ -72.7066623, 44.7255039, 821.09765625 ], [ -72.7065488, 44.7253886, 822.59765625 ], [ -72.7063773, 44.7253632, 825.19921875 ], [ -72.7062461, 44.7254206, 828.0 ], [ -72.7062092, 44.7257243, 827.0 ], [ -72.7059949, 44.7258241, 828.09765625 ], [ -72.7055331, 44.7258482, 826.296875 ], [ -72.7049129, 44.7260102, 812.19921875 ], [ -72.7046429, 44.7261522, 805.59765625 ], [ -72.7044891, 44.7262504, 802.796875 ], [ -72.7036541, 44.7260404, 797.69921875 ], [ -72.7032884, 44.7259803, 801.8984375 ], [ -72.7026384, 44.7257481, 808.296875 ], [ -72.7022741, 44.7255837, 808.19921875 ], [ -72.7018813, 44.7252254, 806.69921875 ], [ -72.7017245, 44.724992, 806.19921875 ], [ -72.7016765, 44.7246626, 805.3984375 ], [ -72.7016796, 44.7243456, 804.296875 ], [ -72.7014834, 44.7239795, 802.296875 ], [ -72.7012784, 44.7239393, 800.8984375 ], [ -72.7009915, 44.7236401, 797.69921875 ], [ -72.7004762, 44.7235505, 795.296875 ], [ -72.700163, 44.7235312, 793.69921875 ], [ -72.6996599, 44.7230045, 788.19921875 ], [ -72.69933, 44.722076, 776.3984375 ], [ -72.6987803, 44.7210908, 770.796875 ], [ -72.6986769, 44.720813, 770.09765625 ], [ -72.698818, 44.720269, 767.296875 ], [ -72.6988451, 44.7196968, 760.69921875 ], [ -72.6985123, 44.7187337, 752.19921875 ], [ -72.697823, 44.7180065, 748.296875 ], [ -72.6969813, 44.7177092, 749.296875 ], [ -72.6966031, 44.717498, 742.5 ], [ -72.6962285, 44.717546, 743.19921875 ], [ -72.6956334, 44.7170586, 735.59765625 ], [ -72.6950664, 44.7168964, 736.19921875 ], [ -72.694449, 44.7163589, 742.5 ], [ -72.6939055, 44.7159866, 743.796875 ], [ -72.6935909, 44.7151649, 745.296875 ], [ -72.6934347, 44.7148082, 743.8984375 ], [ -72.6927944, 44.7141134, 746.796875 ], [ -72.692731, 44.7133705, 744.19921875 ], [ -72.6924627, 44.7128265, 739.5 ], [ -72.6899394, 44.7110262, 698.59765625 ], [ -72.6897147, 44.7108327, 693.296875 ], [ -72.6873081, 44.7103781, 640.8984375 ], [ -72.6864466, 44.7096259, 614.59765625 ], [ -72.6861193, 44.7094533, 607.19921875 ], [ -72.685862, 44.708842, 594.8984375 ], [ -72.685704, 44.708143, 577.19921875 ], [ -72.6856442, 44.7076607, 566.0 ], [ -72.6859619, 44.707232, 560.8984375 ], [ -72.6853402, 44.7067851, 554.09765625 ], [ -72.6844726, 44.7063292, 547.0 ], [ -72.6840018, 44.7066435, 547.19921875 ], [ -72.6833402, 44.7068326, 546.09765625 ], [ -72.6825108, 44.7065334, 545.8984375 ], [ -72.6815214, 44.705757, 568.8984375 ], [ -72.6812777, 44.7058535, 574.59765625 ], [ -72.6809639, 44.7062469, 581.3984375 ], [ -72.6804311, 44.7072044, 589.09765625 ], [ -72.6795125, 44.7079389, 604.8984375 ], [ -72.6792488, 44.7078815, 615.3984375 ], [ -72.6787193, 44.7073303, 645.296875 ], [ -72.6782123, 44.7073198, 660.3984375 ], [ -72.6778156, 44.7076034, 672.59765625 ], [ -72.6773977, 44.7078725, 694.3984375 ], [ -72.6768013, 44.7079521, 710.3984375 ], [ -72.6763866, 44.7079117, 719.0 ], [ -72.6757231, 44.7076306, 732.69921875 ], [ -72.675077, 44.707495, 736.0 ], [ -72.6738778, 44.7070818, 733.8984375 ], [ -72.6733159, 44.7071484, 731.69921875 ], [ -72.671698, 44.7067364, 740.8984375 ], [ -72.670494, 44.706564, 753.296875 ], [ -72.6696745, 44.7065995, 763.59765625 ], [ -72.6690315, 44.7064073, 774.0 ], [ -72.6680286, 44.7061426, 788.5 ], [ -72.6672396, 44.7058407, 802.59765625 ], [ -72.6667937, 44.7055673, 813.796875 ], [ -72.6662386, 44.7057778, 812.59765625 ], [ -72.665692, 44.7065309, 791.3984375 ], [ -72.6643451, 44.7075271, 767.59765625 ], [ -72.662603, 44.708796, 737.0 ], [ -72.661657, 44.7093694, 728.59765625 ], [ -72.6614551, 44.7098658, 726.796875 ], [ -72.6604119, 44.7102834, 733.69921875 ], [ -72.6597654, 44.7102975, 730.69921875 ], [ -72.6591666, 44.7101646, 727.296875 ], [ -72.6583843, 44.7105919, 729.296875 ], [ -72.6576348, 44.7106028, 724.3984375 ], [ -72.6567375, 44.7111021, 719.59765625 ], [ -72.6563796, 44.7117139, 710.3984375 ], [ -72.6564479, 44.7122599, 702.796875 ], [ -72.6563455, 44.7124508, 702.0 ], [ -72.6561342, 44.712923, 699.69921875 ], [ -72.6563537, 44.7134389, 687.8984375 ], [ -72.6561918, 44.7138378, 682.19921875 ], [ -72.6560195, 44.7142731, 678.296875 ], [ -72.656011, 44.7144347, 677.69921875 ], [ -72.6563592, 44.7145918, 668.69921875 ], [ -72.6563647, 44.7148933, 667.296875 ], [ -72.6561823, 44.7152317, 668.0 ], [ -72.65642, 44.7155769, 658.19921875 ], [ -72.6562437, 44.7159558, 657.796875 ], [ -72.656354, 44.7165362, 651.296875 ], [ -72.6566886, 44.7167233, 644.296875 ], [ -72.6572195, 44.7168574, 635.59765625 ], [ -72.6573465, 44.7172649, 629.0 ], [ -72.6575813, 44.7175591, 621.09765625 ], [ -72.6581351, 44.7180182, 609.8984375 ], [ -72.6583772, 44.7188629, 601.59765625 ], [ -72.6581634, 44.7194451, 596.59765625 ], [ -72.6575897, 44.720246, 589.0 ], [ -72.6555407, 44.722232, 560.3984375 ], [ -72.6549776, 44.7222447, 560.59765625 ], [ -72.6545211, 44.7222095, 558.8984375 ], [ -72.6518879, 44.7222986, 567.09765625 ], [ -72.6509189, 44.7221365, 571.296875 ], [ -72.6496865, 44.7223962, 571.3984375 ], [ -72.6490328, 44.7236431, 565.3984375 ], [ -72.6490035, 44.7236781, 564.8984375 ], [ -72.6486852, 44.724059, 559.59765625 ], [ -72.6482118, 44.7241002, 560.59765625 ], [ -72.6481294, 44.7247635, 561.59765625 ], [ -72.6479096, 44.7251094, 568.0 ], [ -72.6474235, 44.7252309, 572.69921875 ], [ -72.6471128, 44.7252353, 572.296875 ], [ -72.6468011, 44.7253662, 574.8984375 ], [ -72.6460679, 44.7257295, 575.296875 ], [ -72.6458274, 44.7258191, 573.796875 ], [ -72.6457107, 44.7258341, 572.59765625 ], [ -72.6454748, 44.7258573, 570.59765625 ], [ -72.6452997, 44.7258722, 569.296875 ], [ -72.6451713, 44.7258905, 568.3984375 ], [ -72.6450802, 44.725912, 567.69921875 ], [ -72.6450125, 44.7259535, 567.69921875 ], [ -72.6449401, 44.7260248, 567.3984375 ], [ -72.6448864, 44.7260962, 567.19921875 ], [ -72.644849, 44.7261542, 567.19921875 ], [ -72.644835, 44.7262113, 567.5 ], [ -72.6440931, 44.7262233, 570.0 ], [ -72.6432439, 44.7260202, 582.296875 ], [ -72.6428582, 44.7260949, 584.296875 ], [ -72.6401544, 44.7250757, 619.5 ], [ -72.6385079, 44.7249344, 632.296875 ], [ -72.637487, 44.7244887, 644.5 ], [ -72.6367643, 44.724253, 652.796875 ], [ -72.636245, 44.724313, 668.0 ], [ -72.6356574, 44.7245423, 680.296875 ], [ -72.6350483, 44.7252915, 677.296875 ], [ -72.6345738, 44.7257284, 672.3984375 ], [ -72.6345242, 44.727002, 663.0 ], [ -72.634059, 44.7280613, 658.796875 ], [ -72.6330292, 44.7293204, 650.8984375 ], [ -72.6323988, 44.7299546, 650.0 ], [ -72.631814, 44.7301073, 649.8984375 ], [ -72.6311454, 44.729993, 645.796875 ], [ -72.6306918, 44.7300953, 645.0 ], [ -72.629764, 44.7299001, 639.796875 ], [ -72.6293481, 44.7300179, 642.296875 ], [ -72.6291201, 44.7303024, 645.0 ], [ -72.6286646, 44.7303748, 653.69921875 ], [ -72.6278071, 44.7310301, 651.796875 ], [ -72.6269722, 44.731517, 636.19921875 ], [ -72.6262791, 44.7318133, 629.09765625 ], [ -72.6249474, 44.7332401, 604.296875 ], [ -72.6240452, 44.7336831, 605.8984375 ], [ -72.6233238, 44.7338007, 607.3984375 ], [ -72.6227276, 44.7339698, 610.09765625 ], [ -72.6222711, 44.7341776, 616.09765625 ], [ -72.6213304, 44.7340446, 616.5 ], [ -72.6207058, 44.7340823, 610.69921875 ], [ -72.6196919, 44.7340857, 621.0 ], [ -72.6192162, 44.7340611, 628.59765625 ], [ -72.618345, 44.7337529, 640.796875 ], [ -72.6175653, 44.7335087, 648.09765625 ], [ -72.6169807, 44.7336741, 650.09765625 ], [ -72.616559, 44.733853, 651.09765625 ], [ -72.6158582, 44.7341979, 650.3984375 ], [ -72.6157444, 44.734505, 650.296875 ], [ -72.6157302, 44.7348931, 648.69921875 ], [ -72.6154953, 44.7352381, 644.3984375 ], [ -72.6154136, 44.7357607, 637.8984375 ], [ -72.6148274, 44.7361843, 634.796875 ], [ -72.6145243, 44.736449, 632.3984375 ], [ -72.6143963, 44.7368843, 628.5 ], [ -72.6141345, 44.736928, 627.796875 ], [ -72.6138476, 44.7373421, 624.5 ], [ -72.6139244, 44.7377701, 619.09765625 ], [ -72.613685, 44.738091, 614.3984375 ], [ -72.6136554, 44.7384274, 611.19921875 ], [ -72.6133666, 44.7385202, 610.59765625 ], [ -72.6130752, 44.7385209, 609.09765625 ], [ -72.6128741, 44.7389334, 607.69921875 ], [ -72.6125448, 44.7396657, 604.796875 ], [ -72.6122768, 44.7397457, 603.0 ], [ -72.6122668, 44.7398961, 603.09765625 ], [ -72.6123607, 44.7400749, 603.09765625 ], [ -72.6128349, 44.7404953, 600.5 ], [ -72.613188, 44.740919, 584.59765625 ], [ -72.6132999, 44.74151, 567.19921875 ], [ -72.6128845, 44.7423549, 544.296875 ], [ -72.6128704, 44.7428486, 519.296875 ], [ -72.6131307, 44.7429832, 507.59765625 ], [ -72.6130844, 44.7430992, 502.8984375 ], [ -72.6124683, 44.7434546, 493.8984375 ], [ -72.6122413, 44.7437717, 482.19921875 ], [ -72.6121438, 44.7441913, 469.8984375 ], [ -72.6117944, 44.7443817, 463.59765625 ], [ -72.6116049, 44.7445491, 457.0 ], [ -72.6116608, 44.7449872, 443.796875 ], [ -72.6113622, 44.7455022, 431.796875 ], [ -72.6111189, 44.7458857, 428.3984375 ], [ -72.6110268, 44.746688, 407.5 ], [ -72.6108396, 44.7469949, 402.19921875 ], [ -72.6102952, 44.7472221, 398.0 ], [ -72.609648, 44.747015, 398.296875 ], [ -72.6092856, 44.7468377, 400.09765625 ], [ -72.6083544, 44.7465859, 390.09765625 ], [ -72.607748, 44.746049, 383.5 ], [ -72.6074165, 44.7457022, 378.296875 ], [ -72.6069702, 44.7456695, 370.5 ], [ -72.6066456, 44.7456628, 368.09765625 ], [ -72.6060792, 44.7458944, 363.59765625 ], [ -72.6058868, 44.7465053, 365.8984375 ], [ -72.6060033, 44.7470259, 373.8984375 ], [ -72.605366, 44.7474785, 364.19921875 ], [ -72.6046529, 44.7478664, 356.09765625 ], [ -72.6036212, 44.7488039, 355.796875 ], [ -72.6028, 44.7488282, 348.09765625 ], [ -72.6024651, 44.7489709, 351.3984375 ], [ -72.6020648, 44.7487992, 349.0 ], [ -72.6014363, 44.7488686, 352.3984375 ], [ -72.5998745, 44.7490779, 366.8984375 ], [ -72.5989239, 44.7487791, 370.796875 ], [ -72.5985196, 44.7485071, 364.19921875 ], [ -72.5980393, 44.7485299, 379.3984375 ], [ -72.5974471, 44.7486408, 398.19921875 ], [ -72.5972288, 44.7486199, 400.69921875 ], [ -72.5971003, 44.7484162, 395.5 ], [ -72.5968885, 44.7484572, 399.19921875 ], [ -72.5966416, 44.7488794, 414.09765625 ], [ -72.5962799, 44.7493884, 422.0 ], [ -72.5964444, 44.75, 435.09765625 ], [ -72.5967934, 44.751153, 459.5 ], [ -72.5963382, 44.7526292, 474.5 ], [ -72.5956251, 44.7543963, 503.59765625 ], [ -72.5952583, 44.7549835, 510.5 ], [ -72.5945135, 44.7552922, 511.3984375 ], [ -72.5936829, 44.7555061, 502.09765625 ], [ -72.5931877, 44.7556176, 492.8984375 ], [ -72.5927951, 44.75636, 478.3984375 ], [ -72.5921316, 44.7565178, 471.3984375 ], [ -72.5915598, 44.7572435, 472.59765625 ], [ -72.5911808, 44.7575168, 475.19921875 ], [ -72.5906658, 44.758531, 468.0 ], [ -72.5899405, 44.7589537, 454.8984375 ], [ -72.5899563, 44.7594949, 445.19921875 ], [ -72.5897076, 44.7597726, 437.8984375 ], [ -72.5882814, 44.7603328, 418.0 ], [ -72.5875555, 44.7616251, 404.59765625 ], [ -72.5865466, 44.7631406, 398.59765625 ], [ -72.5867082, 44.7634173, 395.0 ], [ -72.5867226, 44.7637215, 392.59765625 ], [ -72.586855, 44.763791, 391.09765625 ], [ -72.5872307, 44.7639175, 388.59765625 ], [ -72.5874467, 44.7639705, 387.19921875 ], [ -72.5875633, 44.7639953, 386.3984375 ], [ -72.5876094, 44.7640051, 386.09765625 ], [ -72.5875875, 44.7640676, 386.59765625 ], [ -72.5876285, 44.76415, 386.69921875 ], [ -72.5876257, 44.7641923, 387.0 ], [ -72.587543, 44.764332, 388.69921875 ], [ -72.587361, 44.764545, 390.8984375 ], [ -72.587195, 44.764678, 392.59765625 ], [ -72.586913, 44.764829, 394.5 ], [ -72.5866271, 44.7649409, 398.796875 ], [ -72.5864758, 44.7650485, 402.3984375 ], [ -72.586386, 44.7650846, 403.8984375 ], [ -72.5862925, 44.7650943, 404.5 ], [ -72.5861234, 44.765122, 405.59765625 ], [ -72.5860424, 44.765161, 406.59765625 ], [ -72.5859908, 44.765219, 408.296875 ], [ -72.5859544, 44.7653188, 411.19921875 ], [ -72.5859094, 44.7655124, 417.0 ], [ -72.5858631, 44.7656066, 420.296875 ], [ -72.585776, 44.7657019, 422.69921875 ], [ -72.5856056, 44.7658188, 424.5 ], [ -72.585467, 44.7659068, 425.59765625 ], [ -72.5853366, 44.7659568, 425.3984375 ], [ -72.5852204, 44.7659788, 425.0 ], [ -72.5851322, 44.7659878, 424.8984375 ], [ -72.5850446, 44.765983, 424.296875 ], [ -72.584943, 44.7659624, 423.5 ], [ -72.584698, 44.7658591, 420.69921875 ], [ -72.5846231, 44.7658491, 420.796875 ], [ -72.584537, 44.7658571, 421.3984375 ], [ -72.584376, 44.765922, 422.8984375 ], [ -72.584105, 44.766031, 427.0 ], [ -72.583839, 44.766178, 433.3984375 ], [ -72.5837222, 44.766256, 436.19921875 ], [ -72.5836869, 44.76632, 437.3984375 ], [ -72.5836628, 44.7664019, 439.09765625 ], [ -72.583662, 44.7666849, 441.5 ], [ -72.5836579, 44.7667714, 441.8984375 ], [ -72.5835418, 44.7670249, 446.09765625 ], [ -72.5834638, 44.767496, 452.59765625 ], [ -72.583233, 44.768196, 462.796875 ], [ -72.583023, 44.768612, 469.796875 ], [ -72.583003, 44.768997, 476.5 ], [ -72.582968, 44.769099, 478.3984375 ], [ -72.582762, 44.769401, 484.0 ], [ -72.582675, 44.769497, 486.09765625 ], [ -72.582426, 44.7697, 491.59765625 ], [ -72.582349, 44.769791, 493.69921875 ], [ -72.582262, 44.769974, 496.19921875 ], [ -72.582183, 44.770223, 500.19921875 ], [ -72.58215, 44.77039, 503.3984375 ], [ -72.582159, 44.77057, 505.09765625 ], [ -72.582238, 44.771066, 508.296875 ], [ -72.582232, 44.771291, 509.8984375 ], [ -72.582201, 44.771405, 511.09765625 ], [ -72.582047, 44.771771, 515.69921875 ], [ -72.581956, 44.772123, 517.59765625 ], [ -72.581878, 44.772272, 519.3984375 ], [ -72.581715, 44.772453, 522.5 ], [ -72.581476, 44.772851, 527.19921875 ], [ -72.581233, 44.773141, 531.3984375 ], [ -72.58101, 44.773322, 534.69921875 ], [ -72.58063, 44.77357, 542.09765625 ], [ -72.580418, 44.773766, 545.296875 ], [ -72.580184, 44.774018, 548.19921875 ], [ -72.580038, 44.77429, 549.5 ], [ -72.579958, 44.774367, 550.69921875 ], [ -72.579517, 44.774587, 555.8984375 ], [ -72.579159, 44.77473, 560.0 ], [ -72.578984, 44.774768, 561.8984375 ], [ -72.578775, 44.774789, 564.09765625 ], [ -72.578674, 44.774786, 565.09765625 ], [ -72.578507, 44.774752, 567.296875 ], [ -72.578421, 44.774715, 568.59765625 ], [ -72.577769, 44.774324, 584.69921875 ], [ -72.57723, 44.77419, 592.3984375 ], [ -72.576812, 44.773922, 603.09765625 ], [ -72.57656, 44.773712, 610.3984375 ], [ -72.57617, 44.773463, 618.09765625 ], [ -72.575876, 44.773366, 621.796875 ], [ -72.57555, 44.773355, 623.8984375 ], [ -72.57502, 44.773445, 629.0 ], [ -72.574379, 44.773417, 639.296875 ], [ -72.574097, 44.773384, 645.0 ], [ -72.573707, 44.773402, 649.5 ], [ -72.573526, 44.773396, 651.3984375 ], [ -72.573183, 44.773321, 656.8984375 ], [ -72.572686, 44.773141, 668.3984375 ], [ -72.572565, 44.773131, 670.3984375 ], [ -72.572123, 44.773138, 676.3984375 ], [ -72.571863, 44.773107, 681.0 ], [ -72.570823, 44.772858, 700.796875 ], [ -72.570489, 44.772804, 705.59765625 ], [ -72.570229, 44.772823, 708.69921875 ], [ -72.569889, 44.772924, 712.8984375 ], [ -72.569676, 44.772971, 716.19921875 ], [ -72.569528, 44.772988, 718.8984375 ], [ -72.569427, 44.772988, 720.69921875 ], [ -72.568811, 44.772897, 729.69921875 ], [ -72.568255, 44.772956, 736.3984375 ], [ -72.567897, 44.772928, 742.69921875 ], [ -72.567398, 44.772989, 749.296875 ], [ -72.567146, 44.772986, 755.8984375 ], [ -72.566827, 44.77302, 760.8984375 ], [ -72.566507, 44.772997, 765.09765625 ], [ -72.56635, 44.773011, 767.296875 ], [ -72.566073, 44.773082, 771.3984375 ], [ -72.5657, 44.773217, 774.69921875 ], [ -72.565315, 44.773307, 778.5 ], [ -72.565183, 44.773325, 782.3984375 ], [ -72.564967, 44.773325, 789.5 ], [ -72.564325, 44.773437, 806.19921875 ], [ -72.563962, 44.77352, 812.8984375 ], [ -72.563814, 44.773537, 815.3984375 ], [ -72.563472, 44.77354, 822.09765625 ], [ -72.563263, 44.773564, 826.0 ], [ -72.563062, 44.773567, 830.19921875 ], [ -72.562802, 44.77352, 836.8984375 ], [ -72.562542, 44.773512, 842.5 ], [ -72.562373, 44.773484, 845.296875 ], [ -72.562142, 44.773428, 848.69921875 ], [ -72.561962, 44.773341, 851.796875 ], [ -72.561643, 44.773335, 859.3984375 ], [ -72.561492, 44.773274, 864.8984375 ], [ -72.561318, 44.773176, 871.09765625 ], [ -72.561228, 44.773162, 873.69921875 ], [ -72.561143, 44.773171, 876.69921875 ], [ -72.560988, 44.773207, 879.796875 ], [ -72.560489, 44.773375, 888.59765625 ], [ -72.560366, 44.773449, 890.3984375 ], [ -72.560248, 44.773553, 893.09765625 ], [ -72.56017, 44.773588, 895.8984375 ], [ -72.559906, 44.773567, 901.296875 ], [ -72.55974, 44.773596, 903.796875 ], [ -72.559663, 44.773637, 906.0 ], [ -72.559516, 44.773788, 911.0 ], [ -72.559427, 44.773843, 913.296875 ], [ -72.558919, 44.773999, 919.59765625 ], [ -72.55877, 44.774038, 920.796875 ], [ -72.558626, 44.774057, 921.8984375 ], [ -72.558261, 44.774049, 925.3984375 ], [ -72.55802, 44.773949, 932.0 ], [ -72.557581, 44.773873, 945.69921875 ], [ -72.557336, 44.773792, 945.5 ], [ -72.557189, 44.77378, 945.59765625 ], [ -72.55682, 44.773844, 951.09765625 ], [ -72.556528, 44.773844, 952.19921875 ], [ -72.556421, 44.773859, 951.8984375 ], [ -72.55621, 44.773951, 955.09765625 ], [ -72.556052, 44.774001, 957.0 ], [ -72.555945, 44.774007, 959.796875 ], [ -72.555819, 44.773977, 961.69921875 ], [ -72.555731, 44.773927, 962.0 ], [ -72.5555, 44.773708, 960.3984375 ], [ -72.55543, 44.773674, 959.796875 ], [ -72.555361, 44.773662, 960.09765625 ], [ -72.555248, 44.773683, 961.5 ], [ -72.554925, 44.773882, 968.5 ], [ -72.55465, 44.774002, 972.59765625 ], [ -72.554489, 44.774039, 973.09765625 ], [ -72.554295, 44.774052, 971.796875 ], [ -72.553995, 44.773952, 970.59765625 ], [ -72.55379, 44.773921, 971.296875 ], [ -72.5536247, 44.7739227, 972.296875 ], [ -72.553506, 44.7739795, 971.796875 ], [ -72.5533699, 44.7740354, 971.69921875 ], [ -72.5533238, 44.7740586, 972.09765625 ], [ -72.5532582, 44.7741113, 972.59765625 ], [ -72.553434, 44.774515, 966.796875 ], [ -72.55358, 44.774717, 964.69921875 ], [ -72.553632, 44.774878, 962.69921875 ], [ -72.55379, 44.775196, 958.0 ], [ -72.553847, 44.775355, 956.69921875 ], [ -72.553924, 44.775492, 954.59765625 ], [ -72.554023, 44.775594, 952.19921875 ], [ -72.554176, 44.775701, 949.8984375 ], [ -72.554404, 44.77581, 948.0 ], [ -72.554979, 44.77597, 951.8984375 ], [ -72.555485, 44.776225, 948.296875 ], [ -72.555649, 44.776347, 945.19921875 ], [ -72.555859, 44.776643, 941.8984375 ], [ -72.55604, 44.776833, 943.09765625 ], [ -72.556125, 44.776898, 943.69921875 ], [ -72.556522, 44.777156, 945.09765625 ], [ -72.556834, 44.777376, 944.69921875 ], [ -72.556969, 44.777493, 942.69921875 ], [ -72.557056, 44.777543, 941.8984375 ], [ -72.557373, 44.777648, 939.09765625 ], [ -72.557478, 44.777703, 936.59765625 ], [ -72.557583, 44.777813, 935.796875 ], [ -72.557806, 44.777955, 935.69921875 ], [ -72.557906, 44.77805, 931.69921875 ], [ -72.557939, 44.778342, 924.69921875 ], [ -72.557978, 44.778441, 922.5 ], [ -72.558287, 44.778628, 918.296875 ], [ -72.558395, 44.778744, 915.69921875 ], [ -72.558514, 44.778943, 911.19921875 ], [ -72.5586, 44.77903, 910.796875 ], [ -72.558878, 44.779249, 903.09765625 ], [ -72.558945, 44.77935, 901.69921875 ], [ -72.559038, 44.779678, 901.8984375 ], [ -72.559085, 44.779737, 902.296875 ], [ -72.559313, 44.77986, 900.8984375 ], [ -72.559416, 44.779956, 898.8984375 ], [ -72.559531, 44.780194, 896.69921875 ], [ -72.559773, 44.780422, 892.69921875 ], [ -72.559942, 44.780675, 892.8984375 ], [ -72.560069, 44.780826, 895.19921875 ], [ -72.560079, 44.780892, 896.19921875 ], [ -72.560043, 44.781021, 897.8984375 ], [ -72.560074, 44.78114, 896.296875 ], [ -72.560146, 44.78121, 895.69921875 ], [ -72.560214, 44.781249, 895.796875 ], [ -72.560476, 44.781325, 894.5 ], [ -72.560557, 44.781376, 895.3984375 ], [ -72.560776, 44.781609, 896.296875 ], [ -72.56089, 44.7818, 895.19921875 ], [ -72.560941, 44.782007, 892.296875 ], [ -72.560946, 44.782231, 887.5 ], [ -72.561033, 44.782486, 882.3984375 ], [ -72.561029, 44.782742, 880.09765625 ], [ -72.561104, 44.782869, 880.0 ], [ -72.561133, 44.783178, 878.0 ], [ -72.561188, 44.783265, 876.796875 ], [ -72.561436, 44.78352, 874.09765625 ], [ -72.561492, 44.783673, 874.0 ], [ -72.561479, 44.783777, 874.69921875 ], [ -72.561331, 44.78397, 875.69921875 ], [ -72.561192, 44.784231, 876.0 ], [ -72.561137, 44.784455, 878.19921875 ], [ -72.561004, 44.784681, 877.296875 ], [ -72.560878, 44.785016, 873.8984375 ], [ -72.560863, 44.785163, 873.8984375 ], [ -72.560964, 44.785442, 873.796875 ], [ -72.561, 44.785651, 873.0 ], [ -72.561057, 44.785735, 872.3984375 ], [ -72.561276, 44.785854, 871.09765625 ], [ -72.561348, 44.785916, 870.3984375 ], [ -72.561681, 44.786356, 858.19921875 ], [ -72.561742, 44.78657, 854.0 ], [ -72.561806, 44.786675, 852.19921875 ], [ -72.56218, 44.787144, 844.5 ], [ -72.562344, 44.787311, 842.0 ], [ -72.562413, 44.78768, 836.59765625 ], [ -72.562322, 44.787953, 830.296875 ], [ -72.562226, 44.788063, 827.796875 ], [ -72.561983, 44.788254, 825.0 ], [ -72.561928, 44.788333, 824.09765625 ], [ -72.561806, 44.788623, 821.3984375 ], [ -72.561677, 44.788763, 820.69921875 ], [ -72.561555, 44.788996, 816.3984375 ], [ -72.561353, 44.789166, 814.19921875 ], [ -72.561189, 44.789334, 809.69921875 ], [ -72.561112, 44.789424, 805.3984375 ], [ -72.56108, 44.789524, 800.69921875 ], [ -72.561139, 44.789703, 796.09765625 ], [ -72.561159, 44.789809, 793.09765625 ], [ -72.561153, 44.789898, 791.0 ], [ -72.561122, 44.790001, 789.59765625 ], [ -72.561012, 44.790223, 787.8984375 ], [ -72.561014, 44.790346, 788.796875 ], [ -72.561062, 44.790473, 790.19921875 ], [ -72.561089, 44.790677, 792.796875 ], [ -72.561158, 44.790946, 794.296875 ], [ -72.561153, 44.791223, 796.8984375 ], [ -72.561204, 44.791428, 803.0 ], [ -72.561204, 44.791617, 807.69921875 ], [ -72.56129, 44.792054, 812.09765625 ], [ -72.561286, 44.792351, 813.3984375 ], [ -72.561177, 44.79263, 817.19921875 ], [ -72.561159, 44.792718, 818.09765625 ], [ -72.561155, 44.793122, 819.5 ], [ -72.561079, 44.793489, 823.0 ], [ -72.561072, 44.793866, 826.5 ], [ -72.561031, 44.794149, 830.19921875 ], [ -72.561045, 44.794308, 832.8984375 ], [ -72.561129, 44.794444, 833.0 ], [ -72.561162, 44.794536, 834.0 ], [ -72.561121, 44.794851, 841.5 ], [ -72.561368, 44.795457, 845.69921875 ], [ -72.561445, 44.795716, 845.5 ], [ -72.561451, 44.795793, 845.796875 ], [ -72.56138, 44.796052, 846.8984375 ], [ -72.561321, 44.796168, 847.3984375 ], [ -72.561234, 44.796262, 848.296875 ], [ -72.560513, 44.796706, 860.19921875 ], [ -72.560283, 44.796902, 861.59765625 ], [ -72.560167, 44.796969, 861.296875 ], [ -72.559853, 44.797071, 862.5 ], [ -72.559247, 44.797329, 859.796875 ], [ -72.559135, 44.797392, 860.296875 ], [ -72.559102, 44.797446, 860.59765625 ], [ -72.559093, 44.797507, 860.3984375 ], [ -72.559134, 44.797725, 857.59765625 ], [ -72.559104, 44.797792, 856.59765625 ], [ -72.559027, 44.797883, 854.8984375 ], [ -72.558922, 44.797956, 851.59765625 ], [ -72.558492, 44.798151, 835.0 ], [ -72.558174, 44.798374, 825.796875 ], [ -72.557942, 44.798477, 822.19921875 ], [ -72.55778, 44.798573, 820.19921875 ], [ -72.557533, 44.79867, 820.69921875 ], [ -72.557179, 44.798921, 817.796875 ], [ -72.557089, 44.798965, 818.0 ], [ -72.556942, 44.79901, 819.296875 ], [ -72.556774, 44.799125, 819.796875 ], [ -72.556662, 44.799177, 820.0 ], [ -72.556472, 44.79921, 822.0 ], [ -72.556274, 44.799314, 822.8984375 ], [ -72.556138, 44.799353, 822.0 ], [ -72.555903, 44.799378, 822.19921875 ], [ -72.555694, 44.799453, 824.796875 ], [ -72.555477, 44.799509, 828.296875 ], [ -72.555373, 44.799586, 829.69921875 ], [ -72.554919, 44.80001, 824.19921875 ], [ -72.554685, 44.8003, 816.5 ], [ -72.554559, 44.800396, 814.09765625 ], [ -72.554461, 44.80043, 812.8984375 ], [ -72.554345, 44.800424, 811.296875 ], [ -72.553987, 44.800297, 808.3984375 ], [ -72.553889, 44.800285, 807.5 ], [ -72.553381, 44.800337, 806.0 ], [ -72.5531941, 44.8003716, 804.5 ], [ -72.5529933, 44.800321, 803.8984375 ], [ -72.5528648, 44.8001748, 801.09765625 ], [ -72.5527317, 44.7999092, 798.69921875 ], [ -72.5525462, 44.7997754, 798.296875 ], [ -72.5524478, 44.7996689, 798.19921875 ], [ -72.5521547, 44.7995033, 794.09765625 ], [ -72.5520628, 44.7994963, 793.5 ], [ -72.5519017, 44.7994995, 792.5 ], [ -72.5517353, 44.7995179, 791.8984375 ], [ -72.5515752, 44.7995035, 790.59765625 ], [ -72.5514088, 44.7994374, 787.69921875 ], [ -72.5510392, 44.7992945, 778.0 ], [ -72.5510356, 44.7993842, 780.0 ], [ -72.551195, 44.7997015, 790.09765625 ], [ -72.5514731, 44.7998603, 795.59765625 ], [ -72.5514847, 44.7999081, 796.19921875 ], [ -72.5515652, 44.8002382, 800.0 ], [ -72.5518549, 44.8005199, 801.8984375 ], [ -72.5523645, 44.8007749, 805.296875 ], [ -72.5526054, 44.8012535, 807.59765625 ], [ -72.5527293, 44.801521, 810.3984375 ], [ -72.5529546, 44.8017151, 814.69921875 ], [ -72.5529302, 44.8020857, 825.0 ], [ -72.5527775, 44.8025106, 832.09765625 ], [ -72.5525308, 44.8030054, 840.0 ], [ -72.5519119, 44.8033358, 858.796875 ], [ -72.550746, 44.803839, 872.69921875 ], [ -72.5504011, 44.8040826, 882.296875 ], [ -72.5503138, 44.804595, 894.3984375 ], [ -72.5501865, 44.8049047, 903.3984375 ], [ -72.549988, 44.8051064, 908.09765625 ], [ -72.5499939, 44.8053866, 913.19921875 ], [ -72.550368, 44.806144, 916.3984375 ], [ -72.5505084, 44.8064157, 911.0 ], [ -72.550326, 44.8067049, 904.3984375 ], [ -72.5504386, 44.8069257, 900.796875 ], [ -72.5503796, 44.8074357, 887.296875 ], [ -72.55023, 44.8075844, 878.09765625 ], [ -72.5499988, 44.8079038, 859.8984375 ], [ -72.5497364, 44.8080387, 845.09765625 ], [ -72.5494301, 44.808155, 836.59765625 ], [ -72.549434, 44.808369, 827.796875 ], [ -72.5497735, 44.8086536, 812.5 ], [ -72.5499102, 44.8088824, 803.296875 ], [ -72.5497949, 44.8092054, 794.5 ], [ -72.5492692, 44.8096431, 789.5 ], [ -72.5481476, 44.8095999, 780.59765625 ], [ -72.5475579, 44.8101288, 774.296875 ], [ -72.5472438, 44.8104273, 772.8984375 ], [ -72.5468284, 44.8108495, 762.09765625 ], [ -72.5462553, 44.8113122, 754.0 ], [ -72.5461073, 44.8115909, 751.19921875 ], [ -72.5461686, 44.8118466, 752.19921875 ], [ -72.5459853, 44.8120937, 750.5 ], [ -72.5460721, 44.8128629, 770.09765625 ], [ -72.5468284, 44.8135934, 785.69921875 ], [ -72.5472523, 44.8136039, 791.796875 ], [ -72.5477082, 44.8138712, 797.59765625 ], [ -72.5479013, 44.8141947, 805.5 ], [ -72.5479764, 44.8145676, 816.8984375 ], [ -72.5484471, 44.8148033, 823.296875 ], [ -72.5485826, 44.8150052, 827.69921875 ], [ -72.5485343, 44.8151879, 830.296875 ], [ -72.548308, 44.815386, 841.0 ], [ -72.5479748, 44.8155713, 849.296875 ], [ -72.5480676, 44.8162496, 860.0 ], [ -72.5480733, 44.8167584, 871.69921875 ], [ -72.5481212, 44.8170906, 875.0 ], [ -72.5477457, 44.8174292, 876.59765625 ], [ -72.5476073, 44.8178438, 870.296875 ], [ -72.5472132, 44.8184208, 870.69921875 ], [ -72.5467538, 44.8188642, 880.5 ], [ -72.5461664, 44.8192842, 891.19921875 ], [ -72.5455678, 44.8195335, 902.8984375 ], [ -72.5449138, 44.8202779, 907.3984375 ], [ -72.5444447, 44.8207957, 899.59765625 ], [ -72.5437908, 44.8212445, 895.59765625 ], [ -72.5434005, 44.8213562, 891.8984375 ], [ -72.5431061, 44.8214728, 898.296875 ], [ -72.5426281, 44.8213638, 908.296875 ], [ -72.542317, 44.8214064, 913.0 ], [ -72.541864, 44.8213289, 920.0 ], [ -72.5416356, 44.821672, 917.0 ], [ -72.5416088, 44.8220715, 916.09765625 ], [ -72.5413876, 44.8221639, 918.59765625 ], [ -72.5409302, 44.8219162, 919.3984375 ], [ -72.5405093, 44.8220729, 927.5 ], [ -72.5402945, 44.8222656, 936.59765625 ], [ -72.5398225, 44.822334, 942.69921875 ], [ -72.5394579, 44.8225963, 953.796875 ], [ -72.5391565, 44.8231875, 959.19921875 ], [ -72.5388373, 44.8239389, 962.0 ], [ -72.5384116, 44.8240082, 967.296875 ], [ -72.5379101, 44.8239014, 966.296875 ], [ -72.5373361, 44.8244056, 952.09765625 ], [ -72.5366773, 44.8254281, 947.8984375 ], [ -72.5365064, 44.8256196, 944.8984375 ], [ -72.5356597, 44.8258763, 943.0 ], [ -72.5354502, 44.826219, 941.19921875 ], [ -72.535065, 44.8266874, 940.59765625 ], [ -72.5348354, 44.8267915, 938.5 ], [ -72.5348604, 44.8269759, 939.3984375 ], [ -72.5345224, 44.8272118, 943.59765625 ], [ -72.5344044, 44.8276607, 951.5 ], [ -72.5342917, 44.8277901, 951.796875 ], [ -72.5343408, 44.8286098, 944.0 ], [ -72.5341511, 44.8289345, 940.69921875 ], [ -72.533546, 44.8294198, 935.8984375 ], [ -72.5336587, 44.8297304, 941.5 ], [ -72.5335069, 44.8300904, 942.796875 ], [ -72.532719, 44.830474, 931.796875 ], [ -72.53187, 44.831148, 910.59765625 ], [ -72.5313763, 44.8314225, 897.296875 ], [ -72.531175, 44.8316326, 887.8984375 ], [ -72.5305286, 44.8320987, 858.19921875 ], [ -72.5301987, 44.8326788, 819.59765625 ], [ -72.5302926, 44.8328043, 817.796875 ], [ -72.5302014, 44.8332323, 800.796875 ], [ -72.5298098, 44.8333141, 791.296875 ], [ -72.5294584, 44.8334587, 787.09765625 ], [ -72.5292546, 44.8335728, 779.796875 ], [ -72.5291473, 44.8337383, 773.796875 ], [ -72.5288428, 44.8339589, 765.796875 ], [ -72.5284995, 44.8341501, 756.3984375 ], [ -72.5281119, 44.834171, 747.8984375 ], [ -72.5278598, 44.8342518, 741.19921875 ], [ -72.5277458, 44.8343783, 735.0 ], [ -72.5273368, 44.8345714, 721.09765625 ], [ -72.527149, 44.8348529, 705.3984375 ], [ -72.5267252, 44.8350146, 694.3984375 ], [ -72.526677, 44.8352695, 684.296875 ], [ -72.5264651, 44.8354159, 679.19921875 ], [ -72.5261673, 44.8355034, 676.5 ], [ -72.5259689, 44.8356004, 672.796875 ], [ -72.5257543, 44.8357545, 666.8984375 ], [ -72.5256336, 44.835899, 662.5 ], [ -72.5258991, 44.8363308, 654.296875 ], [ -72.5254834, 44.8366598, 647.0 ], [ -72.5251722, 44.8369261, 636.5 ], [ -72.5252929, 44.8370612, 628.3984375 ], [ -72.5250623, 44.8373845, 613.5 ], [ -72.5253573, 44.8377173, 598.0 ], [ -72.5255021, 44.8379931, 588.8984375 ], [ -72.5253466, 44.8383925, 577.796875 ], [ -72.525478, 44.838693, 575.5 ], [ -72.5253761, 44.8389061, 574.296875 ], [ -72.5254619, 44.8391761, 571.0 ], [ -72.5254163, 44.8394633, 568.0 ], [ -72.5255021, 44.839994, 557.796875 ], [ -72.5252661, 44.8404694, 551.8984375 ], [ -72.5252473, 44.8409221, 547.796875 ], [ -72.5250918, 44.8412435, 548.0 ], [ -72.525149, 44.84146, 545.0 ], [ -72.5252014, 44.8416935, 546.5 ], [ -72.5252876, 44.8418521, 549.3984375 ], [ -72.52547, 44.8420118, 549.5 ], [ -72.5257677, 44.8422543, 544.19921875 ], [ -72.5261566, 44.8427821, 541.0 ], [ -72.5266247, 44.8430407, 534.8984375 ], [ -72.5268406, 44.8431377, 533.296875 ], [ -72.5271396, 44.8431767, 528.59765625 ], [ -72.5274239, 44.8432433, 526.09765625 ], [ -72.5275701, 44.8433422, 528.3984375 ], [ -72.5276774, 44.8433811, 528.8984375 ], [ -72.5278021, 44.8433754, 527.296875 ], [ -72.5280228, 44.8433127, 519.5 ], [ -72.5281347, 44.8433255, 519.0 ], [ -72.5288495, 44.84352, 521.8984375 ], [ -72.5293136, 44.8435998, 519.19921875 ], [ -72.5296193, 44.8436645, 516.19921875 ], [ -72.529968, 44.8438889, 518.8984375 ], [ -72.5299493, 44.8444937, 540.69921875 ], [ -72.5291124, 44.8451764, 573.69921875 ], [ -72.5289515, 44.8452534, 579.5 ], [ -72.5288951, 44.8455235, 583.09765625 ], [ -72.5286108, 44.8456823, 587.296875 ], [ -72.5282756, 44.8459105, 589.59765625 ], [ -72.5279872, 44.8458534, 594.3984375 ], [ -72.5275326, 44.8459637, 605.19921875 ], [ -72.5270511, 44.8460864, 618.5 ], [ -72.5264302, 44.8460578, 631.796875 ], [ -72.5253144, 44.8461843, 660.69921875 ], [ -72.5249013, 44.8463079, 670.19921875 ], [ -72.5243408, 44.8462851, 683.8984375 ], [ -72.5236836, 44.8463212, 699.796875 ], [ -72.5232343, 44.8464867, 705.69921875 ], [ -72.5230587, 44.8465913, 708.8984375 ], [ -72.5229406, 44.8468442, 710.796875 ], [ -72.5229165, 44.8471028, 712.19921875 ], [ -72.5227234, 44.847253, 714.3984375 ], [ -72.522431, 44.8472568, 715.09765625 ], [ -72.5215372, 44.8474448, 709.8984375 ], [ -72.5206809, 44.8474461, 695.69921875 ], [ -72.5203711, 44.8472274, 690.09765625 ], [ -72.520135, 44.8472283, 686.5 ], [ -72.5196737, 44.8473576, 679.69921875 ], [ -72.5187403, 44.8476182, 665.8984375 ], [ -72.5180671, 44.8477665, 660.19921875 ], [ -72.5175279, 44.8477475, 658.69921875 ], [ -72.5171873, 44.8478388, 656.5 ], [ -72.5168306, 44.8479852, 654.09765625 ], [ -72.5163987, 44.8481887, 649.09765625 ], [ -72.516219, 44.8483693, 647.5 ], [ -72.5160688, 44.8486127, 644.5 ], [ -72.515865, 44.8488029, 643.09765625 ], [ -72.5154734, 44.8489379, 646.5 ], [ -72.5152668, 44.849071, 646.8984375 ], [ -72.5152404, 44.8493273, 640.296875 ], [ -72.5151193, 44.8496928, 637.3984375 ], [ -72.5148779, 44.850269, 624.5 ], [ -72.514894, 44.8506132, 624.296875 ], [ -72.5146258, 44.8510867, 618.0 ], [ -72.5146928, 44.8513072, 615.19921875 ], [ -72.5145775, 44.8515601, 612.296875 ], [ -72.5145695, 44.8520203, 609.8984375 ], [ -72.5143656, 44.8522466, 606.5 ], [ -72.5142583, 44.8525299, 604.59765625 ], [ -72.5142831, 44.852778, 603.59765625 ], [ -72.5141966, 44.8529958, 606.5 ], [ -72.5142369, 44.8531935, 606.09765625 ], [ -72.5141886, 44.8533418, 605.59765625 ], [ -72.5139821, 44.8536841, 602.0 ], [ -72.5136454, 44.8540625, 598.19921875 ], [ -72.5134805, 44.8543116, 598.796875 ], [ -72.5132391, 44.8545036, 602.796875 ], [ -72.5129923, 44.8548021, 607.8984375 ], [ -72.5122776, 44.8565188, 635.296875 ], [ -72.5118055, 44.8579659, 665.0 ], [ -72.5122393, 44.8592321, 692.59765625 ], [ -72.5125838, 44.8603897, 682.69921875 ], [ -72.5119586, 44.8614026, 672.796875 ], [ -72.511512, 44.862524, 683.5 ], [ -72.5119586, 44.863564, 696.59765625 ], [ -72.5120734, 44.8652641, 748.8984375 ], [ -72.5116141, 44.8665753, 741.796875 ], [ -72.5104275, 44.868203, 783.3984375 ], [ -72.5089475, 44.8691525, 819.296875 ], [ -72.5083096, 44.8696408, 836.19921875 ], [ -72.507518, 44.870407, 843.8984375 ], [ -72.5075823, 44.8714402, 849.796875 ], [ -72.5080799, 44.8718471, 850.296875 ], [ -72.5098279, 44.8726608, 874.8984375 ], [ -72.5105679, 44.8732666, 873.0 ], [ -72.5105424, 44.8737097, 860.0 ], [ -72.511143, 44.874073, 851.8984375 ], [ -72.511142, 44.8748399, 852.19921875 ], [ -72.5113462, 44.8760334, 851.5 ], [ -72.511121, 44.876958, 852.19921875 ], [ -72.5103893, 44.8779411, 865.19921875 ], [ -72.5102617, 44.8784202, 877.69921875 ], [ -72.509824, 44.878708, 884.69921875 ], [ -72.508676, 44.879513, 874.8984375 ], [ -72.5081437, 44.8798668, 870.8984375 ], [ -72.5079523, 44.8804092, 865.296875 ], [ -72.507391, 44.880807, 855.19921875 ], [ -72.506753, 44.8809426, 853.59765625 ], [ -72.5064851, 44.8811144, 845.3984375 ], [ -72.5063702, 44.8814489, 825.796875 ], [ -72.506332, 44.8821359, 788.69921875 ], [ -72.5058599, 44.8825337, 796.8984375 ], [ -72.505541, 44.88302, 800.5 ], [ -72.505585, 44.883593, 796.296875 ], [ -72.505295, 44.884199, 789.796875 ], [ -72.505623, 44.884976, 782.09765625 ], [ -72.505999, 44.885618, 772.5 ], [ -72.50523, 44.886486, 760.19921875 ], [ -72.504176, 44.887393, 780.0 ], [ -72.502283, 44.888462, 794.5 ], [ -72.501229, 44.889335, 823.8984375 ], [ -72.500223, 44.890309, 847.69921875 ], [ -72.499551, 44.891015, 875.09765625 ], [ -72.4995062, 44.8918981, 874.69921875 ], [ -72.4997212, 44.8924147, 857.8984375 ], [ -72.4995402, 44.8928421, 850.3984375 ], [ -72.4991576, 44.893022, 848.3984375 ], [ -72.4993168, 44.8933988, 841.59765625 ], [ -72.4995518, 44.8935151, 836.5 ], [ -72.4995867, 44.8937914, 827.69921875 ], [ -72.4993533, 44.8942903, 830.5 ], [ -72.4992523, 44.894863, 826.69921875 ], [ -72.4994069, 44.895096, 820.8984375 ], [ -72.4993626, 44.8956168, 809.0 ], [ -72.4991681, 44.895975, 806.8984375 ], [ -72.4995894, 44.8965834, 805.09765625 ], [ -72.4994499, 44.8968592, 806.3984375 ], [ -72.4995196, 44.8971062, 807.796875 ], [ -72.4993296, 44.8974936, 813.0 ], [ -72.4991334, 44.8976458, 815.59765625 ], [ -72.4990583, 44.8980258, 821.69921875 ], [ -72.498951, 44.8983032, 823.8984375 ], [ -72.4989992, 44.8985768, 826.8984375 ], [ -72.4987425, 44.8990006, 827.296875 ], [ -72.4988598, 44.899409, 823.8984375 ], [ -72.4988603, 44.89971, 817.5 ], [ -72.4985218, 44.8996712, 811.296875 ], [ -72.498274, 44.899739, 811.59765625 ], [ -72.4975765, 44.9004744, 825.796875 ], [ -72.4971002, 44.9007579, 830.59765625 ], [ -72.4969476, 44.9011492, 836.59765625 ], [ -72.4970949, 44.9012595, 838.19921875 ], [ -72.4976045, 44.9016053, 843.69921875 ], [ -72.4974742, 44.9023037, 865.8984375 ], [ -72.4971675, 44.9031956, 888.0 ], [ -72.4964784, 44.9043516, 892.796875 ], [ -72.4966348, 44.9047489, 884.19921875 ], [ -72.4968043, 44.9050559, 879.296875 ], [ -72.4972396, 44.9055192, 864.296875 ], [ -72.4975158, 44.9059422, 850.69921875 ], [ -72.4980073, 44.9063177, 834.3984375 ], [ -72.4984486, 44.906668, 824.296875 ], [ -72.4989301, 44.9069738, 812.796875 ], [ -72.499257, 44.907378, 803.5 ], [ -72.501008, 44.908868, 752.5 ], [ -72.5028212, 44.910286, 701.8984375 ], [ -72.503515, 44.911272, 682.19921875 ], [ -72.5034528, 44.9120622, 683.296875 ], [ -72.5037321, 44.9124843, 677.69921875 ], [ -72.5040472, 44.912652, 673.69921875 ], [ -72.504206, 44.912654, 672.3984375 ], [ -72.5046828, 44.9126825, 675.69921875 ], [ -72.5054626, 44.9128859, 681.19921875 ], [ -72.5055473, 44.9129586, 682.796875 ], [ -72.505881, 44.913245, 689.59765625 ], [ -72.5063907, 44.9134497, 696.5 ], [ -72.5066366, 44.9136529, 697.8984375 ], [ -72.5068266, 44.9138969, 702.19921875 ], [ -72.5072304, 44.9145215, 715.796875 ], [ -72.5073938, 44.9146561, 718.796875 ], [ -72.507623, 44.9149549, 728.8984375 ], [ -72.508279, 44.9152647, 742.5 ], [ -72.5087968, 44.9155014, 753.09765625 ], [ -72.5089993, 44.9155958, 758.09765625 ], [ -72.5097273, 44.9158003, 766.69921875 ], [ -72.510281, 44.9161985, 789.09765625 ], [ -72.5108213, 44.9164042, 800.69921875 ], [ -72.511427, 44.9169223, 821.3984375 ], [ -72.5120482, 44.917532, 844.69921875 ], [ -72.5129092, 44.9179898, 860.0 ], [ -72.5148524, 44.9186796, 888.296875 ], [ -72.5154286, 44.918978, 896.796875 ], [ -72.5160487, 44.9195542, 907.796875 ], [ -72.5162829, 44.9198412, 913.59765625 ], [ -72.5164341, 44.9200759, 918.5 ], [ -72.5164282, 44.9201956, 921.3984375 ], [ -72.5163515, 44.9203314, 924.5 ], [ -72.5163148, 44.9204322, 926.59765625 ], [ -72.5163703, 44.9205587, 927.09765625 ], [ -72.5165017, 44.9206347, 928.59765625 ], [ -72.5168472, 44.9207031, 932.3984375 ], [ -72.5173367, 44.9207992, 938.3984375 ], [ -72.51765, 44.9208964, 943.3984375 ], [ -72.5179029, 44.9208554, 946.796875 ], [ -72.518254, 44.9207895, 951.19921875 ], [ -72.5185536, 44.9207392, 954.8984375 ], [ -72.5190812, 44.9207445, 962.59765625 ], [ -72.519387, 44.9207553, 968.59765625 ], [ -72.5198218, 44.9205925, 974.8984375 ], [ -72.5202123, 44.9204725, 980.19921875 ], [ -72.520429, 44.9205054, 986.296875 ], [ -72.5206699, 44.9206157, 994.59765625 ], [ -72.5208389, 44.9206149, 997.3984375 ], [ -72.5211275, 44.9206157, 1002.8984375 ], [ -72.5212181, 44.9206877, 1006.796875 ], [ -72.5213152, 44.9208858, 1015.09765625 ], [ -72.5219056, 44.9210208, 1030.3984375 ], [ -72.5220636, 44.9211549, 1035.59765625 ], [ -72.5222175, 44.9212759, 1042.09765625 ], [ -72.5221735, 44.9214343, 1046.796875 ], [ -72.5222553, 44.9215723, 1053.69921875 ], [ -72.5224267, 44.9216272, 1058.8984375 ], [ -72.5228602, 44.921692, 1067.796875 ], [ -72.5231576, 44.9217566, 1073.59765625 ], [ -72.5234857, 44.921763, 1078.796875 ], [ -72.5238097, 44.921696, 1084.09765625 ], [ -72.5241511, 44.9216994, 1091.5 ], [ -72.5244196, 44.9217097, 1094.59765625 ], [ -72.5244893, 44.921827, 1100.09765625 ], [ -72.524484, 44.9220177, 1107.59765625 ], [ -72.5243421, 44.9221474, 1112.5 ], [ -72.5243415, 44.9222019, 1115.0 ], [ -72.5244531, 44.9222771, 1119.8984375 ], [ -72.5243, 44.9225045, 1129.69921875 ], [ -72.5243137, 44.9227014, 1138.59765625 ], [ -72.5242654, 44.9227808, 1139.796875 ], [ -72.5242993, 44.922877, 1142.8984375 ], [ -72.5244348, 44.922947, 1148.3984375 ], [ -72.5246526, 44.9231371, 1150.5 ], [ -72.5246948, 44.9232498, 1150.8984375 ], [ -72.5248018, 44.9233101, 1150.296875 ], [ -72.5249684, 44.923483, 1152.19921875 ], [ -72.5249938, 44.9235953, 1153.3984375 ], [ -72.525128, 44.9238075, 1157.69921875 ], [ -72.5253733, 44.9240223, 1167.5 ], [ -72.5255553, 44.9241089, 1168.8984375 ], [ -72.5257236, 44.9241534, 1168.0 ], [ -72.5258954, 44.924163, 1168.09765625 ], [ -72.5261304, 44.924105, 1165.09765625 ], [ -72.5265873, 44.9242684, 1163.09765625 ], [ -72.5268771, 44.9243407, 1158.3984375 ], [ -72.5273885, 44.9243215, 1150.8984375 ], [ -72.5275642, 44.9243195, 1147.59765625 ], [ -72.5278288, 44.9243689, 1142.09765625 ], [ -72.5284237, 44.9245151, 1128.69921875 ], [ -72.5286292, 44.9245128, 1123.296875 ], [ -72.5290852, 44.9243279, 1109.5 ], [ -72.5294359, 44.9241411, 1099.09765625 ], [ -72.5295286, 44.9241814, 1098.5 ], [ -72.5296708, 44.9241751, 1096.3984375 ], [ -72.5300091, 44.9241713, 1090.796875 ], [ -72.5301669, 44.924172, 1088.19921875 ], [ -72.5304381, 44.9243059, 1079.09765625 ], [ -72.5304203, 44.9244038, 1076.0 ], [ -72.5303925, 44.9246392, 1067.296875 ], [ -72.5303416, 44.9249278, 1057.296875 ], [ -72.5305623, 44.9252881, 1034.0 ], [ -72.5306041, 44.9256731, 1023.69921875 ], [ -72.5304615, 44.9259557, 1023.19921875 ], [ -72.5305569, 44.9262255, 1020.0 ], [ -72.5307546, 44.9266898, 1008.09765625 ], [ -72.5310534, 44.9270647, 991.3984375 ], [ -72.5315256, 44.9276524, 968.3984375 ], [ -72.5316397, 44.9279402, 964.09765625 ], [ -72.5318661, 44.9284724, 945.69921875 ], [ -72.5320196, 44.9289599, 928.8984375 ], [ -72.5319511, 44.9292031, 925.796875 ], [ -72.5316958, 44.9295223, 923.3984375 ], [ -72.5316958, 44.9298305, 917.0 ], [ -72.5318521, 44.9300234, 917.8984375 ], [ -72.5319931, 44.9301501, 920.09765625 ], [ -72.5322801, 44.9306051, 925.19921875 ], [ -72.5324117, 44.9309828, 924.796875 ], [ -72.5326785, 44.9311777, 919.8984375 ], [ -72.5330801, 44.9319671, 892.0 ], [ -72.5336391, 44.9325616, 870.19921875 ], [ -72.5337323, 44.9326823, 864.5 ], [ -72.5337473, 44.9329067, 855.296875 ], [ -72.5336129, 44.9330586, 850.796875 ], [ -72.5336235, 44.9332709, 842.69921875 ], [ -72.5339538, 44.9335619, 829.19921875 ], [ -72.5343179, 44.9337668, 818.69921875 ], [ -72.5344098, 44.9341977, 819.8984375 ], [ -72.5344133, 44.9347244, 822.19921875 ], [ -72.5345982, 44.934979, 816.5 ], [ -72.5348163, 44.9353891, 807.0 ], [ -72.5350336, 44.9355508, 805.69921875 ], [ -72.5352263, 44.9357877, 806.59765625 ], [ -72.5353976, 44.9361849, 811.59765625 ], [ -72.5354612, 44.9365103, 814.19921875 ], [ -72.5354659, 44.9367475, 814.69921875 ], [ -72.5353991, 44.9368667, 816.3984375 ], [ -72.5352217, 44.9368673, 819.59765625 ], [ -72.5350642, 44.9369243, 822.8984375 ], [ -72.534754, 44.937119, 828.0 ], [ -72.5347636, 44.9371997, 828.296875 ], [ -72.5348505, 44.9373366, 827.19921875 ], [ -72.5348742, 44.9375092, 826.59765625 ], [ -72.534914, 44.9375546, 826.0 ], [ -72.5350133, 44.9375774, 824.69921875 ], [ -72.5350923, 44.9375865, 824.0 ], [ -72.5352815, 44.9375413, 821.59765625 ], [ -72.5353566, 44.9375508, 821.5 ], [ -72.5355634, 44.9375309, 820.796875 ], [ -72.5356784, 44.9374939, 820.3984375 ], [ -72.535749, 44.9375581, 821.09765625 ], [ -72.5360465, 44.9379645, 824.3984375 ], [ -72.536141, 44.938272, 826.69921875 ], [ -72.5361414, 44.9387185, 833.3984375 ], [ -72.5361164, 44.9391549, 842.796875 ], [ -72.5362213, 44.9392887, 845.5 ], [ -72.5365413, 44.9394358, 851.296875 ], [ -72.5365958, 44.9395254, 853.8984375 ], [ -72.5365958, 44.9396507, 856.796875 ], [ -72.5366655, 44.9397039, 859.0 ], [ -72.5367245, 44.9397419, 860.296875 ], [ -72.5367433, 44.9398026, 862.09765625 ], [ -72.5367054, 44.9399267, 865.296875 ], [ -72.536695, 44.9400817, 869.0 ], [ -72.5366521, 44.9401956, 870.19921875 ], [ -72.5366387, 44.9402943, 870.69921875 ], [ -72.5366387, 44.9403399, 871.09765625 ], [ -72.5366931, 44.9403842, 873.19921875 ], [ -72.5371993, 44.940676, 882.5 ], [ -72.5375236, 44.9410971, 884.296875 ], [ -72.5378498, 44.9414296, 885.69921875 ], [ -72.5381744, 44.9415929, 891.5 ], [ -72.5381931, 44.9418093, 889.296875 ], [ -72.5387307, 44.9424267, 894.8984375 ], [ -72.538904, 44.942696, 898.09765625 ], [ -72.5388971, 44.9431497, 903.59765625 ], [ -72.5389954, 44.9439004, 909.3984375 ], [ -72.539267, 44.944683, 930.09765625 ], [ -72.5394363, 44.9454519, 959.5 ], [ -72.539704, 44.9456322, 966.296875 ], [ -72.5400459, 44.9457182, 977.5 ], [ -72.540127, 44.9458591, 984.59765625 ], [ -72.5400611, 44.9459697, 988.796875 ], [ -72.5402407, 44.9461476, 997.5 ], [ -72.5402758, 44.9463923, 1004.5 ], [ -72.5403832, 44.946793, 1018.296875 ], [ -72.5405371, 44.9469558, 1024.59765625 ], [ -72.5405814, 44.9471209, 1026.09765625 ], [ -72.5403341, 44.9474986, 1027.296875 ], [ -72.5401148, 44.9481672, 1015.69921875 ], [ -72.5401134, 44.9487066, 998.8984375 ], [ -72.5400424, 44.9488075, 992.296875 ], [ -72.5401694, 44.9489291, 989.296875 ], [ -72.5401727, 44.9491273, 981.3984375 ], [ -72.539963, 44.9491714, 978.59765625 ], [ -72.5398412, 44.9493821, 973.8984375 ], [ -72.539475, 44.94938, 971.3984375 ], [ -72.5391674, 44.9496061, 968.796875 ], [ -72.5389726, 44.9496683, 968.09765625 ], [ -72.5388009, 44.949812, 967.296875 ], [ -72.5387795, 44.9499099, 966.19921875 ], [ -72.5387968, 44.9500862, 962.5 ], [ -72.5387285, 44.9502623, 960.5 ], [ -72.5387925, 44.9507318, 964.19921875 ], [ -72.5384082, 44.9510859, 973.3984375 ], [ -72.5382105, 44.9514607, 979.69921875 ], [ -72.5378767, 44.9519011, 986.3984375 ], [ -72.5372853, 44.9521148, 999.3984375 ], [ -72.5367897, 44.9522486, 1011.09765625 ], [ -72.5366134, 44.9523789, 1015.3984375 ], [ -72.5360915, 44.9528103, 1011.0 ], [ -72.53551, 44.9529197, 1000.69921875 ], [ -72.5351811, 44.9526842, 985.59765625 ], [ -72.5344512, 44.9524988, 958.19921875 ], [ -72.53415, 44.9524181, 955.0 ], [ -72.5338867, 44.9524855, 948.19921875 ], [ -72.533683, 44.9524358, 942.59765625 ], [ -72.5328827, 44.952384, 919.59765625 ], [ -72.532205, 44.9523784, 906.09765625 ], [ -72.5311618, 44.9521791, 890.296875 ], [ -72.530591, 44.952252, 878.5 ], [ -72.5301587, 44.9521342, 871.3984375 ], [ -72.529213, 44.951876, 852.0 ], [ -72.5276426, 44.951774, 828.69921875 ], [ -72.5270124, 44.9517881, 823.19921875 ], [ -72.526479, 44.9519223, 818.5 ], [ -72.5261179, 44.9520875, 814.09765625 ], [ -72.5258093, 44.9520949, 806.3984375 ], [ -72.5254391, 44.9523608, 799.69921875 ], [ -72.5250134, 44.9525978, 796.0 ], [ -72.5247664, 44.9526099, 791.69921875 ], [ -72.5243907, 44.952758, 788.5 ], [ -72.5238387, 44.9530495, 791.8984375 ], [ -72.5234977, 44.9531381, 791.19921875 ], [ -72.5227422, 44.9534329, 784.8984375 ], [ -72.522521, 44.953575, 781.3984375 ], [ -72.5223698, 44.9537898, 780.0 ], [ -72.5221934, 44.9538583, 780.0 ], [ -72.5220725, 44.9539773, 782.09765625 ], [ -72.521975, 44.9544124, 787.69921875 ], [ -72.5217048, 44.9547856, 791.3984375 ], [ -72.521544, 44.9549982, 793.3984375 ], [ -72.5212199, 44.9552284, 796.796875 ], [ -72.5208594, 44.9554701, 798.19921875 ], [ -72.5205084, 44.9555762, 798.09765625 ], [ -72.5199233, 44.955786, 796.69921875 ], [ -72.5196576, 44.9560068, 794.09765625 ], [ -72.5195128, 44.9561434, 791.3984375 ], [ -72.5194055, 44.9562421, 789.69921875 ], [ -72.5193197, 44.9562725, 789.69921875 ], [ -72.5191426, 44.9563256, 789.296875 ], [ -72.5184667, 44.95658, 788.0 ], [ -72.5183272, 44.9566901, 785.0 ], [ -72.5182307, 44.9566711, 787.3984375 ], [ -72.5181368, 44.9567242, 786.69921875 ], [ -72.518051, 44.9567926, 785.59765625 ], [ -72.5177839, 44.9569246, 782.19921875 ], [ -72.5174046, 44.9572177, 772.8984375 ], [ -72.5167447, 44.9576163, 753.796875 ], [ -72.5165317, 44.9577232, 748.796875 ], [ -72.5163466, 44.9579602, 738.3984375 ], [ -72.5162458, 44.9580756, 733.3984375 ], [ -72.516219, 44.9582123, 727.5 ], [ -72.5162619, 44.9583641, 723.296875 ], [ -72.5162619, 44.958478, 720.09765625 ], [ -72.5162405, 44.958626, 719.59765625 ], [ -72.5162827, 44.9587575, 719.59765625 ], [ -72.516534, 44.9589772, 713.59765625 ], [ -72.5166374, 44.9591613, 713.796875 ], [ -72.5165218, 44.9595146, 711.59765625 ], [ -72.5162051, 44.9598121, 711.19921875 ], [ -72.515605, 44.9598576, 715.5 ], [ -72.5153773, 44.9599637, 718.69921875 ], [ -72.5153691, 44.9601391, 724.0 ], [ -72.5152746, 44.960214, 727.59765625 ], [ -72.5149494, 44.9602472, 731.0 ], [ -72.5141474, 44.9609527, 743.5 ], [ -72.5138555, 44.9614821, 745.796875 ], [ -72.5136275, 44.9616701, 744.8984375 ], [ -72.5134502, 44.962038, 741.8984375 ], [ -72.5134, 44.9621239, 740.3984375 ], [ -72.5134161, 44.9621903, 738.796875 ], [ -72.5134563, 44.9622606, 737.09765625 ], [ -72.5134483, 44.9622985, 736.09765625 ], [ -72.5134081, 44.9623251, 735.5 ], [ -72.5133598, 44.9623953, 733.3984375 ], [ -72.5134537, 44.9624143, 732.8984375 ], [ -72.5134939, 44.9624295, 732.09765625 ], [ -72.5135181, 44.9624609, 731.09765625 ], [ -72.5135154, 44.9624902, 730.19921875 ], [ -72.5134939, 44.9625111, 729.3984375 ], [ -72.5134376, 44.9625244, 729.0 ], [ -72.5133437, 44.9625471, 727.5 ], [ -72.5132874, 44.9625908, 725.59765625 ], [ -72.5132766, 44.9626306, 724.0 ], [ -72.5132632, 44.9626971, 721.296875 ], [ -72.5132927, 44.9627863, 718.296875 ], [ -72.5132927, 44.9628527, 716.19921875 ], [ -72.5132643, 44.9628761, 715.0 ], [ -72.5130621, 44.9629533, 711.8984375 ], [ -72.5129977, 44.9629874, 710.3984375 ], [ -72.5129977, 44.9630273, 709.0 ], [ -72.5130326, 44.9630501, 708.5 ], [ -72.5131479, 44.9630823, 707.0 ], [ -72.5133518, 44.9630898, 705.0 ], [ -72.5135797, 44.9630254, 703.69921875 ], [ -72.5136977, 44.9630064, 701.69921875 ], [ -72.5137433, 44.9630254, 699.8984375 ], [ -72.5137514, 44.9631013, 696.59765625 ], [ -72.5138104, 44.9631165, 694.19921875 ], [ -72.5138614, 44.963126, 692.5 ], [ -72.5138748, 44.9631791, 690.09765625 ], [ -72.5132042, 44.9637504, 687.0 ], [ -72.5131318, 44.9641617, 688.59765625 ], [ -72.5125323, 44.9647149, 692.69921875 ], [ -72.5119482, 44.9655122, 694.59765625 ], [ -72.5114715, 44.965948, 693.19921875 ], [ -72.5114781, 44.9661229, 698.0 ], [ -72.5115547, 44.9662972, 702.69921875 ], [ -72.5115466, 44.9663731, 704.796875 ], [ -72.5115413, 44.9664186, 706.5 ], [ -72.5114903, 44.9664357, 708.0 ], [ -72.5114259, 44.9664395, 709.09765625 ], [ -72.5113535, 44.9664186, 709.59765625 ], [ -72.5112221, 44.9663655, 710.09765625 ], [ -72.5111765, 44.9663313, 710.19921875 ], [ -72.5111255, 44.9663237, 711.09765625 ], [ -72.5110665, 44.9663408, 711.5 ], [ -72.5110128, 44.9664034, 711.5 ], [ -72.5110343, 44.9665059, 712.09765625 ], [ -72.5110826, 44.9665685, 712.5 ], [ -72.5111389, 44.9665761, 712.8984375 ], [ -72.5111657, 44.9666046, 712.8984375 ], [ -72.5111443, 44.9666482, 712.69921875 ], [ -72.511104, 44.9666748, 712.3984375 ], [ -72.5110853, 44.9667147, 712.09765625 ], [ -72.5111356, 44.9667704, 712.3984375 ], [ -72.5112355, 44.9668228, 713.3984375 ], [ -72.5113213, 44.9668456, 714.296875 ], [ -72.5113428, 44.9668798, 714.59765625 ], [ -72.5113186, 44.9669367, 714.5 ], [ -72.5112623, 44.9670486, 714.3984375 ], [ -72.5111416, 44.967172, 714.09765625 ], [ -72.5109445, 44.9673302, 712.0 ], [ -72.5108331, 44.9675807, 711.69921875 ], [ -72.5109933, 44.9677877, 712.8984375 ], [ -72.5109952, 44.9680593, 708.796875 ], [ -72.5110698, 44.9681061, 708.8984375 ], [ -72.5111364, 44.9682423, 707.59765625 ], [ -72.5111026, 44.9684794, 704.59765625 ], [ -72.5109816, 44.9687552, 696.5 ], [ -72.5110488, 44.968951, 686.59765625 ], [ -72.5113299, 44.969088, 679.3984375 ], [ -72.5117662, 44.9690829, 675.8984375 ], [ -72.512074, 44.9692468, 668.8984375 ], [ -72.5120716, 44.9692745, 668.59765625 ], [ -72.5120616, 44.9693904, 669.3984375 ], [ -72.5117293, 44.9695889, 671.59765625 ], [ -72.5117371, 44.9697319, 674.3984375 ], [ -72.5117424, 44.9699084, 677.5 ], [ -72.5117263, 44.9700545, 678.59765625 ], [ -72.5117049, 44.9701798, 679.59765625 ], [ -72.5116271, 44.9703259, 680.796875 ], [ -72.5115271, 44.9704056, 680.8984375 ], [ -72.5115252, 44.9704777, 681.09765625 ], [ -72.5115225, 44.970565, 681.19921875 ], [ -72.5114957, 44.9706655, 681.296875 ], [ -72.5114045, 44.9707794, 681.296875 ], [ -72.5113991, 44.9708363, 681.5 ], [ -72.5113964, 44.970935, 681.8984375 ], [ -72.5113454, 44.9710033, 681.8984375 ], [ -72.5112472, 44.9711306, 682.09765625 ], [ -72.5110824, 44.9711859, 682.3984375 ], [ -72.5109011, 44.9713029, 682.69921875 ], [ -72.5107138, 44.9715447, 685.3984375 ], [ -72.5104704, 44.9717024, 690.09765625 ], [ -72.5103372, 44.9718092, 694.69921875 ], [ -72.5102693, 44.9720081, 703.19921875 ], [ -72.5101197, 44.9721077, 709.0 ], [ -72.5096503, 44.9724579, 720.19921875 ], [ -72.5091712, 44.9729404, 727.19921875 ], [ -72.5090558, 44.973142, 730.09765625 ], [ -72.5088259, 44.9733971, 736.296875 ], [ -72.5087625, 44.9736485, 742.3984375 ], [ -72.5082053, 44.9743608, 761.59765625 ], [ -72.5081904, 44.9745081, 765.5 ], [ -72.5081619, 44.9746474, 769.0 ], [ -72.5079581, 44.9748547, 773.69921875 ], [ -72.5078827, 44.9750526, 776.69921875 ], [ -72.5079494, 44.9752832, 780.69921875 ], [ -72.5079317, 44.9755043, 783.09765625 ], [ -72.5080539, 44.9755959, 783.296875 ], [ -72.5081403, 44.9756984, 783.19921875 ], [ -72.5078205, 44.9758824, 780.8984375 ], [ -72.5077026, 44.9760144, 779.5 ], [ -72.5075837, 44.9760707, 778.59765625 ], [ -72.5071798, 44.976245, 774.5 ], [ -72.5066888, 44.9763577, 767.796875 ], [ -72.5061181, 44.9764444, 760.09765625 ], [ -72.5058885, 44.9765413, 759.0 ], [ -72.5055104, 44.9767701, 755.5 ], [ -72.5049509, 44.9768937, 751.296875 ], [ -72.504283, 44.9769607, 753.296875 ], [ -72.5038683, 44.9770697, 759.0 ], [ -72.5036037, 44.977172, 763.59765625 ], [ -72.5033787, 44.9773528, 766.5 ], [ -72.5031344, 44.9776582, 766.8984375 ], [ -72.5030751, 44.9779625, 764.59765625 ], [ -72.502892, 44.9781834, 762.09765625 ], [ -72.5028477, 44.9783427, 760.0 ], [ -72.5027365, 44.9785369, 758.296875 ], [ -72.502521, 44.9787225, 757.796875 ], [ -72.5022254, 44.9789528, 757.19921875 ], [ -72.5020153, 44.9793391, 756.09765625 ], [ -72.5019517, 44.979726, 751.3984375 ], [ -72.5018359, 44.9798033, 748.59765625 ], [ -72.5017965, 44.9798986, 747.0 ], [ -72.5018243, 44.9799751, 746.3984375 ], [ -72.5018233, 44.9801445, 744.59765625 ], [ -72.5017969, 44.980215, 743.3984375 ], [ -72.501601, 44.9802706, 741.19921875 ], [ -72.5015543, 44.9803641, 740.59765625 ], [ -72.5015299, 44.980503, 739.09765625 ], [ -72.5015848, 44.9806362, 736.796875 ], [ -72.5017982, 44.9807382, 735.3984375 ], [ -72.5019254, 44.9808205, 734.19921875 ], [ -72.5020329, 44.9810345, 729.09765625 ], [ -72.5021052, 44.9811206, 726.19921875 ], [ -72.5022344, 44.9811476, 725.19921875 ], [ -72.5023603, 44.9812026, 722.59765625 ], [ -72.5025019, 44.9814257, 714.796875 ], [ -72.5027662, 44.9815574, 709.0 ], [ -72.5027052, 44.9819111, 705.69921875 ], [ -72.5029201, 44.9824379, 702.59765625 ], [ -72.5030066, 44.9827854, 705.296875 ], [ -72.5030207, 44.9830759, 703.69921875 ], [ -72.5029743, 44.9834993, 701.8984375 ], [ -72.5030123, 44.9838707, 699.69921875 ], [ -72.502905, 44.9842096, 697.796875 ], [ -72.5029247, 44.9844644, 693.8984375 ], [ -72.5028903, 44.9846443, 691.5 ], [ -72.5028349, 44.984771, 690.3984375 ], [ -72.5025776, 44.9849167, 689.5 ], [ -72.5023873, 44.9850208, 688.8984375 ], [ -72.5022801, 44.9851698, 688.19921875 ], [ -72.5023364, 44.9854693, 681.0 ], [ -72.5024215, 44.9856739, 677.796875 ], [ -72.5025959, 44.9857988, 674.796875 ], [ -72.5025858, 44.985879, 673.19921875 ], [ -72.5026387, 44.9860158, 670.296875 ], [ -72.5026062, 44.9862704, 667.0 ], [ -72.5024985, 44.9865613, 662.09765625 ], [ -72.5025894, 44.9867404, 656.5 ], [ -72.5028498, 44.9869749, 648.5 ], [ -72.5031168, 44.9870717, 643.09765625 ], [ -72.503405, 44.9870528, 642.296875 ], [ -72.5035986, 44.9869285, 642.69921875 ], [ -72.503989, 44.9866313, 640.796875 ], [ -72.5040809, 44.9866699, 639.59765625 ], [ -72.5041973, 44.9866905, 638.5 ], [ -72.5042161, 44.9867206, 638.59765625 ], [ -72.5041518, 44.9868098, 639.19921875 ], [ -72.5039506, 44.9871399, 640.296875 ], [ -72.5039184, 44.9872745, 642.8984375 ], [ -72.503913, 44.9874054, 645.19921875 ], [ -72.503988, 44.9874513, 645.59765625 ], [ -72.5040038, 44.9874808, 645.796875 ], [ -72.5040177, 44.9875287, 646.19921875 ], [ -72.5040123, 44.9875724, 646.3984375 ], [ -72.5039855, 44.9876027, 646.5 ], [ -72.5039318, 44.9876274, 646.296875 ], [ -72.5038916, 44.9876388, 646.0 ], [ -72.5038488, 44.9876376, 645.8984375 ], [ -72.5038138, 44.987654, 645.69921875 ], [ -72.5038192, 44.9877014, 645.5 ], [ -72.503895, 44.987813, 645.3984375 ], [ -72.503963, 44.987943, 645.09765625 ], [ -72.504045, 44.988033, 645.09765625 ], [ -72.504309, 44.988235, 648.59765625 ], [ -72.50443, 44.988356, 651.0 ], [ -72.504505, 44.988503, 652.5 ], [ -72.504544, 44.988731, 655.796875 ], [ -72.504705, 44.989051, 658.69921875 ], [ -72.504784, 44.989118, 658.5 ], [ -72.505123, 44.989264, 660.19921875 ], [ -72.505219, 44.989355, 663.09765625 ], [ -72.505391, 44.989803, 681.296875 ], [ -72.505367, 44.990273, 692.296875 ], [ -72.505337, 44.990367, 692.59765625 ], [ -72.505263, 44.990477, 693.19921875 ], [ -72.505197, 44.990529, 693.3984375 ], [ -72.504378, 44.990857, 692.69921875 ], [ -72.504252, 44.990928, 691.5 ], [ -72.50395, 44.991141, 687.8984375 ], [ -72.503444, 44.991399, 679.5 ], [ -72.502806, 44.991867, 671.8984375 ], [ -72.502677, 44.991933, 673.796875 ], [ -72.502405, 44.991989, 676.3984375 ], [ -72.502146, 44.992091, 678.0 ], [ -72.502055, 44.992162, 680.3984375 ], [ -72.501949, 44.992318, 687.19921875 ], [ -72.501797, 44.992455, 689.69921875 ], [ -72.501509, 44.992629, 690.69921875 ], [ -72.501251, 44.992751, 688.69921875 ], [ -72.501132, 44.992792, 688.8984375 ], [ -72.50102, 44.9928, 688.8984375 ], [ -72.500232, 44.992795, 691.19921875 ], [ -72.499974, 44.992765, 692.19921875 ], [ -72.499504, 44.992766, 694.19921875 ], [ -72.499295, 44.992743, 694.3984375 ], [ -72.498986, 44.992681, 695.19921875 ], [ -72.498585, 44.992567, 697.19921875 ], [ -72.498094, 44.992338, 712.09765625 ], [ -72.497877, 44.992182, 720.0 ], [ -72.497751, 44.992107, 724.69921875 ], [ -72.497653, 44.99207, 727.09765625 ], [ -72.497533, 44.992055, 729.0 ], [ -72.497358, 44.992063, 731.796875 ], [ -72.49648, 44.991891, 743.09765625 ], [ -72.496332, 44.991832, 746.5 ], [ -72.496127, 44.991699, 752.8984375 ], [ -72.495882, 44.991562, 757.8984375 ], [ -72.495774, 44.991519, 759.3984375 ], [ -72.495607, 44.991491, 760.0 ], [ -72.495353, 44.991491, 761.3984375 ], [ -72.495033, 44.991547, 759.59765625 ], [ -72.494476, 44.991553, 767.296875 ], [ -72.49433, 44.991572, 769.19921875 ], [ -72.493978, 44.991649, 775.69921875 ], [ -72.493373, 44.991827, 786.8984375 ], [ -72.492744, 44.992053, 801.296875 ], [ -72.4921247, 44.9920767, 811.0 ], [ -72.492045, 44.992125, 810.59765625 ], [ -72.491958, 44.992173, 810.09765625 ], [ -72.491897, 44.99223, 809.296875 ], [ -72.491736, 44.992459, 808.296875 ], [ -72.49163, 44.992728, 809.09765625 ], [ -72.491543, 44.99289, 808.796875 ], [ -72.491472, 44.992974, 808.8984375 ], [ -72.491222, 44.993194, 809.59765625 ], [ -72.490718, 44.993802, 807.5 ], [ -72.490611, 44.993899, 807.09765625 ], [ -72.490392, 44.994055, 806.09765625 ], [ -72.490302, 44.994077, 805.69921875 ], [ -72.49014, 44.994093, 805.0 ], [ -72.490044, 44.994153, 804.8984375 ], [ -72.49002, 44.994427, 806.796875 ], [ -72.489945, 44.994516, 806.5 ], [ -72.48975, 44.994637, 801.8984375 ], [ -72.489057, 44.994846, 804.296875 ], [ -72.488912, 44.994865, 804.8984375 ], [ -72.488698, 44.994854, 807.5 ], [ -72.488542, 44.994827, 808.19921875 ], [ -72.488406, 44.994849, 808.09765625 ], [ -72.488217, 44.994982, 805.796875 ], [ -72.488026, 44.995158, 804.796875 ], [ -72.487965, 44.995252, 804.0 ], [ -72.487933, 44.995364, 803.296875 ], [ -72.487971, 44.995593, 802.0 ], [ -72.488029, 44.995708, 801.3984375 ], [ -72.488314, 44.996071, 790.5 ], [ -72.488356, 44.996152, 787.3984375 ], [ -72.488397, 44.996406, 778.0 ], [ -72.488463, 44.996517, 774.296875 ], [ -72.489052, 44.996931, 762.19921875 ], [ -72.489212, 44.997079, 755.19921875 ], [ -72.489306, 44.997191, 748.69921875 ], [ -72.489537, 44.997357, 740.69921875 ], [ -72.489561, 44.997404, 740.19921875 ], [ -72.489553, 44.99747, 739.09765625 ], [ -72.48935, 44.997691, 736.3984375 ], [ -72.489285, 44.997832, 735.796875 ], [ -72.489184, 44.998209, 734.796875 ], [ -72.489218, 44.998327, 733.69921875 ], [ -72.489271, 44.998415, 733.19921875 ], [ -72.489403, 44.998562, 733.296875 ], [ -72.489442, 44.998687, 733.19921875 ], [ -72.489452, 44.998955, 731.5 ], [ -72.489554, 44.999132, 729.69921875 ], [ -72.489651, 44.999485, 725.8984375 ], [ -72.48988, 44.999797, 722.8984375 ], [ -72.489969, 45.00005, 724.0 ], [ -72.489997, 45.00019, 724.59765625 ], [ -72.489981, 45.000358, 723.19921875 ], [ -72.489944, 45.00042, 722.3984375 ], [ -72.489818, 45.000551, 723.3984375 ], [ -72.489746, 45.000689, 725.8984375 ], [ -72.489731, 45.000758, 726.5 ], [ -72.489737, 45.001396, 721.19921875 ], [ -72.489862, 45.00185, 713.59765625 ], [ -72.489865, 45.00263, 696.19921875 ], [ -72.489791, 45.002852, 690.19921875 ], [ -72.489674, 45.0031, 686.5 ], [ -72.489626, 45.003309, 683.8984375 ], [ -72.48954, 45.003476, 682.8984375 ], [ -72.489504, 45.003596, 682.19921875 ], [ -72.48948, 45.003762, 680.8984375 ], [ -72.48952, 45.003918, 681.09765625 ], [ -72.489521, 45.004097, 682.296875 ], [ -72.489462, 45.00434, 685.19921875 ], [ -72.489264, 45.004662, 686.59765625 ], [ -72.48922, 45.004789, 687.5 ], [ -72.48922, 45.004879, 687.8984375 ], [ -72.489256, 45.005026, 687.796875 ], [ -72.489365, 45.00533, 688.0 ], [ -72.489435, 45.00565, 680.3984375 ], [ -72.489396, 45.005814, 676.69921875 ], [ -72.489435, 45.00593, 674.69921875 ], [ -72.489554, 45.006073, 673.296875 ], [ -72.489634, 45.006209, 672.296875 ], [ -72.4896812, 45.0062986, 671.3984375 ], [ -72.4897161, 45.0063953, 670.3984375 ], [ -72.4897349, 45.0064655, 669.5 ], [ -72.4896812, 45.0065243, 668.8984375 ], [ -72.4896061, 45.0065641, 668.09765625 ], [ -72.4895847, 45.0066475, 666.5 ], [ -72.4895847, 45.0067253, 665.19921875 ], [ -72.489523, 45.0068106, 663.8984375 ], [ -72.4895203, 45.0069187, 662.69921875 ], [ -72.4894479, 45.0069832, 662.09765625 ], [ -72.4894023, 45.0070287, 661.296875 ], [ -72.489408, 45.007081, 660.8984375 ], [ -72.489464, 45.0071747, 659.3984375 ], [ -72.4895042, 45.0073018, 657.09765625 ], [ -72.489544, 45.007469, 653.0 ], [ -72.4896222, 45.0075711, 649.796875 ], [ -72.4895471, 45.0077038, 646.59765625 ], [ -72.4895096, 45.0077702, 644.8984375 ], [ -72.4894747, 45.0077929, 644.5 ], [ -72.4893352, 45.0078195, 643.09765625 ], [ -72.4892709, 45.0078366, 642.19921875 ], [ -72.4892199, 45.0078726, 641.296875 ], [ -72.4891073, 45.0078688, 640.59765625 ], [ -72.488899, 45.007926, 637.69921875 ], [ -72.488781, 45.007974, 635.8984375 ], [ -72.4886701, 45.0079769, 634.8984375 ], [ -72.488603, 45.008011, 634.3984375 ], [ -72.4885815, 45.0080622, 634.09765625 ], [ -72.4885789, 45.0081172, 633.796875 ], [ -72.488544, 45.0081703, 634.09765625 ], [ -72.4885091, 45.0082215, 634.19921875 ], [ -72.4885172, 45.008267, 633.3984375 ], [ -72.4885333, 45.0083125, 632.69921875 ], [ -72.4885199, 45.008358, 632.296875 ], [ -72.4884769, 45.0083846, 632.796875 ], [ -72.4884045, 45.0084055, 634.09765625 ], [ -72.4883053, 45.0084358, 635.3984375 ], [ -72.4882194, 45.0085003, 635.19921875 ], [ -72.488202, 45.0085666, 633.796875 ], [ -72.4881953, 45.0086008, 633.19921875 ], [ -72.4882482, 45.0086505, 631.796875 ] ] } }
]
}
